screenName,location
"0000want","Japan"
"000789_rin","Japan"
"0008luna","Singapore"
"000isakuuta000","Japan"
"001ayun","Thailand"
"002sindirella","Turkey"
"007jbteslam3lr1","Japan"
"00kamiusagi","Japan"
"00seccom","Hong Kong"
"0101sgymknt","Japan"
"010zaj","Hong Kong"
"0111_tsubaki","Japan"
"0115con","Japan"
"0127jdanya","Japan"
"01_chan","Japan"
"01dogeai","Japan"
"020624at","Japan"
"0214shimaken","Japan"
"0219s_","Hong Kong"
"021_cbononi","Brazil"
"0222smilesachi","Japan"
"0223right","Japan"
"022tii","Japan"
"02_ren_ren_01","Japan"
"02k_n07","Japan"
"02poison0123","Japan"
"02robe7rtzachar","Brazil"
"02surume","Japan"
"0308uo","Japan"
"030_boo","Korea"
"03150503riku","Japan"
"0321takai","Japan"
"03kata_","Japan"
"0427smtieshou","United States"
"042syoha","Brazil"
"0509ld","Hong Kong"
"050yingyingguai","Netherlands"
"0516ssuzuki","Japan"
"052_kr","Korea"
"056784311l","Hong Kong"
"06060801_0415","East Asia"
"0610pp","Japan"
"0612101o","Japan"
"0720my__","Japan"
"0768k1","United States"
"07lovemax01","Japan"
"0806shiopi","Japan"
"0831ddss","Korea"
"084roque","Hong Kong"
"09101112ax","Japan"
"0914shogo","Japan"
"0924_yucha","Japan"
"0925mayuoki","Japan"
"0936_sukagawa","Japan"
"09kamiyamiya04","Japan"
"09takataka11","Japan"
"0_1013x","Japan"
"0_20910_","Japan"
"0_oyy9","Japan"
"0_pmh_3","Japan"
"0b0ksu","East Asia"
"0b_r_u0","France"
"0cc1v4","Japan"
"0ch9bzpkgfb6p8w","Japan"
"0coffee_milk_0","Japan"
"0cvzhb0p6m87623","Singapore"
"0g4l0","Nigeria"
"0i00j_","Yemen"
"0io5hle8gkg7xbk","Taiwan"
"0juuzou","United States"
"0krm0","Japan"
"0light_darkness","Japan"
"0lmgmedambqz2ea","Japan"
"0loverf","Japan"
"0ltoffe","Korea"
"0m0m_st","Japan"
"0m4hu","Japan"
"0mniscientus","Georgia"
"0momochimo0","Japan"
"0n_n00","Japan"
"0njckxpc1xgdar2","Japan"
"0nly1yearn","Korea"
"0nly_aku","Korea"
"0olh3sl447iy35r","East Asia"
"0one2luvme","Korea"
"0oo0o0o___","Korea"
"0opif8yrihhandc","Japan"
"0otrevo0","United States"
"0ozl5dpmzwuop7b","Japan"
"0p06zyjqjqtc4wv","Japan"
"0s1a2t3o4","Japan"
"0ua8peaa3637446","Japan"
"0v0_aurora","Hong Kong"
"0v2n8hatp739588","United States"
"0vx888","Hong Kong"
"0x0frank","Japan"
"0x1000xed","Japan"
"0x10me","Singapore"
"0x1b6666","Hong Kong"
"0x2222_","Hong Kong"
"0x4096","Hong Kong"
"0x500k","Netherlands"
"0x5168","Hong Kong"
"0x555c","Europe"
"0x6099","Hong Kong"
"0x664_","Japan"
"0x88ffa357","North America"
"0x8bitly","Viet Nam"
"0x99dada","Malaysia"
"0x_4444","Hong Kong"
"0x_adong","United States"
"0x_azuki1","Pakistan"
"0x_cryptohunter","Israel"
"0x_dcgbb","Hong Kong"
"0x_huff","United States"
"0x_info","East Asia"
"0x_jester","Switzerland"
"0x_joannaweb3","Japan"
"0x_juccy","Europe"
"0x_legio","Romania"
"0x_ligo","South Asia"
"0x_lydia","Indonesia"
"0x_m1a","Hong Kong"
"0x_northland","Japan"
"0x_rem_","United States"
"0x_sultan26","Bangladesh"
"0x_tetto","Korea"
"0x_thesonofluck","Taiwan"
"0x_weihang","East Asia"
"0x_will3","Singapore"
"0x_xifeng","East Asia"
"0x_y_y","Indonesia"
"0xaa_science","East Asia"
"0xahhang","Singapore"
"0xaishi","Korea"
"0xajc","United States"
"0xalgostrats","Hong Kong"
"0xallen","Hong Kong"
"0xallen69","Hong Kong"
"0xandytin","Hong Kong"
"0xanonnnn","United States"
"0xarisuniverse","United States"
"0xarthursnow","Taiwan"
"0xarthurzs","Hong Kong"
"0xastra","Hong Kong"
"0xaurskyo","Korea"
"0xawansmith","Japan"
"0xazathoth_","Japan"
"0xbaodi","United States"
"0xbice","Spain"
"0xbingkuai","United States"
"0xbinray","Hong Kong"
"0xbitalk","United States"
"0xbiying","Hong Kong"
"0xblank1u","Hong Kong"
"0xboltpilot","Europe"
"0xbppppp","Singapore"
"0xbraw","Viet Nam"
"0xcarl_","Hong Kong"
"0xchal","East Asia"
"0xchangan","Korea"
"0xchaoer","Hong Kong"
"0xchenlaoshi","North America"
"0xcherry","Hong Kong"
"0xcheshire","Japan"
"0xchhh","East Asia"
"0xchirontek","Hong Kong"
"0xchrishen","United States"
"0xchubai","Japan"
"0xcoinwhale","Switzerland"
"0xcorth","Nigeria"
"0xcpt_capital","Japan"
"0xcrazybxe","Singapore"
"0xcrazzzy","Australia"
"0xcryptohoward","North America"
"0xcurry","Viet Nam"
"0xdabaojian","United States"
"0xdahua","Hong Kong"
"0xdanmo","Japan"
"0xdanxbt","West Asia"
"0xdefinance","Singapore"
"0xdemoo","Hong Kong"
"0xdiyaaa","United States"
"0xdondondon","Malaysia"
"0xdoran_nft","Southeast Asia"
"0xdouble77","Japan"
"0xethan666","Hong Kong"
"0xethanh","Hong Kong"
"0xeveld6","Taiwan"
"0xexx","East Asia"
"0xfablo","West Asia"
"0xfacairiji","Hong Kong"
"0xfeng","United States"
"0xfinish","Europe"
"0xfinwizz","France"
"0xfiro","Germany"
"0xfrankyun","Hong Kong"
"0xfufu_d667","Macao"
"0xg_dragon","Viet Nam"
"0xgali_btc","Singapore"
"0xgenffy","Japan"
"0xggbond66","Southeast Asia"
"0xgoku_eth","Colombia"
"0xgoodtc","East Asia"
"0xhaley_","Viet Nam"
"0xhanchan","Hong Kong"
"0xhelen1018","Japan"
"0xhiger","Taiwan"
"0xhonor","East Asia"
"0xhugoyyh","Hong Kong"
"0xhui888","East Asia"
"0xianyan","United States"
"0xinchain","Hong Kong"
"0xinfini","Hong Kong"
"0xjack_btc","Singapore"
"0xjallo","Viet Nam"
"0xjamesxxx","Hong Kong"
"0xjason","Korea"
"0xjelly","Hong Kong"
"0xjerrychencn","Hong Kong"
"0xjiyang","Hong Kong"
"0xjojo666","North America"
"0xjony","United States"
"0xjuly888","Japan"
"0xjunkdogg","Japan"
"0xkakarot888","United States"
"0xkenja","Africa"
"0xkenzosan","North America"
"0xkevin00","Japan"
"0xkingskuan","Malaysia"
"0xkingslanding","Hong Kong"
"0xkiona","Hong Kong"
"0xkiyuki","Taiwan"
"0xkkjordan","Singapore"
"0xkoclub","Hong Kong"
"0xkuncai","East Asia"
"0xkyne","Taiwan"
"0xl1maxi","South Asia"
"0xlaofashi","Hong Kong"
"0xldb","United States"
"0xleff","United States"
"0xlenx","France"
"0xleoalpha","United States"
"0xlige","Hong Kong"
"0xlihthooi","Viet Nam"
"0xlin88","Hong Kong"
"0xlinehigher","United States"
"0xloki_zeng","Spain"
"0xlove428888","Hong Kong"
"0xluckyhu","Japan"
"0xluffy_eth","Singapore"
"0xmagiclulu","Japan"
"0xmanyuemei","Hong Kong"
"0xmaomaomm","Hong Kong"
"0xmaoxiong","Japan"
"0xmaruko","East Asia"
"0xmasakix0","Japan"
"0xmasiwei","Hong Kong"
"0xmasterwdi","Indonesia"
"0xmayyy","Malaysia"
"0xmcdonald","Hong Kong"
"0xmediaco","Singapore"
"0xmelody99","United States"
"0xmendal","Hong Kong"
"0xmerp","North America"
"0xmiao2030","Taiwan"
"0xmiasg","United States"
"0xmightyhopium","Europe"
"0xmiladymm","France"
"0xmilkrabbit","Taiwan"
"0xmim9","South Asia"
"0xmoon","Hong Kong"
"0xmosen","United States"
"0xmotis","Japan"
"0xn1o_cheese","Taiwan"
"0xnancyshi","Hong Kong"
"0xnathan","Southeast Asia"
"0xnickelfinn","Africa"
"0xningice","Singapore"
"0xnonona","Hong Kong"
"0xnuoya","Japan"
"0xoar","Hong Kong"
"0xokxboost","United States"
"0xola_web3","Nigeria"
"0xouyk","United States"
"0xpandawhat","Japan"
"0xpeas","Hong Kong"
"0xphilo","Hong Kong"
"0xphoenix00","Taiwan"
"0xpink3","Japan"
"0xpizi","Southeast Asia"
"0xpsyche1","United States"
"0xqing_crypto","Hong Kong"
"0xqiubite","East Asia"
"0xqiyan","Estonia"
"0xrage03","Hong Kong"
"0xrandd_8","Hong Kong"
"0xrezovsky","Southeast Asia"
"0xrickyyao","Hong Kong"
"0xriroyal","Bangladesh"
"0xrongyi","Japan"
"0xruai","Taiwan"
"0xrunkan","Korea"
"0xryanmm","Nigeria"
"0xryanwynn","Southeast Asia"
"0xsamsing","United States"
"0xscorch","Viet Nam"
"0xscottbtc","Japan"
"0xsea63","United States"
"0xsergius","Viet Nam"
"0xsexybanana","Hong Kong"
"0xshengchen","Hong Kong"
"0xshimei","United States"
"0xshin0310","Japan"
"0xsilver_time","Japan"
"0xskd132120","Japan"
"0xsneakpig","Hong Kong"
"0xsol985","Japan"
"0xsolax","East Asia"
"0xsolcurity","United States"
"0xsomed","Bangladesh"
"0xsong_77","Japan"
"0xsongguo","United Kingdom"
"0xstarsai","Hong Kong"
"0xstudy","Japan"
"0xsunny_eth","Japan"
"0xsyvra","South Asia"
"0xt7ink","United States"
"0xtheo520","Japan"
"0xtimovo","Japan"
"0xtoberry","Africa"
"0xtodd","Singapore"
"0xtykoo","Japan"
"0xtyler26","Japan"
"0xtz_defi","Singapore"
"0xverybigorange","United Kingdom"
"0xweb3cherry","Singapore"
"0xweiqigaoshou","East Asia"
"0xwenblock","Taiwan"
"0xwhoismax","Europe"
"0xwilliameth","Hong Kong"
"0xxiaoc","Japan"
"0xxiaoliang","United States"
"0xxiaoxiong","United States"
"0xxingmemecion","Hong Kong"
"0xxiuran","Hong Kong"
"0xxjun","Southeast Asia"
"0xyefz","Hong Kong"
"0xyeye_","Taiwan"
"0xyi666","Hong Kong"
"0xyilai","East Asia"
"0xyouyu","United States"
"0xyukaz","Hong Kong"
"0xzhaozhao","East Asia"
"0xzheng888","Hong Kong"
"0xzhizhi","Singapore"
"0xziye","Singapore"
"0xzlato","United States"
"0xzxcom","Hong Kong"
"0xzzb","East Asia"
"0z2pc1iec096987","Japan"
"0zwn1","Korea"
"10000bok_","Korea"
"1000xgemxcoin","Hong Kong"
"1000xsecurity","Singapore"
"100115_sakuya","Japan"
"1001pis","Japan"
"10086110x","East Asia"
"10086da","Singapore"
"100bvikings","Japan"
"100manbird","Japan"
"100re_hym","Japan"
"1024devhub","United States"
"1024dg","Taiwan"
"102official30","Japan"
"1031mibro","Japan"
"1039new","Thailand"
"103kunnn","Japan"
"1045tfc","Japan"
"105forzzh","Hong Kong"
"10__manutd","Hong Kong"
"10cubedz","Japan"
"10matchan","East Asia"
"10o01shiro","East Asia"
"10tfea","East Asia"
"10tikrex","Nigeria"
"10ttruck","Japan"
"10xmylife","United States"
"1111dm_1111","Japan"
"1117roooo","Japan"
"1118molly","China"
"1119x1012","East Asia"
"1147kuwa","Japan"
"1192kmkr1185","Japan"
"11crf","Brazil"
"11dizhu","Hong Kong"
"11nex6rkqlee7qe","Japan"
"11teacher","Japan"
"120809gallery","Southeast Asia"
"1209nmln","Japan"
"1212brujita","Hong Kong"
"1212u622","Japan"
"122362fu","Viet Nam"
"1226017045foggy","Singapore"
"122699seastory","Japan"
"123997080tiger","Korea"
"123imwkr9a35462","Japan"
"123ng18","Japan"
"123olp","Singapore"
"123vmb","Pakistan"
"1242315s","Japan"
"12itsu05","Japan"
"12mik_15","Japan"
"12o5_min","Japan"
"12oooo20krkrrrr","Japan"
"12uby_","Japan"
"12wrs34","Japan"
"1325ll","France"
"132dokorosakawa","Japan"
"1337ezis","Japan"
"1377067106qq","Australasia"
"1385tomio","Japan"
"13aaann","Viet Nam"
"13oy2xk72z44431","Japan"
"13renov","Japan"
"143_tiffy","United States"
"145ryu","Japan"
"14no10","Japan"
"14nop_un","Japan"
"14t1c","Korea"
"1554sonia","United Kingdom"
"15753173078cmm","China"
"15833431843q","United States"
"158cm3t","Japan"
"15_16_128_129","Japan"
"15_rn28","Japan"
"15cqnxi","Japan"
"15mlbz","Japan"
"15yosuperstar","Japan"
"1600lucy","Japan"
"160809eth","China"
"164t215703","Japan"
"168x_fortune","East Asia"
"16aries_","Taiwan"
"16m9uiwzdwyfoib","Korea"
"16nunuedn____","Japan"
"16you161","Japan"
"17069501suzu","Japan"
"171233o","Korea"
"17ariemed","Lebanon"
"17f8863f45eb484","Uganda"
"17g9g","Japan"
"17jjlb","United Kingdom"
"17nd47","Japan"
"17nuun","Singapore"
"17ohi7","Japan"
"17xx80","Taiwan"
"1827mikiya","Japan"
"18483683697q","Japan"
"186cm180cm","Korea"
"188fake","Korea"
"18_1237","Japan"
"18wangex","Hong Kong"
"1909x0706fess","Indonesia"
"1963rosario","Italy"
"1964_miyuki","Japan"
"19750212tsuka","Japan"
"1980daichi0805","Japan"
"1987_tsla","Korea"
"198964zyn0622","North America"
"1990_louise","Oman"
"1991_saku","Japan"
"19960702ws","Hong Kong"
"1998dobunezumii","Japan"
"1999_eth","Japan"
"19l67","Jordan"
"1_john_4_16","Poland"
"1_love_gl","Korea"
"1a17764516","Viet Nam"
"1b_104_","Japan"
"1baby_christian","Kenya"
"1bdbsuff","United States"
"1btc_huang","Japan"
"1c0n1ca1","East Asia"
"1c3_39","East Asia"
"1ckum","Hong Kong"
"1cryptobandit","Eastern Europe (Non-EU)"
"1ctdmmbp1dxk4n3","Japan"
"1d6iy1ohvugxawc","United States"
"1do1y9","Korea"
"1drizz","Nigeria"
"1efthre","Indonesia"
"1enql","Turkey"
"1f1iymxezbllbzt","Japan"
"1fuckumask","Japan"
"1fullx","Japan"
"1gedahetao","Japan"
"1hakeemjrr","Nigeria"
"1igwq6zoxh91995","Japan"
"1inchchinese","Hong Kong"
"1ipyximf70locmn","Japan"
"1jfq2y97qwy48ho","Japan"
"1jotayd79kmgqzq","United States"
"1kartikkabadi1","South Asia"
"1laughmaster","Hong Kong"
"1melayhearteyes","Argentina"
"1mellyrene","United States"
"1nedonfx","United States"
"1nenrogumi","Japan"
"1nickyx","Brazil"
"1o_rihi9i","Japan"
"1oveearchive","Korea"
"1q_monster","Taiwan"
"1retsu_hikimasu","Japan"
"1rjfinnegan","Canada"
"1s8964","Germany"
"1saman1368","Germany"
"1shenyingheisou","United States"
"1sonweb3","Viet Nam"
"1soufclay","United States"
"1tatpung","Japan"
"1thiaguera","Brazil"
"1tmgus","Argentina"
"1uutim","Hong Kong"
"1ven9q","Japan"
"1w11110v3y0u","Korea"
"1wan_inu","Japan"
"1wintoken","Europe"
"1yes_yes1","Japan"
"1yi17","Singapore"
"1zyawcxssr42783","Japan"
"2000stockmaster","United States"
"2001taiger","Japan"
"20050310_y13a","Japan"
"2008610tf","United States"
"200jmz10ll","United Arab Emirates"
"20100305s","Korea"
"2011alejandra13","Viet Nam"
"2011yukino","Japan"
"2013_dzyuba","Hong Kong"
"2013_fu_fu","Japan"
"2016kuu","Japan"
"2020virusccp","United States"
"2023damei","China"
"2024macbookpro","Hong Kong"
"20251002a","Japan"
"2026_tcc","Korea"
"2026mkuang","Taiwan"
"2026oshinetwaku","Japan"
"2026reboot","Japan"
"202drowing","Korea"
"2030mirai","Japan"
"2038277897zheng","North America"
"204kgl","Hong Kong"
"2091996981snow","Argentina"
"20fumfum19","Japan"
"20love7","United Kingdom"
"20uo2","Netherlands"
"212115hakusin","Japan"
"214lupita","Viet Nam"
"21_keo","Japan"
"21houmukyokumae","Japan"
"221012windrye","China"
"2298","Hong Kong"
"22eeeee_","Korea"
"2377650315lgd","Japan"
"23andreat","Singapore"
"23nnt_","Japan"
"23nomiresatras","Ecuador"
"23tpst04hwa","Japan"
"241077v","Colombia"
"2423_pop","Japan"
"2424mcmc","Japan"
"247celebri","Nigeria"
"2480nagis","Japan"
"24_7ruchincep","Japan"
"24h_algerie","Algeria"
"24kani3","Japan"
"24kimbo","United States"
"24light___","Taiwan"
"24x_piece","Indonesia"
"251111___","Korea"
"2525totoroom","Japan"
"252rvx","Japan"
"254863651236a","Japan"
"258chi","Japan"
"25_79s297","Japan"
"25_trhk_x","Japan"
"25rose_t","Japan"
"271k_only","Europe"
"27watari","Japan"
"287028228q53916","Japan"
"28trhk27","Japan"
"29rivinha","Brazil"
"29v09","Japan"
"2_7t0","Japan"
"2_8hhtt","Japan"
"2acty9042hpddmm","Japan"
"2bchannel2019","Japan"
"2cany4","Japan"
"2cbkzmolox34267","Japan"
"2eieie00","Korea"
"2eung_2eung2","Korea"
"2fe4bf","Japan"
"2funa_awamizu","Japan"
"2gland_","Japan"
"2heig","Hong Kong"
"2hop290_only777","Japan"
"2hq3bpccvp20601","Japan"
"2kdkjqasesjtdxv","Hong Kong"
"2ksvknaafn41","East Asia"
"2kzdzwfvthq0rg1","Japan"
"2lf1oraouvvq0ur","Japan"
"2lj1473","Taiwan"
"2mar2022","Canada"
"2mii_torihiki29","Japan"
"2mrpc","Turkey"
"2n_c22","Japan"
"2ndhitsuji","Japan"
"2nnt_ml","Japan"
"2p25miri","Japan"
"2principles","Spain"
"2ptsuruppi","Japan"
"2pyx0bupvx06quf","Japan"
"2slzvsvretbh1rx","China"
"2suah_","Korea"
"2t_trhk","Japan"
"2teevinnie","Brazil"
"2u_sucre__0zr","Japan"
"2ugvjfccjux2wze","Taiwan"
"2uqm0nwwiiwoi0g","Japan"
"2wasurenagusa1","Japan"
"2winkyh","Korea"
"3018107","Japan"
"301_9167","United States"
"312z5cvgus3utje","Japan"
"31404kn","Japan"
"315_tby","Japan"
"317_kao","Japan"
"320__123kz","Japan"
"325_mlm","Japan"
"3282804173blue","Hong Kong"
"328sh_","Japan"
"3290_chugoku","Japan"
"32manb","Hong Kong"
"3331911eat","Singapore"
"33333sc","East Asia"
"3333yyds","Hong Kong"
"3355999dddd","Hong Kong"
"33daoweb3","Japan"
"33xxmn","Hong Kong"
"343040045kelsey","China"
"343425asi","Korea"
"344_tr","Japan"
"3532837960r","China"
"35588469qq59169","China"
"3596281252_g5","Taiwan"
"3596675596com","Singapore"
"35kawaiiprpr","Japan"
"363xa","Japan"
"365_rina","Korea"
"365systemeng","Japan"
"36pnj","Japan"
"373___tore","Japan"
"37mushio37","Japan"
"3803masa","Japan"
"38miya819","Japan"
"391okami","Japan"
"3939138","Japan"
"39_7r4d3","Japan"
"39kmlrazrsiusqk","Japan"
"39ragi_ramon","Japan"
"3_7_5_6_su_yes","Japan"
"3a__me","Japan"
"3a_crypto","Hong Kong"
"3aspiristin5","Taiwan"
"3cat_brothers","Japan"
"3dudux","Kenya"
"3e1diei0_oi7y","Viet Nam"
"3ethtomoon","Japan"
"3evvkqf9mqha08j","Japan"
"3f3c8b","Korea"
"3heeeeee","Japan"
"3ichae7","United States"
"3imu_zeta39","East Asia"
"3iofficial","Japan"
"3k3ro","United States"
"3lilysugar","Japan"
"3line_news7","Japan"
"3ln27bk","Japan"
"3lo5z","Japan"
"3lstay","United States"
"3nandemo_soudan","Japan"
"3noke5htdu24488","Japan"
"3nyx4","Japan"
"3o5__kn","Japan"
"3oxzkz6vdhag2vl","Japan"
"3qgbk1","United States"
"3rastasxblowjob","Argentina"
"3rvf7ngiiuolub4","Japan"
"3trinaporterqd7","Canada"
"3vjh2o4ffy90027","Japan"
"3wt02","East Asia"
"3x6pei2oe468725","Japan"
"3y3s81bitone20","Japan"
"404___h","Japan"
"404ant16449","United States"
"404jsh","Singapore"
"404nocoriander","Hong Kong"
"407xyz407","Korea"
"40lottielou","Germany"
"4111y80y","East Asia"
"418__nyan","Japan"
"420710og","Japan"
"428nbk","Japan"
"42__han","Japan"
"42cera","Japan"
"42vfawbipuqxdqv","Japan"
"4307lee","United States"
"435hz","United States"
"4399network","Hong Kong"
"440mine","Japan"
"44441034","United States"
"444mahrysz","South America"
"44mac16","Hong Kong"
"4510marche","Japan"
"463_shrm","Japan"
"466anan","Hong Kong"
"47_goodfriend","Japan"
"49w94829r829292","Korea"
"4_leaf_clover4","Japan"
"4_t_f_","Kenya"
"4apjjoorjoqy8ws","Japan"
"4bbbq","Jordan"
"4ce","United States"
"4chenmirascott","United States"
"4ddpxefoio48231","Singapore"
"4djqy8ida931793","Japan"
"4everutopia","Japan"
"4gu8m","Canada"
"4iiro1126","Japan"
"4jukataitai","Japan"
"4kkkk44","Taiwan"
"4kn5sf","Korea"
"4ktitties","Brazil"
"4ktreyyx","Nigeria"
"4kwqgb","West Asia"
"4lili_lili4","United States"
"4lyricz","Hong Kong"
"4nhghemtvq81094","Hong Kong"
"4o9_love","Japan"
"4omtb1k4iyje9xs","Hong Kong"
"4ppk2jrbn5gdmxw","Japan"
"4pr1c0t_r","Korea"
"4r0fipxko4ufzzp","Egypt"
"4ss4s4ss4","Korea"
"4ta0fafiro73793","United States"
"4ured241","Korea"
"4vqp78h8hf80608","Japan"
"4wa_yu2","Japan"
"4yuying","Taiwan"
"5050recordlabel","United States"
"50fo3","North America"
"50lifephile","Japan"
"5108192_iceshi","Japan"
"51cavu","China"
"51hhxxttxsxt","Southeast Asia"
"51ichirosan","Japan"
"51paper","United States"
"521tik","Hong Kong"
"523pf","Japan"
"524_konishi","Japan"
"52914yuri","Japan"
"53uf3lay6t2106","Japan"
"54g4r4_lim914","Japan"
"55555_tower","East Asia"
"555thru14","Africa"
"5566happylife","China"
"55hawks","Japan"
"55punch5","Japan"
"566svera","Hong Kong"
"56_s__","Japan"
"56mandala","Japan"
"57173574_2","Japan"
"578958027","United States"
"595i_","China"
"5ad16alcdgicfre","Japan"
"5b_w8","Japan"
"5ctrent5","United Kingdom"
"5ff8hb","Africa"
"5hg2itmdnxxnolk","Malaysia"
"5hvw6igvpx9419","Japan"
"5idkcfbndijrvi4","Japan"
"5iysb2l0jhoxck7","Japan"
"5kavlfayzi6beyo","Japan"
"5lujyitjha20758","East Asia"
"5njrwdbvacm79wq","Japan"
"5ozmp","Southeast Asia"
"5reclover","Malaysia"
"5snh6srcxf75355","Japan"
"5solas","United States"
"5starwiser","Canada"
"5t3uibnrp8alttj","Japan"
"5taafzezpkrjvim","Japan"
"5x5queue","United States"
"5xpuao4ibs4jrjr","Korea"
"5yhtpo","Japan"
"6032ky","Korea"
"60phoenix051","Japan"
"612ceros","Viet Nam"
"6236so","United States"
"62qoe","Netherlands"
"64ubn5hh26e3azt","Japan"
"64uoujt0hz4zirj","Japan"
"665162","Japan"
"666888freedom","Japan"
"666_5486","Japan"
"666loneranger","United States"
"666php","North America"
"666reflection","Japan"
"6680232si","Japan"
"69wlqd","Korea"
"6__sp","Japan"
"6_eared","East Asia"
"6_hnh_a","Japan"
"6_mina53","Japan"
"6ajcetic","Japan"
"6bpcn","Japan"
"6cosmelog_s2","Japan"
"6de_dian","Canada"
"6dksreght2qgfxh","United States"
"6eufqmlc7dmqeuq","United States"
"6gold9_420","Taiwan"
"6kntf5","Japan"
"6mm_zh","Singapore"
"6nachu6","Japan"
"6p5v67ptewmyxob","East Asia"
"6pyaj4tmza2jlva","Hong Kong"
"6pzigqigwtlqdfo","Japan"
"6qtk0egmaf36571","Japan"
"6rdhzx2","East Asia"
"6san_gc","Japan"
"6syig9twasalrhk","Japan"
"6tdjylxmgzt3du2","Hong Kong"
"6whisk9y","Japan"
"6yhisr","Japan"
"6zwjv1dspzunr95","Japan"
"700mol","Canada"
"707qltl1or69629","United States"
"70sbqadmi579936","Hong Kong"
"70seven_qi","Hong Kong"
"711sej","Japan"
"714_trihiki","Japan"
"725h0ttt","Hong Kong"
"72hikaru2355","Japan"
"73ps_","India"
"74n9y3","Singapore"
"764mike","United States"
"7758258xue","China"
"7777chu","Japan"
"777satoh777","Japan"
"7788999999h","Hong Kong"
"77_sirokuma","Japan"
"77eok_","Korea"
"77kristt","Australia"
"78as6jax5k3zg2k","Japan"
"798145343h","Hong Kong"
"7998l201","Taiwan"
"79smile41","East Asia"
"7_space_","Japan"
"7aq4qdarp920759","Japan"
"7aqf80","Japan"
"7b9ihepkfhsedbv","Japan"
"7catshitone","Japan"
"7dog8674","Korea"
"7dwydaqi","Japan"
"7edenn","Italy"
"7eoquc","Korea"
"7for3for9","Kenya"
"7hzky","Korea"
"7ini4ttt8gsfcmr","Japan"
"7k_n12m","Japan"
"7k_qys","Australia"
"7kb0lg4ktp93793","Japan"
"7l889ss","Pakistan"
"7mshp","Yemen"
"7ncus","Japan"
"7no_n1","East Asia"
"7obe0l2xudlywme","Japan"
"7ooooj","Turkey"
"7point_lesbian_","Korea"
"7princess_maria","Japan"
"7qcdpldngx","Korea"
"7sesn_","Japan"
"7tfd7zfxz0de276","Japan"
"7thetimmy7","Nigeria"
"7twuvqlljzdojr2","Japan"
"7wa0t","Netherlands"
"7warroom","Europe"
"7xa9zqbvmf87617","United States"
"7xbeck","Brazil"
"7zcjl5nftahfd6v","Japan"
"7znv478zu8tnswj","Japan"
"819bonnie","Japan"
"81cm8phba6jzvl5","Japan"
"8233kwaidan","Japan"
"82_m0ca","Japan"
"833ucdrvrd44746","Japan"
"8546_me","East Asia"
"8635kou","Japan"
"863961613","Japan"
"8689c3_w","Japan"
"86user46","Japan"
"8729536de","Hong Kong"
"87ohanabatake","Japan"
"888888zyw","East Asia"
"8888takashi8888","Japan"
"88chansk","Japan"
"88q900","West Asia"
"88ssizz88","Japan"
"894882837qqcom","Hong Kong"
"8964allsin","Taiwan"
"8964tiananmens","Japan"
"896orange","East Asia"
"89mo_gdbb_","Japan"
"8_goyoui","Japan"
"8_ichiya","Japan"
"8aq2sxx2f660526","United States"
"8b8rvwyy0ymbmj7","Hong Kong"
"8baby88888","Hong Kong"
"8bvqoti5nwzybm9","Hong Kong"
"8clww6t5qjotomx","United States"
"8eoxy","Japan"
"8erreww","United States"
"8ey3rzmn2k78200","Taiwan"
"8hokuro8","Japan"
"8josf7hlnr4srbl","United States"
"8jpdjsdnlscre7u","Japan"
"8letterwords","Nigeria"
"8lshdkm","Japan"
"8lzt8","Japan"
"8mutian7po","Hong Kong"
"8nle0inun8ro5wn","Japan"
"8nue93ftwzvjrdv","Japan"
"8ocnpjtvce11158","Japan"
"8p5isljp3leucvo","Japan"
"8psspkmizpgauag","Hong Kong"
"8rmhmx8t4b88058","East Asia"
"8ru25love","Japan"
"8vpkhi","Taiwan"
"8w0ms16fl675714","Korea"
"8w8__0318","Korea"
"8wa0ll","Japan"
"8xwxk","United States"
"901_repeat","Korea"
"905831632_hans","Singapore"
"90hpf","Japan"
"9118liwei","Hong Kong"
"911_991_1tokyo","Japan"
"911_eth","Hong Kong"
"91amancio","Brazil"
"91euodcuxr69331","Japan"
"921basmatirice","India"
"9229y","Japan"
"930_eyl","Korea"
"935_kohaku","Japan"
"94cho94134","Taiwan"
"956b7e238b61670","Viet Nam"
"9599_trueee","Korea"
"95endless_rain","Hong Kong"
"95yukinman_12","Japan"
"960_black2","Japan"
"96inusan","Japan"
"96rinm","Japan"
"970426com","United States"
"9777r","North Africa"
"979293861chen","United States"
"97gnab","Japan"
"9802l9_","Korea"
"980nemui","Japan"
"98oog","Taiwan"
"992201","Japan"
"995995king","Japan"
"9_vdp","Japan"
"9abbbba_","Korea"
"9aymmi","Korea"
"9b4d421d684d4e2","United States"
"9bfzaufwmk33849","Japan"
"9ececo","Hong Kong"
"9ffocldud92m69i","United States"
"9hlvckz4rx47m77","China"
"9iu4c","Japan"
"9ksvzucbvy2pk2r","Singapore"
"9kzdjlyj3hkjw4h","China"
"9lica_fourtune","Japan"
"9okup","Japan"
"9q9q_q9q9","Japan"
"9sgpn0m37o27834","Japan"
"9t4coplpog73nla","Japan"
"9togmfdcqiu8fif","Japan"
"9virtualreality","Japan"
"9vk0mgy","Japan"
"9x3shg","Turkey"
"_00012340","Japan"
"_081203_","Hong Kong"
"_220_777","Japan"
"_29ea","Korea"
"_38qmz","Japan"
"_5the4thbwizu","Japan"
"_64_64_128","Japan"
"_7mng","Japan"
"_7o5i","Japan"
"_7yxnq","East Asia"
"_819rinrin","Japan"
"_8800eth","Switzerland"
"_8gya","Korea"
"_8i33","West Asia"
"__181211","Japan"
"_____agehasera","Japan"
"_____candydoll","Japan"
"_____choi88","Japan"
"_____dewtree","Japan"
"_____gn_sw_","Japan"
"_____got7_","Turkey"
"_____ia_1449","Japan"
"_____mo315","Japan"
"_____wcat07","Japan"
"____verde","Japan"
"___lomx","Japan"
"___mii33","Japan"
"___milky8888","Japan"
"___ohno6","Japan"
"___pleasebetrue","Canada"
"___sachiare89","Japan"
"___x_1","Japan"
"__adarshthakur_","India"
"__akomolto127","Japan"
"__aliver","East Asia"
"__aneef","Nigeria"
"__b_e_m__","Korea"
"__babyzz","East Asia"
"__blueran","Korea"
"__bobu","Japan"
"__chis2__","Korea"
"__dynamachans","Japan"
"__fanatic_","India"
"__fanqie__","Hong Kong"
"__hy__s","Korea"
"__inty__","United States"
"__jlio6t","Japan"
"__keegan__","United States"
"__kt94luv__","Japan"
"__kutluk","Canada"
"__marie_25","Japan"
"__minnx","Japan"
"__miy__","Japan"
"__msxx4s","Japan"
"__otorihik","Japan"
"__pon2maru","Japan"
"__potato__girl_","Japan"
"__raj_1","South Asia"
"__re99n","Japan"
"__riii1224s","Japan"
"__s1220","Japan"
"__setagaya","Japan"
"__soragoto__","Japan"
"__sunshiine1","Saudi Arabia"
"__uikee","Japan"
"__user1201","Japan"
"__vitusa","Brazil"
"__x_xwx_x__","Japan"
"__xtrhk6","Japan"
"__yotuyu","Japan"
"__yt_copi","Japan"
"__z__y__x__","Japan"
"_a_wing","Hong Kong"
"_asmuchasmelike","Japan"
"_ayaka1120","Japan"
"_azrstori_v2","Philippines"
"_bitcool_","United States"
"_blinkblink__","Japan"
"_blossomx_","Spain"
"_catlin_marie_","United States"
"_chata2_","Japan"
"_corolla1274","Japan"
"_crypto777","Taiwan"
"_culacc1no_","Japan"
"_cyberspider","Japan"
"_daiishu_","Argentina"
"_darae_","Korea"
"_dewak","Cameroon"
"_docearlequinna","Brazil"
"_dogegod_","Southeast Asia"
"_dreyco","Africa"
"_dyson_sphere_","United Kingdom"
"_earesu","Japan"
"_emuemusan","Japan"
"_endless_l0ve_","Japan"
"_euzve","Korea"
"_feli_19","Africa"
"_forab","Japan"
"_forever_29_","Canada"
"_franciscoreal","Brazil"
"_fujikur","United States"
"_genesissystems","United States"
"_gonggi_","Korea"
"_grapevinefine","United States"
"_gray_dust_","United Kingdom"
"_ha_torihiki_","Japan"
"_hae_dd","Korea"
"_haroonbabar_","South Africa"
"_haruna01","Korea"
"_heewol_","Korea"
"_hollymclain","Spain"
"_iamfahim_","Pakistan"
"_iamhabeeb","Nigeria"
"_iamlougotti","United States"
"_in_the_water","Korea"
"_inception_ai","United States"
"_j0hn_smith_","Japan"
"_jagae_","Korea"
"_jinlaby","East Asia"
"_john_harley_","Netherlands"
"_joshideas","South America"
"_jrmnnnn","Japan"
"_k__a_e_d__e_","Japan"
"_kaichen","United States"
"_kaipi22","Japan"
"_kampalasfinest","Uganda"
"_kanaka717_","Japan"
"_karinasab","Japan"
"_kelide","Nigeria"
"_konpinyan","Japan"
"_kr_us","Japan"
"_kyo96","Japan"
"_l07pyoon","Japan"
"_l202nyan","Japan"
"_lifeofacityboy","Nigeria"
"_llei45","Japan"
"_llr4x","Japan"
"_lmnzxc","Japan"
"_lntoyou","Japan"
"_lqoo8","Japan"
"_lrugxd97","Japan"
"_luckyj888","Japan"
"_m4nhattan","Korea"
"_m__725","Japan"
"_madoma_","Japan"
"_magicalexander","Japan"
"_maki_uuu","Japan"
"_malinorne","West Asia"
"_me1_10","Japan"
"_meow__q","Japan"
"_michaelpava","United States"
"_milesparra","United States"
"_mina_kana","Japan"
"_misa_t","Japan"
"_misaki_world","Japan"
"_mlnbro","Hong Kong"
"_mmmin05","East Asia"
"_mntt","Japan"
"_mochapon_","Japan"
"_mochi1010","Japan"
"_mochimochipan5","Japan"
"_mokataku_","Japan"
"_mokora","Japan"
"_monist29","Korea"
"_mrkmunroe","United States"
"_mtr_1","Japan"
"_my_melong3","Japan"
"_n24y","Japan"
"_nananu_zonzon","Indonesia"
"_nanifrancajm","Brazil"
"_nek0mu00","Hong Kong"
"_nmaru_","Japan"
"_nyan0il","Japan"
"_observer","Australia"
"_omocat","United States"
"_only1milly","Nigeria"
"_patron_og","Kenya"
"_pe_i__","Japan"
"_pogai_","Hong Kong"
"_qingfu_","United Kingdom"
"_realundefined","Viet Nam"
"_rena_bsd","Japan"
"_rickmusic","Brazil"
"_rii80_","Japan"
"_ringo_104","Korea"
"_rlawnl","Japan"
"_rlov","Japan"
"_rn_trhk","Japan"
"_rs___46","Japan"
"_s2ndy","Japan"
"_sasnews","Belgium"
"_saxsux","India"
"_scottsandy","Brazil"
"_shachkzzzz_","Japan"
"_shinpai_naisa","Japan"
"_sio0oo0t","Korea"
"_smontlouis","France"
"_sonitri","Japan"
"_spencer_cfc","North Africa"
"_spoiler____","Kenya"
"_spring_tori","Korea"
"_sr293","Japan"
"_st4rv4mp_","Australasia"
"_stoicprofits_","United States"
"_sutaru_za3","Japan"
"_syxuo53_","Japan"
"_t0ru6_","East Asia"
"_takoyaki_umai_","Japan"
"_tennousuathena","Thailand"
"_the_oracle_01","Ghana"
"_tjma","Japan"
"_tokinosuke_","Japan"
"_tooflyszn","Africa"
"_torihiki86","Japan"
"_toroc4t","Brazil"
"_trhk401","Japan"
"_trhk_xv","Japan"
"_troyw_","United States"
"_tsukimiyaluna","Japan"
"_ttdante","North America"
"_ukz_","Japan"
"_vo_ll_ov_","Japan"
"_wangwei","United States"
"_weightloss284","Peru"
"_weiwudage","Hong Kong"
"_whitewing_","Japan"
"_wwvv8","Japan"
"_xiao_shi","North America"
"_xotjdtksgh","Korea"
"_xxx_meow","Japan"
"_yamada_111","Japan"
"_yasumichan_","Japan"
"_yesbut_","Poland"
"_yn0206","Japan"
"_youngsavid","United States"
"_yukiko_1107","Japan"
"_yukinaovo","Japan"
"_yukko25","Japan"
"_z1xnu","Korea"
"a00a_108","Japan"
"a05450199551","Brazil"
"a0985823808","Taiwan"
"a0szqn","United States"
"a122100_me_o","Korea"
"a1225kn_m","Japan"
"a1269382920","Hong Kong"
"a13887665440","Japan"
"a1665723047440","United States"
"a1a2espanol","Spain"
"a1c0hol_25","East Asia"
"a1fjf9ivmo84778","Japan"
"a1x23e34s33","Japan"
"a20_sakura","Japan"
"a220989238","Taiwan"
"a2jg07","Japan"
"a2ki_","Japan"
"a31xptt","Japan"
"a4_0119","Japan"
"a4_2re__","Japan"
"a5577517","Taiwan"
"a5ruec","Korea"
"a60rxcst7w7g8vq","Hong Kong"
"a6201_u","Japan"
"a6yjkj","Japan"
"a7850024","Taiwan"
"a80g8","West Asia"
"a86013289947673","Japan"
"a8gongzi","Korea"
"a9beacon","Southeast Asia"
"a9dengbo","Hong Kong"
"a_1023planet","China"
"a_22_wil","Japan"
"a__13130","Japan"
"a__l225","Japan"
"a_amnos_s","Japan"
"a_c_elliott","United Kingdom"
"a_chaaaaan_26","Japan"
"a_diangelo","Canada"
"a_free_cat00","Japan"
"a_i8n_x","Korea"
"a_irri17","Japan"
"a_k_a_piexl","Japan"
"a_mearare_y","Japan"
"a_nyqm","Japan"
"a_por_fe","United States"
"a_prioris2","East Asia"
"a_takeyama","Japan"
"a_taozhu","Hong Kong"
"a_xbh0","Japan"
"a_yumi1463","Japan"
"a_yyrk_","Japan"
"a_zhk8","Japan"
"aa6699320","Japan"
"aa74085200","Taiwan"
"aa_257_","Japan"
"aa_afeng","Hong Kong"
"aa_birds66766","United States"
"aaa75364228","United States"
"aaa_046","Japan"
"aaa_______sk","Japan"
"aaa_nekozakiyuk","Japan"
"aaaaachan_hero","Japan"
"aaaaamrgu","Japan"
"aaaapppak","Korea"
"aaas20000","Korea"
"aacerf59616","Hong Kong"
"aacrfoundation","United States"
"aadd9ongb","Australia"
"aaidenewv","United States"
"aainomugishaa","Uganda"
"aaishuishui","Japan"
"aajg6hrcdz6jqbj","Japan"
"aakawaiine","Japan"
"aalimurgo58716","Bolivia"
"aaliyaanx","South Asia"
"aamerrymo","Japan"
"aaminhajj__","Nigeria"
"aarocn","United States"
"aaron0x666","Hong Kong"
"aaron19910101","United States"
"aaron61688350","North America"
"aaron850918","Taiwan"
"aaronconlondev","United States"
"aarongrace05","Congo"
"aaronhallrevs","Turkey"
"aaronlopezrh31","Turkey"
"aaronpo198943","Hong Kong"
"aaronyiaazw","United States"
"aarteco","Japan"
"aave","Finland"
"aawwad01","United States"
"aaylsk","Brazil"
"ab7prince","Japan"
"ab_circle_","Japan"
"ababnews_com","United States"
"ababunamwamba","South Africa"
"abara_movie_v","Japan"
"abasiodiong01","Africa"
"abbottmerr19988","United States"
"abboudlean65797","United States"
"abby_plaz","United States"
"abbypllis1014","Singapore"
"abc123189563352","Hong Kong"
"abc1990520","China"
"abc7newsbayarea","United States"
"abc_314159","East Asia"
"abcchinese","Australia"
"abcdaustralia","Southeast Asia"
"abcde25983","Hong Kong"
"abcdthc420831","Japan"
"abcomicsunited","United States"
"abcpharmacist","Kenya"
"abcs2ysjyh","Japan"
"abdelrahmena","Hong Kong"
"abdi_co_jp","Japan"
"abdiel_ivan","Panama"
"abdisalanawale","United Kingdom"
"abdixxyszn","Africa"
"abdl_wayid","Nigeria"
"abdokerdawy","Egypt"
"abdrhman_saud","Saudi Arabia"
"abdul_mueed001","Portugal"
"abdulhamid_kuta","Nigeria"
"abdulkalam_786","India"
"abdulllweb3","Nigeria"
"abdurrehma34151","Pakistan"
"abdzp166732","United States"
"abe20181","Germany"
"abekou98","Japan"
"abelcain7267","Korea"
"abelpo","Brazil"
"aberdeenamain","Hong Kong"
"abhicho12526931","India"
"abhinvbb","Europe"
"abhishekdikshi7","India"
"abhishi1105","India"
"abie_lajavardi","United States"
"abigail62420486","Japan"
"abiliodbr","Brazil"
"abing6666","Hong Kong"
"abingttt","Japan"
"abirtwell88559","Indonesia"
"abkm770s","Japan"
"able87666","Japan"
"ablenavy","Taiwan"
"abnormalreturns","United States"
"abodeoflakshmi","India"
"aboluowang","United States"
"abosamra940","Saudi Arabia"
"aboutwjsn","South America"
"abrahamapeters","United States"
"abran6542","Japan"
"abrazamigurumi","Colombia"
"abs_yamanashi","Japan"
"absi0415","Hong Kong"
"abskoop","North America"
"absnn355","Hong Kong"
"abstract95009","China"
"abstractchaincn","Malaysia"
"abtcstorm","Japan"
"abu_nyxl","United States"
"abubakr_abk","Nigeria"
"abundand","Germany"
"abunicobtc","Hong Kong"
"aburaya_cm","Japan"
"abyd9698","West Asia"
"abyssleben","Korea"
"abz071ykfgkp310","Japan"
"ac2909054937193","United States"
"acatnamedlily","China"
"acc_mianbei","Singapore"
"acceptdensi","Japan"
"acchh12345","China"
"acent_luna","United States"
"acervosamxd","Brazil"
"acetaffych","Japan"
"acetaffyismydad","Hong Kong"
"aceuchiha__","United States"
"acfcsonline","United States"
"acfortwi888888","United States"
"acgcnxox","Japan"
"acgotaku311","Japan"
"achoko1keyz","Japan"
"acholavo","Kenya"
"achzas","United Kingdom"
"acisgclhvl19504","Japan"
"acmduemsks","Japan"
"aco08ai","Japan"
"acoodey33079","Taiwan"
"acornacorn4","Japan"
"acqua_shuji","Japan"
"acreation_japan","Japan"
"acryptoape","Hong Kong"
"act_japans","Japan"
"actupokemon7","France"
"acxx000","Malaysia"
"aczymay","Germany"
"ada0012ai","Nigeria"
"ada0211dada","Hong Kong"
"ada_only_ada","India"
"adaidai77","Taiwan"
"adakoskima","Hong Kong"
"adaltocardoso88","Brazil"
"adam_vardan_","United States"
"adambautis0hjl","Germany"
"adamedwardgmyw","Turkey"
"adamholtererer","United States"
"adamjradisch","United States"
"adamlags","United States"
"adamschefter","United States"
"adamweitsman","United States"
"adan_shaa","Pakistan"
"adanbecerrilpon","Bangladesh"
"adannyaeze","Nigeria"
"adarmouni","France"
"adashofsweetner","Canada"
"adaydream617","Taiwan"
"adbqosnbalrvhjp","Japan"
"adcommedia","Japan"
"addictix56709","Japan"
"addilynngr6853","Canada"
"addisonhts","Australia"
"addition_singh","India"
"addyreddy","Korea"
"adeagentai","United States"
"adealadeal","United States"
"adebxla","Japan"
"adefluxz","Africa"
"adelbucetta","United Arab Emirates"
"adeliagjfzg","France"
"ademarve3","Nigeria"
"adeni_s","Brazil"
"adgj777xxx","Japan"
"adgjmptw26875","Japan"
"adhd_oniisan","Japan"
"adhdwest","Japan"
"adhe_masly","Indonesia"
"adhi_twts","India"
"adhoc_rm","Japan"
"adhselncokqev6","United States"
"adiaos2012","United States"
"adidotdev","South Asia"
"adiguna57809934","Indonesia"
"adinavawter","Philippines"
"adiokorie","Nigeria"
"adir_091","Korea"
"adnaza_","Nigeria"
"adnotmilk","Hong Kong"
"ado_133","Nigeria"
"adonis_singh","Netherlands"
"adourely","Indonesia"
"adperchai","United States"
"adrewxvii","Hungary"
"adri_365","Brazil"
"adrianscryptoo","Africa"
"adriansyahyugha","Indonesia"
"adry20253008","Colombia"
"adstgdff","Hong Kong"
"adtopay","United States"
"aduuu1028","Japan"
"adv_sergioh","Brazil"
"advent68_3","Japan"
"adweek","United States"
"aedseem","United States"
"aeeuvmvpnwro9gc","Japan"
"aehyok","United States"
"aeoli8","Korea"
"aeonchunqiu","United States"
"aeonelong","Taiwan"
"aeriflvr","Southeast Asia"
"aeriseesaw","Brazil"
"aerostarfan_55","Japan"
"aes_256_cfb","Japan"
"aescobar0g","Indonesia"
"aestercreatives","Philippines"
"aestheticgrogan","United States"
"aestilson99","Iraq"
"aether9008","Japan"
"aetheriafeng","Bangladesh"
"aetherwu","United States"
"aeuphroic","Germany"
"af_growthlab","Japan"
"afa33621132","Taiwan"
"afangyuan","Japan"
"afc_babe","Nigeria"
"afc_nels20","Africa"
"afengweb3","United States"
"affleopard","Japan"
"affye_t","Japan"
"afjmpwqcdorr3km","Taiwan"
"afkaaruuuunn","Indonesia"
"afp","United States"
"africaliudehua","Japan"
"afsgames1","Japan"
"after_no_on_","Korea"
"afteroffline","United States"
"afwehfr2bwjfhph","Japan"
"afyh4","Japan"
"agabajunio","Uganda"
"agaikai","Japan"
"agan59588","New Zealand"
"agaruta0011","Japan"
"agatatuitta","Brazil"
"agbochukwubuike","Nigeria"
"agentkwok","Japan"
"agentschat2026","United States"
"agentsparko","Europe"
"agentyuri","United States"
"aggtornado","West Asia"
"agi_harusansan","Japan"
"agiray1015","Singapore"
"agiwebsite","Singapore"
"agmaple888","United Kingdom"
"agnesleblamh","Germany"
"agnestao777","China"
"agoldbull","United States"
"agos174","Argentina"
"agskmfks","Japan"
"agtima_","Japan"
"agtpinsights","Thailand"
"agui2023","United States"
"agustd___gloss","Japan"
"agustinapichel","Argentina"
"ah2ffu","Japan"
"aha09053938171","Morocco"
"ahab_developer","United States"
"ahalfoftheabuse","Indonesia"
"ahamme35638","Japan"
"ahdtayef","Canada"
"ahg9su4loejkcxs","Japan"
"ahgraves","United States"
"ahhdav1d","Poland"
"ahkulaib","Egypt"
"ahmad_ringim","Hong Kong"
"ahmed1976111","United States"
"ahmed_alazazy98","United Kingdom"
"ahmedei35553434","Egypt"
"ahmedjisan3577","Bangladesh"
"ahmedmoauad7","Hong Kong"
"ahmedtuhaif","United Kingdom"
"ahmstillkelly","Nigeria"
"ahmugoo","Japan"
"aho_hz","Japan"
"ahprpemgwdmoml","United States"
"ahs_crypto","Netherlands"
"ahsbbsj","East Asia"
"ahuselin","Turkey"
"ahyter27562","Philippines"
"ai002979","United States"
"ai0r_17","Japan"
"ai1234321","United Kingdom"
"ai20777","Japan"
"ai2chiuo","Taiwan"
"ai8is_top","United States"
"ai_ai_o0","Japan"
"ai_ceo_ai_free","Japan"
"ai_data","Japan"
"ai_deha_nai","Japan"
"ai_edisonz","United States"
"ai_fengshou","United States"
"ai_for_success","India"
"ai_funss","Japan"
"ai_futaba_26","Japan"
"ai_gallop","Japan"
"ai_growthlab77","Taiwan"
"ai_hina0805_","Japan"
"ai_jasonyu","United States"
"ai_laotie","United States"
"ai_malls","Philippines"
"ai_nate_sa","United States"
"ai_sidejob_jp","Japan"
"ai_super_niko","Japan"
"ai_x_labo","Japan"
"ai_xiaomu","East Asia"
"ai_yu52929","Hong Kong"
"ai_yukichi2910","Japan"
"aiai6ni31480","Japan"
"aiai7777777777","Japan"
"aiai_plus","United States"
"aiandcloud","North America"
"aiaonuma2","Japan"
"aiarmies","Taiwan"
"aiatamd","United States"
"aiatmeta","United States"
"aibanousagi","Japan"
"aichatinfobot","Korea"
"aicolumnwriter","Japan"
"aicvilz","Japan"
"aidan95866728","Singapore"
"aidansimardone","Canada"
"aidashutiaozi","Hong Kong"
"aidelstyx","South America"
"aiden140808","Japan"
"aiersha3","Hong Kong"
"aifindcar","United States"
"aifirstthing","United States"
"aiga_mizuki","Japan"
"aigclink","United States"
"aigis_security","Japan"
"aigoodbro","Singapore"
"aihanghk","Taiwan"
"aiheyangbai","Japan"
"aiiine1016","Japan"
"aiinvesthk","Hong Kong"
"aijiatuzi","China"
"aik43745887","Japan"
"aika_3150_","Japan"
"aikidsnft","Japan"
"aikongmeng1","East Asia"
"aikoro2672251","East Asia"
"aiku_marusu","Japan"
"ailaobing","Hong Kong"
"ailcebba","Japan"
"ailen38148078","Viet Nam"
"ailiangzi","United States"
"ailiesxk","Japan"
"aim_predict","United States"
"aimee00058","Hong Kong"
"aimei_taiwan","Taiwan"
"aimewmeo","Viet Nam"
"aimohhh","United States"
"aimoneycn","Hong Kong"
"aimonkeyboy","Japan"
"aims801","Pakistan"
"aimusicoriginai","Japan"
"ainevertires","Hong Kong"
"ainiuma1413","Philippines"
"ainsfw22270","Hong Kong"
"ainsworthkeith","United States"
"aiodq5b","Japan"
"aiofeangell","Brazil"
"aioxai","United States"
"aiparaisoai","Japan"
"aipony88","Japan"
"aiqiang888","Korea"
"aiqinghai99988","United States"
"air_diary","Thailand"
"air_qqmn","East Asia"
"airamishima","Japan"
"airbnq","Japan"
"airdrop_guard","Japan"
"airdrop_nanhan","Malaysia"
"airdrop_raven","Africa"
"airesmalcher","Hong Kong"
"airkin_","United States"
"airofi88","Japan"
"airrailnets","Japan"
"airronyco23","Japan"
"airtouch97","Singapore"
"aisaiiee","Indonesia"
"aisena0781","Japan"
"aiseomastery","Philippines"
"aishaangarmgy","France"
"aishihhhhhh","Japan"
"aishin_sangyo","Japan"
"aishivamm","India"
"aishuoish","East Asia"
"aislanwellis_","Brazil"
"aitamaneko","Japan"
"aitechfei","United States"
"aito050629cxp","Japan"
"aitrade_ai","United States"
"aitukaebakadomo","East Asia"
"aiueo_kensaku","Japan"
"aiumeba","Japan"
"aiutonshibainu","Japan"
"aivideohub_","Indonesia"
"aiwangupiao","Hong Kong"
"aiwarts","United States"
"aiwithmaha","South Asia"
"aixagabi","Viet Nam"
"aixcodeg","Singapore"
"aixfoolsage","Japan"
"aixonline","South Asia"
"aixyu1v","Japan"
"aiyprah","Japan"
"aiyu_yorumi","Taiwan"
"aiyutoushushu","Japan"
"aizaixinhua","China"
"aizaixinhua666","China"
"aizendo1","Japan"
"aizttt__","Japan"
"aj51888","Hong Kong"
"ajakdamin","India"
"ajax_lau","Singapore"
"ajayqueoficial","Colombia"
"ajeetku72973884","India"
"ajenews","United Kingdom"
"ajiiing_","United Kingdom"
"ajinori3333","Japan"
"ajisai1207_","Canada"
"ajiwaki","Japan"
"ajm753","Mexico"
"ajmalvirk","Pakistan"
"ajs6888","Hong Kong"
"ajsaitama","Japan"
"ajtpm18","Japan"
"ajunlaoshi","Taiwan"
"ajwatkins_80","United States"
"ak050591","Japan"
"ak4772352947","Japan"
"ak7wt1em3y98825","Japan"
"aka39xoxo","Japan"
"akachan_0909","Japan"
"akachanman_1009","Japan"
"akafish00","Hong Kong"
"akagami_kureha","Japan"
"akaho0109","Japan"
"akaihito13","Japan"
"akainuakaneko7","Japan"
"akakageai","Japan"
"akampuliraben","Uganda"
"akanbig2","Nigeria"
"akane1073","Japan"
"akane_kabupon","Japan"
"akane_pedal","Japan"
"akanechan11911","Hong Kong"
"akanekayamainfo","Japan"
"akanni0104","Nigeria"
"akantpareek","Korea"
"akarenga505","Japan"
"akari102941","East Asia"
"akariharuna","Japan"
"akaritono_draw","Japan"
"akarusugiwww","Japan"
"akashdeeppensia","India"
"akashro07469710","India"
"akawshi","East Asia"
"akazwz_","North America"
"akd_96","Japan"
"ake4883","Japan"
"akgtill","Algeria"
"akgzu987","United States"
"aki100gs1","Japan"
"aki44912933","Japan"
"aki63957069","Japan"
"aki739379574946","Taiwan"
"aki_201101","Japan"
"aki_6925","Japan"
"aki_udonken","Japan"
"akidotxyz","Japan"
"akihara0808_","United States"
"akiharukeiou105","Japan"
"akihiroactor","Japan"
"akiko_lawson","Japan"
"akinazuki","Japan"
"akindo_io","Japan"
"akira100dr","Japan"
"akira1750","Japan"
"akira2396","Hong Kong"
"akira_hotto","Japan"
"akira_tetuo","Japan"
"akira_x0815","Japan"
"akiraceo_ca","Japan"
"akiran06061","Japan"
"akiruuua","United States"
"akiskz0801","Japan"
"akissam11","United States"
"akita_shiryu","Japan"
"akitakiprmn","Japan"
"akitolite","United States"
"akiyamayugumo","East Asia"
"akj8tueogpplaa9","Japan"
"akkan2008","Southeast Asia"
"akm59496725","Japan"
"akochan0815","Japan"
"akodam191","Japan"
"akokoi1","United States"
"akomicode","Japan"
"akoza__","Africa"
"akp61455578","Nigeria"
"akpshilaoshi","North America"
"akrdefi_sol","Africa"
"aksdr86","India"
"akshay04akshay","India"
"akshay56474618","India"
"akshayj23542356","India"
"akstanwyck","United States"
"akua_witty","Ghana"
"akualfiandcndr","Indonesia"
"akui1121","Hong Kong"
"akunbiasaaja_","Indonesia"
"akura__0","United States"
"akura_tw_ak_s99","East Asia"
"akus27","Mexico"
"akutaba3514","Japan"
"al0ha88_ayacnsl","Japan"
"al333crypto","Korea"
"al_shabab61447","Norway"
"alacheng","Japan"
"alaeloga106","Korea"
"alai_harinezumi","Taiwan"
"alaliwafaa","Kuwait"
"alan1605616","North America"
"alan_alvess","Brazil"
"alan_john_riley","Philippines"
"alanamessiana","Brazil"
"alanchen","United States"
"alanintheworld","Canada"
"alankuang7779","Japan"
"alansantoss_01","Brazil"
"alanshao111","United States"
"alanxkong","Netherlands"
"alaskawannabe","United States"
"albedosblunt","Philippines"
"albelt_saga","Japan"
"albert_teng","Taiwan"
"albertaren","Canada"
"albertleeruze","Turkey"
"alberto24557743","Colombia"
"albireo1999","Japan"
"albosznb","Hong Kong"
"alcampgal","United States"
"alces_foresrer","United States"
"alcides53531291","Brazil"
"ald1_official","Korea"
"aldileideg","United States"
"ale_jan_dro_soy","Argentina"
"aleabitoreddit","United States"
"aleeshakhan73","Pakistan"
"alefernandezroa","Brazil"
"aleg5emokid","Hong Kong"
"aleifuxiang","China"
"alejandroev66","United States"
"alejandrolope12","Saudi Arabia"
"alejopalladino","United States"
"alejoruiz_2","Colombia"
"aleksandar229","Viet Nam"
"aleksixzz","Japan"
"alemussin","Argentina"
"alepavanelly","Brazil"
"alertetgo","France"
"alesa_msyk_3","Japan"
"aletheic_self","East Asia"
"alevblaze17","Japan"
"alex28050020007","United States"
"alex999","Australia"
"alex_exvs","Japan"
"alex_mgmg","Brazil"
"alex_perception","Hong Kong"
"alex_rav_","Hong Kong"
"alexabelonix","Eastern Europe (Non-EU)"
"alexalexekesa","Hong Kong"
"alexandr_wang","United States"
"alexandrea23520","North America"
"alexatallah","United States"
"alexbsc_bnb","Japan"
"alexcheng26","United States"
"alexdata99","Singapore"
"alexdolbun","United States"
"alexeag12132217","Spain"
"alexedward09","Africa"
"alexexandra1209","Germany"
"alexfrutuoso","Brazil"
"alexgetmancom","Europe"
"alexifgm","Ecuador"
"alexis47862973","Switzerland"
"alexisgreene97","United States"
"alexjgarram","Switzerland"
"alexlizeros","Hong Kong"
"alexosgt","United States"
"alexseine94","United States"
"alexsi","Australia"
"alexsol_inc","Japan"
"alexsukhuqb","Italy"
"alext_works","Bangladesh"
"alextalksasmr","United States"
"alextam1996","Hong Kong"
"alfa10art","Japan"
"alfa51919","Hong Kong"
"alfelse","Hong Kong"
"alfonzowierxo","United Kingdom"
"alfuratyalatiqe","Turkey"
"algodtrading","Europe"
"algooriginals","India"
"ali_pk72","Finland"
"ali_rumi_ai","United States"
"aliahmaddanish","Hong Kong"
"alialminjal","Korea"
"aliba_79","Southeast Asia"
"alicanmadak","United States"
"alice166166","China"
"alice_969_","Japan"
"alice__fx","Japan"
"alice_comenta","Brazil"
"alice_showmore","United States"
"alicebl0gger","Brazil"
"alicee_can_fly","Korea"
"alicenguyeehm9","Turkey"
"alicepaul14578","United States"
"alicia_haase123","United States"
"alickzheng157","East Asia"
"aliduoduo2022","China"
"aliennationboy","United States"
"aliensherryz","Hong Kong"
"aliez_ren","Japan"
"alikayattqe","Turkey"
"alikhanstuff","India"
"alikoclvc5","Turkey"
"alimama996","East Asia"
"alin9ttuel1","United States"
"alin_zone","United States"
"alinadpc1","Brazil"
"alinelohn2002","United States"
"aling2000520","Hong Kong"
"aliozturkgha1","Turkey"
"alirizwan67","Pakistan"
"alirizwan876","Pakistan"
"alishasandjx","United States"
"alishiaeas66f","Korea"
"alisonmartino","United States"
"alita_0434","East Asia"
"alitafitrie","United Kingdom"
"alive33008562","Hong Kong"
"aliveondeathway","Japan"
"alixchildxu0h","France"
"alixg_2","Canada"
"aliyasumar","Viet Nam"
"alkaicn","United States"
"alkogol_d","Japan"
"all4kkami","Brazil"
"all_kirei","Japan"
"allanco2018","Germany"
"allangbq_7873","Singapore"
"allanjimmy5303","United States"
"allanmuniiz_","Brazil"
"allar020","Japan"
"alldays_yuno","Korea"
"allegradri67291","Philippines"
"allen27410505","Hong Kong"
"allen518518518","China"
"allen5951","United States"
"allen_reder","Singapore"
"allenguancom","Canada"
"allenhe168","Japan"
"allenvtuber","Taiwan"
"allenwan911","Japan"
"allenzhangsb","Hong Kong"
"allertonsgf","Brazil"
"allglovesoffsm","United States"
"allhandsquiet","East Asia"
"alligator199","Hong Kong"
"allinbtc_eth","Hong Kong"
"allinduetimee","United States"
"allisoncopenhav","United States"
"allisverywell","Uruguay"
"allisxnj","United States"
"allkpop","United States"
"allly31h","Japan"
"allodev","Germany"
"allordinalsx","Taiwan"
"allsurrender369","Hong Kong"
"alltrac92","United States"
"almapq32","Europe"
"almeidaxryan","Brazil"
"alohakupa","Japan"
"alohalohaloha50","Japan"
"alone_babu_","Italy"
"alotblahaj","Japan"
"alpaca_chan_vrc","Japan"
"alpha_ka31","Korea"
"alpha_ship","United Kingdom"
"alphabeginnerx","East Asia"
"alphabeta66","Hong Kong"
"alphagbm","Japan"
"alphaguytrading","Japan"
"alphalabx","South Asia"
"alphaschool77","Korea"
"alphaxiaojinbao","Hong Kong"
"alphaxiaoyao","Taiwan"
"alphaxkikaku","Japan"
"alprbyrbs","Viet Nam"
"alpynan","Hong Kong"
"alrightafii","Israel"
"alstjr4651","Korea"
"alt_apr8","Japan"
"altan45702","Singapore"
"altcryptogems","Netherlands"
"althaeacomelina","Japan"
"alucardmontoya","Brazil"
"alv06371712_ze","Brazil"
"alvah59429","United States"
"alvaritolander","United States"
"alverakoscho","United States"
"alvespredo28","Brazil"
"alvin0617","Taiwan"
"alvinybw","United States"
"always_chiefs","United States"
"alwaysgainx","Viet Nam"
"alwaysh1gh__","North America"
"alwayspriyesh","South Asia"
"alwayswithv6s","United States"
"alwayzsusan","United States"
"aly12138","Hong Kong"
"alyssaemiljopc","United States"
"alysssahazel","United States"
"alyxwhite_","United States"
"am02_04","Japan"
"am1_113","East Asia"
"am54low","Taiwan"
"ama_hirume","Japan"
"ama_skk_tenna","Korea"
"amacos_r","Japan"
"amadareport","Japan"
"amadarui","Japan"
"amagalan_b1","Germany"
"amagamitsuki","Japan"
"amagasumi_","Japan"
"amageblog","Japan"
"amagumo_4949","Japan"
"amakagoame","Japan"
"amakawa_peru812","Japan"
"amaliomt","Ecuador"
"amamanii9","East Asia"
"amanakamuraa","Japan"
"amandacassatt","United States"
"amandacdrama","Taiwan"
"amandalan1107","Singapore"
"amane_168598","East Asia"
"amane__abc","East Asia"
"amaniiao","Saudi Arabia"
"amanlovefreedom","United States"
"amano_012","Japan"
"amano_ch_twitch","Japan"
"amao_ailove","Japan"
"amariatuita10","Brazil"
"amata_ekaki","Japan"
"amateuniu","Venezuela"
"amatsuhashiki","Japan"
"amax352907","Hong Kong"
"amazing4132","Japan"
"amazon","United States"
"amazonmgmstudio","United States"
"ambe_e","United States"
"amber_digit2","Canada"
"amberaroma","Japan"
"amberc7436132","Taiwan"
"amberda98","Korea"
"amberfinance","Singapore"
"amberkiel1","Japan"
"ambershaheryar","Pakistan"
"ambersweekly","Taiwan"
"ambervgo","United States"
"ambgards","United States"
"ambient_isotopy","Japan"
"amble168446","New Zealand"
"amblessed185","Nigeria"
"ambrosia314","Japan"
"amchanghero","Korea"
"amcontroo","Africa"
"amdyesdlt7","United States"
"ame638750562899","Japan"
"ame_neom","United States"
"ame_tradexxx","Japan"
"amebakaki","East Asia"
"ameduonyema","Africa"
"ameenah_hussy","India"
"amegwenforever","United States"
"ameiaideiaa","Brazil"
"ameilika2","East Asia"
"ameliaresch","Argentina"
"amell2221","Japan"
"amelya_flora","Southeast Asia"
"americaitsmysin","Mexico"
"americanamemes","United States"
"americanexpress","United States"
"ametefeg","Ghana"
"ameyu2_hinoe","Japan"
"amguish","Korea"
"amherstsurvival","United States"
"ami_sz_0307","Japan"
"amialex94","Ireland"
"amichan_1121","Indonesia"
"amie_memes","Nigeria"
"amigo521","Japan"
"amimo777","Japan"
"aminap92112","Germany"
"amir2630","Mexico"
"amirasiwie","Indonesia"
"amisukeshigom","Japan"
"amitmanoj5","India"
"amitsup7","India"
"amiyahlo","Japan"
"amiyumia220823","Japan"
"amjaaat","Africa"
"ammocaris","Indonesia"
"amn_hiroko","Japan"
"amnjx_yamato","East Asia"
"amoebamusic","United States"
"amoore3781","Hong Kong"
"amora_0w2","Brazil"
"amoristdior","North America"
"amory1536","Japan"
"amossalau8404","Kenya"
"ampexclusive","United States"
"amqueen312","Japan"
"amrahs66671132","Hong Kong"
"amrbtc","North Africa"
"amrita1791929","East Asia"
"amt_web","Japan"
"amtkmituki","Japan"
"amu6669","Hong Kong"
"amunra_amu","United States"
"amura1602","Africa"
"amuse_illumi","Japan"
"amuse_komimaru","Japan"
"amy234840538171","Japan"
"amy526969","United States"
"amy87cq5","Bangladesh"
"amy_bethy","United Kingdom"
"amychestnut333","United States"
"amygarciayogb","Turkey"
"amyharmon243274","United States"
"amyloo1998xx","Netherlands"
"amynoteapp","United States"
"amyyelle2590","United States"
"an11192","Singapore"
"an3raf","Hong Kong"
"an89_skr","Japan"
"an_st0606","Japan"
"an_yhl","United States"
"anaa_ribeiroooo","Brazil"
"anabaru_monster","Japan"
"anabology","United States"
"anacp_sapporo","Japan"
"anakarolinim","Brazil"
"anakbuahnuna","Indonesia"
"analiavalenzue4","Argentina"
"anamiles245714","United States"
"anandmahindra","India"
"ananluluanan","Taiwan"
"anannguyenn98","Viet Nam"
"ananqaa","Hong Kong"
"ananth7e","South Asia"
"anapaula_life","Brazil"
"anastasiadz68z","Brazil"
"anaviceeversa","Brazil"
"anblk984","East Asia"
"anbzydd520","Hong Kong"
"ancapsu","South America"
"anchobikyabetsu","Japan"
"anchornode","Japan"
"ancosoho","Australia"
"ancosukiii","Japan"
"and_aikafc","Japan"
"anderafulkekvk","South Africa"
"andersjw_","Australia"
"anderson_l76219","United States"
"andertsui","United Kingdom"
"andoneskip0","Hong Kong"
"andou_mikio","Japan"
"andradev_stream","Brazil"
"andrea_bjorlie","Hong Kong"
"andreabeatdip","United States"
"andreamartlmrq","Turkey"
"andreccaldeira","Brazil"
"andredwia","Indonesia"
"andreea_me_me","Morocco"
"andreedelaet","Finland"
"andrefmc_nft","Portugal"
"andrejanonesmg","Brazil"
"andrelui08","Brazil"
"andrepiiiinks","Philippines"
"andreredliaswl","United States"
"andresstaker","Australia"
"andrew_w1218","North America"
"andrewcurran_","Canada"
"andrewfshaker","United States"
"andrewnrice1","United States"
"andrewrd_pt_mhp","North America"
"andrewrsorkin","United States"
"andrewwilkinson","Europe"
"andreyzzzx","United States"
"andrezzu","Chile"
"andrianigio22","South Asia"
"andriy85248016","United States"
"andrman561","United States"
"andy19891016","Taiwan"
"andy333_liu","Singapore"
"andy46788896","United States"
"andy88988696","Taiwan"
"andy_go_go","Japan"
"andybull2012","East Asia"
"andyguoa","Australia"
"andyhu44502446","United States"
"andyjscott","United States"
"andykimlove","Japan"
"andykondo_jp","Japan"
"andyl5cc","Thailand"
"andyliang17335","United States"
"andyxu14944376","United States"
"andyz8818576155","United States"
"anegogame","Japan"
"anela_laki","Japan"
"anenikko","Japan"
"anenonigo","Japan"
"anestesiadoz","Brazil"
"anettetoto5010","Taiwan"
"angae_cloud","Korea"
"angcaojacq","Philippines"
"angedelicat","Japan"
"angel4u_786","Pakistan"
"angel_o_01","Japan"
"angel_q3","Japan"
"angeladams36311","United States"
"angelafiel32016","United States"
"angelantoniojar","Paraguay"
"angelebrannigan","Japan"
"angeleenharris","United States"
"angelhongoyli","Viet Nam"
"angelicrad44827","Philippines"
"angelictorns","Indonesia"
"angelinasetias","France"
"angeljuarez66","Hong Kong"
"angellicoco","China"
"angelmaylies","Singapore"
"angelmen__dz","Brazil"
"angelocavax","West Asia"
"angelomcna6787","Hong Kong"
"angelpinat","Dominican Republic"
"angelviewa","East Asia"
"angertab","United States"
"angeumandu","Korea"
"anggoroprasetia","Indonesia"
"angieshah","Saudi Arabia"
"angle66888","Singapore"
"anglewings32","Chile"
"angrychloeeu","Japan"
"angryfishweb3","Hong Kong"
"angryychair","Brazil"
"angustias87","Southeast Asia"
"anh8diwufeekazh","Japan"
"anhoang42393","Viet Nam"
"anhvu193","Viet Nam"
"anhyone981","Viet Nam"
"ani","India"
"aniaaalynn","United States"
"anibalespinola1","Paraguay"
"anibaltumb68396","Viet Nam"
"aniki0619","Japan"
"anilkum10462508","Taiwan"
"animatehonten","Japan"
"anime8894","Japan"
"anime_abema","Japan"
"anime_eupho","Japan"
"anime_liklik","Japan"
"anime_tankchair","Japan"
"animejujutsu","Japan"
"animeruksplus","Brazil"
"animocabrands","Hong Kong"
"aninhanascim","Brazil"
"anita76979466","Spain"
"anitage_","Japan"
"anitagvhv","United States"
"anitaintheloop","Singapore"
"anjywebz2","Korea"
"anke98105278135","United States"
"ankit_vish_","India"
"ankitdongre100","India"
"ankopi_83","Japan"
"anl__o","Martinique"
"anle1165909","United States"
"anluoying","Hong Kong"
"anmitue1wq","Japan"
"anmogumogu","Japan"
"ann0vandersteel","Africa"
"ann200026","China"
"ann51434929","Philippines"
"ann92688777","Taiwan"
"ann_01_life","Japan"
"ann_matuk","Venezuela"
"anna31572302","China"
"annakozlowska1","Saudi Arabia"
"annalaskowska","Indonesia"
"annalobato66","Brazil"
"annalsofsurgery","United States"
"annamariahhns1","United Kingdom"
"annapurnapics","United States"
"annarrose","Portugal"
"annawalletv","Malaysia"
"annawilson78418","United States"
"annay20261","China"
"annelleflo6yqp","Philippines"
"annjxxx8","Korea"
"annlee98","Canada"
"annmoze30941942","United States"
"annsanzottj4b","United States"
"annudoh5","Nigeria"
"annyadaaaaaa","Japan"
"anon0069","North America"
"another11e","United States"
"anotherhassan","Hong Kong"
"anotherplanetby","United States"
"anpontan_116","Japan"
"anqingyan1","North America"
"anquanhao","Hong Kong"
"anrchhy","Brazil"
"anselfang","Southeast Asia"
"ansonbalaena","Singapore"
"ansul92","India"
"antcaveclub","Japan"
"anthdm","Belgium"
"anthony60758461","Germany"
"anthony_terahz","United States"
"anthonych44ar2l","United States"
"anthonyhariayr","Turkey"
"anthonylovexxx","Hong Kong"
"antiaivo","Southeast Asia"
"antibiotics2000","United States"
"anticcpchina","Netherlands"
"antilibtardism","United States"
"antiquadux91","Brazil"
"antirez","Italy"
"antitopquark","Hong Kong"
"antizen6","Sweden"
"antlingagi","United States"
"antoinersx","Thailand"
"anton_gomez","Spain"
"antonio42589033","Colombia"
"antoniogme87214","Mexico"
"antoniom646","United States"
"antony_calvert","United Kingdom"
"antonyruizb1","Spain"
"anuatluru","United States"
"anumness","United Kingdom"
"anups5687","India"
"anurags43361805","India"
"anwuzhilaji","United States"
"anxiaoqi51","Hong Kong"
"anxiaoshuo666","China"
"anyanhoneyxx","Japan"
"anycanv","Japan"
"anyck29","Taiwan"
"anyhowbin","Singapore"
"anymose","Hong Kong"
"ao11sabutoriki","Japan"
"ao1ic","Japan"
"ao_koukan","Japan"
"ao_mga_broken","Japan"
"aoba_yuya","Japan"
"aobayadigiei","Japan"
"aoeskkk","Taiwan"
"aohanemakoto","Taiwan"
"aoi_osm_goods","Japan"
"aoi_rium","Japan"
"aoikuma0818","East Asia"
"aoilkoi","Japan"
"aoin2nd","Japan"
"aoinroom","Japan"
"aoisaison_","Japan"
"aoisora_ema11","Japan"
"aoiumi_project","Japan"
"aoiyumi5181","Japan"
"aoke_quant","Hong Kong"
"aokikentiku_","Japan"
"aokuma411","Japan"
"aomendusheng","Hong Kong"
"aomnoill","Africa"
"aomorris","Argentina"
"aonagishiosptr","Japan"
"aone73661569","Japan"
"aoringohuzin","Japan"
"aoro_custokmz","Japan"
"aosechunchun","Japan"
"aosika_agent","Malaysia"
"aoteman1can","Hong Kong"
"aotin_seijin","Japan"
"aotti_0522","Japan"
"aoyi21","Singapore"
"aoysvnvzygb9wav","Japan"
"apaixonada323","Brazil"
"apclypsenow","Europe"
"apeachdaniel_k","Philippines"
"apecoin666","Malaysia"
"apeironnft","Hong Kong"
"apelhiijauu","Indonesia"
"apeneonx","Southeast Asia"
"apex_jpofficial","Japan"
"apexyugang","United States"
"apfzbyzs_","Hong Kong"
"apikey_official","North America"
"apisurfer","Croatia"
"apjosias","Brazil"
"apnaallahabadin","India"
"apollo_fw","United States"
"apologist_666","Japan"
"apoplus_career","Japan"
"apopotoapoto","Japan"
"app1epie3","Korea"
"app_sail","United States"
"appinn","United States"
"applechan_p","Korea"
"applemusic","United States"
"appleplane613","Japan"
"applerabbittrpg","Korea"
"appletrump1","Malaysia"
"applewhy2014","China"
"approachiing","Japan"
"apqmaw","Japan"
"apres1006","United States"
"aprilshuff","United States"
"aprylmendonsa","United States"
"aptvpn","United States"
"apzid24557161","Germany"
"aq_10_","Nigeria"
"aqiang929","Hong Kong"
"aqib__786ai","Pakistan"
"aqinqiuqiu","Hong Kong"
"aqsahwa1","Saudi Arabia"
"aqua52043525","Korea"
"aquadrop_0811","Japan"
"aquamrae","Brazil"
"aquasala1","Japan"
"aquaticwql","Japan"
"ar1e110","Japan"
"ar2652006328","Germany"
"arabiannaa","Brazil"
"araburu_moco","Japan"
"arafath777","Bangladesh"
"arai_propally","Japan"
"araiguma2xx","Japan"
"araiseimeg","Japan"
"arama0921","United States"
"aramitsuhaya","Japan"
"arandra6","Indonesia"
"arasachan_","Japan"
"arashi_mic","Japan"
"arata_sasabe","Japan"
"araujxznn","Brazil"
"aravind72897111","Korea"
"arbitrum","Cayman Islands"
"arc","United States"
"arccityhotel","Japan"
"arces_sendai","Japan"
"archercccc","France"
"archeremper","East Asia"
"archiveforjk","Europe"
"arcnard","Brazil"
"arcrilico","Brazil"
"arctoolsbackup","Germany"
"ardenzsadanyi","United States"
"arducdornan","Brazil"
"ardy46","Japan"
"arec0829","Japan"
"areebaa_shaikh","Pakistan"
"aremeon","Korea"
"arena","United States"
"areslllllll","Hong Kong"
"areyoumechans","Japan"
"argent_wave","Korea"
"argentiinajb","United Kingdom"
"argntw","Brazil"
"argoskenny","Taiwan"
"arguspad","United States"
"arhfly","Japan"
"arhitektahaosa","Eastern Europe (Non-EU)"
"aria4dlostsoul","Philippines"
"ariake_takumi","Japan"
"ariakittyyy","United States"
"arianasafa4","South Asia"
"arielran0726","Japan"
"arieltuita","Brazil"
"aries4y","United States"
"ariesthecoder","Australia"
"arievlisnosliw","Brazil"
"arifjalali","India"
"arigatai_artist","France"
"arihonet_","Japan"
"arii__xo","Ireland"
"arikieiko","Japan"
"arinosu_arinosu","Japan"
"aripratama293","Southeast Asia"
"aristealumiere","United States"
"aristella322","Japan"
"arisugawa_rai","Japan"
"arisumamahyk","Japan"
"arix_tkool","Japan"
"arixzone","United States"
"arizygao2009","East Asia"
"arizzh777","Taiwan"
"ark_apc","Philippines"
"arkinsight","Philippines"
"arkuy99","United States"
"arkw_printing","Japan"
"arlequin02254","Japan"
"arlequincheca","France"
"arlogilbert","United States"
"arlyn7quinn","Mexico"
"arminitter","Brazil"
"armsrcha","Brazil"
"armv8964a","Europe"
"army1325backup","United States"
"armyoffbtss","Brazil"
"armyseguearmy","Brazil"
"armytrickmaster","Brazil"
"arn348","Malaysia"
"arnelansuyon","Philippines"
"arnettesaasy","United Kingdom"
"arnolderchang","Taiwan"
"aronhouyu","Japan"
"aronloomansj","United States"
"aronstiteler","United States"
"aronwansin35688","United States"
"aroo_wema","Kenya"
"arori_no5","United States"
"arpitmandl03","India"
"arrascacury","Brazil"
"arraynow","United States"
"arron_hoang","United States"
"arrowli180954li","Hong Kong"
"arrudafps1","Brazil"
"arselfang","Southeast Asia"
"arshaviiiiiiin","Japan"
"arsic21","Spain"
"arspk134","United States"
"art0xdev","Spain"
"art_is_time","Japan"
"artandvault","United States"
"artbasel","United States"
"arteesaartis","India"
"arteivy","Brazil"
"artfuichaos","South Asia"
"arther0923","Hong Kong"
"arthur315861958","Japan"
"arthurhz9","Japan"
"arthurkamt","United Kingdom"
"arthurleesharp","Taiwan"
"arthurwdbt","United States"
"artibirefes","Turkey"
"articlelew14354","United States"
"artistihq","United Kingdom"
"artofelection","United States"
"artofgreed","Indonesia"
"artpalker","South Asia"
"arts240","Japan"
"aru79","Japan"
"aru_homunculus","Japan"
"aru_pg21","Japan"
"aruix488","Singapore"
"arujyansunagoya","Japan"
"arukadodanjo","Japan"
"arungoy17068984","United Kingdom"
"arupaka__1204","Japan"
"arusura2222","Japan"
"aruviewer0611","Japan"
"arv1nle","United States"
"arvin010717","United States"
"as0ibt","Japan"
"asa1ren","East Asia"
"asabi_panda","Turkey"
"asadayuki_art","United States"
"asadnoxa","Japan"
"asagi_0718","Japan"
"asagiriaiki","Japan"
"asahi","Japan"
"asahi_baystars","Japan"
"asahi_burlesque","Japan"
"asahi_com_1910","Japan"
"asahi_shinsen","Japan"
"asahi_smilekids","Japan"
"asahibozi","Taiwan"
"asahibsn","Japan"
"asahikot","Japan"
"asahinashikure","Singapore"
"asaka_kaiju8","Japan"
"asakuranonwoven","Japan"
"asakurayuichan","Japan"
"asamiizuki","Japan"
"asaph_cryptoone","Hong Kong"
"asase_koebi_sub","Japan"
"asayake_0906","East Asia"
"ascha30","Japan"
"asciicats_","North America"
"asco_ft","France"
"asd_fuel","Taiwan"
"asdfghjhkjw","United States"
"asdfgu69","United States"
"asdonqual","Singapore"
"asehunyoyo","United States"
"asen_eth","Viet Nam"
"ash_lagacy","Nigeria"
"ash_rs9","Hong Kong"
"ashaharashu","Iraq"
"ashashhung","Taiwan"
"ashbe2227","United States"
"ashbystea","Japan"
"ashcrypto","Europe"
"asheley_houlier","Chile"
"ashen_pulse","Taiwan"
"ashes__of_time","Taiwan"
"ashhoran10","United Kingdom"
"ashingzheng","United States"
"ashitachan_1122","East Asia"
"ashleemurry","United States"
"ashley_wil85080","United States"
"ashleyrogeebeu","Turkey"
"ashliesniddz","Italy"
"ashok94ananth","India"
"ashou3313","Singapore"
"asiafinance","Hong Kong"
"asigzhpjnusulk","United States"
"asilturk143406","West Asia"
"asimfoundationr","Pakistan"
"ask_kiki","Japan"
"askaiwy","East Asia"
"aske_wend","North America"
"askvenice","United States"
"aslan14aug","South Asia"
"asma_albraheem","Saudi Arabia"
"asmaasultanaa","India"
"asmediahouse","United States"
"asobinin7oji3","Japan"
"asobininndayo","Japan"
"asojouner","United States"
"asphyxiasss","United States"
"aspinojony1","United States"
"aspring668","Guyana"
"asrajhell","Taiwan"
"assagerv","Japan"
"assdent3258","Japan"
"ast1110k","Japan"
"asterproinos","Japan"
"astr0_n_sortna","Japan"
"astr1dar","Southeast Asia"
"astragalus999","United States"
"astralxzh","Hong Kong"
"astrolee97","United States"
"astromiado","Brazil"
"astronaut_1216","United States"
"astronotus55","Japan"
"astrothecm","Nigeria"
"astuto31111581","Brazil"
"asuka0220","Japan"
"asuka112929","Japan"
"asuka_00007","Japan"
"asuka_meimu1025","Japan"
"asumari_trade","Japan"
"asuna_x2","Japan"
"asuraryanlee","Japan"
"asutintu2","United States"
"asyasendciw","United States"
"at_btc_","United States"
"atahuta123","Japan"
"atan778","Hong Kong"
"ataru_tak","Japan"
"atashihataiyou","Japan"
"atawin_jp","Japan"
"atd816","Korea"
"atelierryza818","East Asia"
"atenasemjoias","Brazil"
"ateneastar1","North America"
"athenafundann","Hong Kong"
"athers_japan","Japan"
"athertonhobo","United States"
"athleticmilf1","Australia"
"atica79cruz","Mexico"
"atiqur2904","South Asia"
"atirisvvvvv","Japan"
"ativafmbauru","Hong Kong"
"atkamackerel","Japan"
"atlanticrecords","United States"
"atlantis_ex","United States"
"atlasalphafi","Southeast Asia"
"atlasinai","Malaysia"
"atlasramsd2567","Hong Kong"
"atlie375a1","Japan"
"atm_0228","Korea"
"atmr_8888","Japan"
"atomeecrivain39","France"
"atomic_chat_hq","Europe"
"atommye530","Spain"
"atonce1976","United States"
"atrapyuta","Japan"
"atriaasi","Japan"
"atsu_bleu","Japan"
"atsumusite","Singapore"
"atsushi113195","Japan"
"atsushimori1105","Japan"
"attaalong","United States"
"attic92","Korea"
"attoutekitomboy","Japan"
"atu_crypto","Japan"
"atworih","Africa"
"atytagc3bd42033","Japan"
"aua2811","Japan"
"aubebiz","Japan"
"auctionradar_rh","Chile"
"audgh_117","Japan"
"audii","Southeast Asia"
"audrey_xiang","Japan"
"audreye1211","United States"
"audrycodelihvs","United States"
"aug888y","Japan"
"augenstern05i9","Hong Kong"
"august20210501","Hong Kong"
"augustacrowe","United States"
"augustinen22727","Nigeria"
"augustomitsugui","Brazil"
"auhi_mew","Japan"
"auiaqfeeud39853","Japan"
"aulianti78","Indonesia"
"aura9_fu","East Asia"
"aurafiori33","Nigeria"
"aurataehyungx","Brazil"
"aurelianvault","East Asia"
"aurelius0121","United Arab Emirates"
"aureljpeg","Switzerland"
"aurenovia","Philippines"
"aurevellet_btc","Singapore"
"aurivianjl","Japan"
"auroraskye21259","North America"
"auroredelimbo","Taiwan"
"aurumpass","North America"
"aurvsnow","Hong Kong"
"aury_ht","Japan"
"ausandebull","Australia"
"austin88866","United States"
"austinit","United States"
"autismreadyusa","United States"
"autodeals_","Nigeria"
"automatonjapan","Japan"
"autumn_frommer","United Kingdom"
"autumnredleaf","United States"
"autumntat","Taiwan"
"auuuf4src9sugmy","Japan"
"avalonbtc","East Asia"
"avaneko_","Hong Kong"
"avarangg","Turkey"
"avasato","Japan"
"avatar218284922","Belgium"
"avatar52896","Japan"
"avelyrahnai","Pakistan"
"avelyrax7","United States"
"aventurecapital","Netherlands"
"avenuebstock","United Kingdom"
"avexmusic","Japan"
"avgvelasco79","Mexico"
"avia_003","Germany"
"avian962612","Japan"
"avidan","United States"
"avindrafernando","United States"
"avon_slay","Brazil"
"avoncyclesindia","India"
"avraj27","India"
"avrilruell46810","United States"
"avsubo","United States"
"avtrsovaz","Brazil"
"aw97s57","Pakistan"
"aw_wx11","Japan"
"awbczbtc","Hong Kong"
"awei521188485","Japan"
"aweissvulpes","United States"
"awen555","Taiwan"
"awhitmill_1","United States"
"awoyemijoshua61","Nigeria"
"awp_traders","Singapore"
"aws_inc_recruit","Japan"
"awsefrta5436214","Taiwan"
"awspangenberg","United States"
"awtiago","Brazil"
"awuindahouse","Japan"
"awujilu","Japan"
"axb_dxy","Japan"
"axelrod_jpn","Indonesia"
"axelyip","Malaysia"
"axia_fpmoney","Japan"
"axiang_nft","United States"
"axiaoyixianbtc","Hong Kong"
"axie8866","Japan"
"axieaur","United States"
"axin888btc","Japan"
"axlnczfiv1gei18","Japan"
"axnmystery","Japan"
"axosaurus","Bahrain"
"axxl108","Japan"
"ay_killer_works","Japan"
"aya00ice","Japan"
"aya_channn__","Japan"
"aya_kk_17","Japan"
"aya_terlap2230","East Asia"
"ayaa8_106","Japan"
"ayaaaaaa_poke","Japan"
"ayaankhan_x","India"
"ayachi860806","Japan"
"ayadesse5296","Panama"
"ayainvestaa","United States"
"ayaka01491242","Japan"
"ayakabea","Japan"
"ayakaneko","Japan"
"ayam7971","Hong Kong"
"ayamelab","Japan"
"ayamichaaaaan","Japan"
"ayamizukavtuber","Taiwan"
"ayannagorans","Brazil"
"ayannahamm28964","France"
"ayano_6122","Japan"
"ayano_matsui","Japan"
"ayanodragongate","Japan"
"ayanofan_526","East Asia"
"ayaoyao99","Hong Kong"
"ayaphovrc","Japan"
"ayash71435569","Hong Kong"
"ayasoa_86","Japan"
"ayatakeuchi3","Japan"
"ayaya37wong","Singapore"
"aydenlam544","Korea"
"aydmaxxx","Uzbekistan"
"ayeejuju","United States"
"ayesha__786ai","Pakistan"
"ayi_ainotes","United States"
"ayk0703ito","Japan"
"aynecon","Nigeria"
"ayodec","United States"
"ayodejihassan4","Nigeria"
"ayodhyapnishad","India"
"ayoinfinite01","Africa"
"ayokunlepsalm","Nigeria"
"ayoyo810","Hong Kong"
"aysekurtslfe","United States"
"ayseturancxxg","United States"
"ayseyildizo8mm","United States"
"aysimamadanoglu","Japan"
"ayu_likey","Hong Kong"
"ayuan1000","United States"
"ayubdarwish632","South Asia"
"ayudadme_","Spain"
"ayui46380475","Korea"
"ayum1ayum1","Japan"
"ayumiiiii666","Japan"
"ayumin150821","Japan"
"ayumin_never","United States"
"ayumism60","Taiwan"
"ayunilane","Korea"
"ayutyarelaxati2","Japan"
"ayyu_torihiki","Japan"
"ayyubgotyou","Africa"
"az0109_","Taiwan"
"az0301ai","Japan"
"az20hatachi","Japan"
"az20kohoku","Japan"
"az_inzai","Japan"
"azadweb3","Bangladesh"
"azarudeen100","United States"
"azenabor2","Chile"
"azenofonte","Latvia"
"azflin","Japan"
"azheng1123","Japan"
"azittsan","Japan"
"azkw3zk","Japan"
"azm049","Japan"
"azmhisashi","Japan"
"azmonden","Singapore"
"azratekin858i","Turkey"
"azs_unei","Japan"
"azshinyokohama","Japan"
"azu00yu","Japan"
"azu13036883","Japan"
"azu20151220","Japan"
"azu_crn","Japan"
"azukiglg","Japan"
"azul_premium","Spain"
"azuraeth","Southeast Asia"
"azusa9615","Japan"
"azusa__kaname","Japan"
"azuyan_yuratami","Japan"
"azvpg157","United States"
"azz_honmaru","Japan"
"b0newalljackson","United States"
"b0nitaxo","Hong Kong"
"b0ty8","United States"
"b1ank404","Korea"
"b1br1_82","East Asia"
"b1jieceo","United States"
"b1ockbelle","Poland"
"b3uaqh","Japan"
"b442ubi36057qvk","Japan"
"b77rob","United States"
"b7feayzwxhodwqc","Japan"
"b7mv8mbwlhzgm6v","China"
"b7utapwhzlpbyux","Japan"
"b_____pppppp","Japan"
"b___pmjg","Japan"
"b_chipandula","Malawi"
"b_circus_","Korea"
"b_lue_day","Korea"
"b_ly_0","United Arab Emirates"
"ba0000013","Japan"
"ba00nana","United States"
"ba77nyanya","Japan"
"babaktaghvaee1","France"
"babalegbalorikw","Nigeria"
"babasplatoon2","Hong Kong"
"babateko_1","United States"
"babet_2025","West Asia"
"babetteram799","France"
"babeyui88","Japan"
"babomiatime","Korea"
"babouzar19440","United States"
"babu_ooo","Japan"
"babuchan20193","Japan"
"babupiyojackal","Japan"
"babusandesuyo","Japan"
"baby5iio","United States"
"baby_2025_1","Korea"
"baby_mana9","Japan"
"babyairl","Africa"
"babybusfl","United States"
"babydollswrldd","United States"
"babyface525","Hong Kong"
"babykeem","United States"
"babyzhuzhu1","Japan"
"bacat3030","Japan"
"bachelor_cross","Japan"
"bachfomalhaut1","Japan"
"bachlinh2000","Viet Nam"
"backontherocks_","East Asia"
"backpack","Japan"
"backpack_cn","United States"
"backpackcat_sol","Taiwan"
"bactxria","Hong Kong"
"bad_encryption","Japan"
"bad_shark_ovo","North America"
"badblima","Brazil"
"baddaddy","United States"
"badgerkingtony","United States"
"badsteven11","Singapore"
"badtakes_t","Japan"
"baegseungheon2","Korea"
"baek_min0506","Japan"
"baeng_ginam","Korea"
"baffalo64","Hong Kong"
"bageventio","Japan"
"bagi8461","Japan"
"bagrepequeno","Brazil"
"bagsieu21411387","Korea"
"baguma89","Uganda"
"bahararslarcpl","Turkey"
"bahbjknlkn62879","Japan"
"bai_agi","Hong Kong"
"bai_summer2025","United States"
"baiandhei","Germany"
"baibainebai","Japan"
"baibaisayhi","China"
"baidebiao","Taiwan"
"baidu_inc","United States"
"baig277","Philippines"
"baigaisong","Japan"
"baihezhixiang","Singapore"
"baike888","Hong Kong"
"baili1018","Hong Kong"
"bailishouyue541","Hong Kong"
"bailylu","United States"
"baimagr","Japan"
"baiping1988","China"
"baisircrypto","Japan"
"baisuriguge1990","China"
"baita_b_ben","Uganda"
"baitnerros57508","Canada"
"baiwan686","Chile"
"baiyazhong","Taiwan"
"baiyunfan5","United States"
"baizhi79","North America"
"bajiu1319","Korea"
"bakkenshale","United States"
"bakuagecoin","Japan"
"bakushu_moka","Japan"
"bakyokatayama","Japan"
"balajis","Southeast Asia"
"balalaikall","Hong Kong"
"bale256647","United States"
"baleiayu","Brazil"
"baleine0106","East Asia"
"balleemb","United States"
"ballet0630hito","Japan"
"ballmirna38370","United States"
"ballout_kiah","United States"
"ballpoint_55","Korea"
"balsam_0514","Korea"
"bambada_1115","Korea"
"bambiaatch","Southeast Asia"
"bambooandrain","Japan"
"bambooshootsoup","Southeast Asia"
"bamidelebamzy","Nigeria"
"ban1002_","Korea"
"ban590331","Japan"
"ban_hu92952","Hong Kong"
"bana187toto","Japan"
"banana_cat555","Hong Kong"
"bananachip10","Japan"
"bananacurrency","United States"
"bananayori__","Japan"
"banaparmar","Japan"
"banatorihiki1","Japan"
"banchan1self","Korea"
"bandainamcofr","France"
"banestolive","Japan"
"bangbtsjhp","Brazil"
"bangbuilds","United States"
"bangyangyao","Australia"
"banhchugxanh","Southeast Asia"
"bani_tws","Korea"
"banibani0831","Korea"
"banksesports","United Kingdom"
"bankuru_info","Japan"
"banma2008","Hong Kong"
"banmanboya","Korea"
"banraisha","Japan"
"banrecordholder","Croatia"
"bantalguling25_","Indonesia"
"banxiabnb","Japan"
"bao_cin52771","China"
"baobab_organic_","Japan"
"baodiantimes","Belgium"
"baodou3772","United States"
"baofubiji868","Hong Kong"
"baofuzailushang","Japan"
"baohujianceyuan","Taiwan"
"baojinbiboom","Japan"
"baoqgl","China"
"baoreboot","East Asia"
"baoxiaomeng","Singapore"
"baozidada010","United States"
"baozong_facai","Japan"
"bapefranci","Paraguay"
"bar_brats","Japan"
"barannozz","Turkey"
"barbapapamae","Brazil"
"barbl96858","Chile"
"barcastuff_idn","Indonesia"
"barccmessi","Hong Kong"
"barchuyjess","Argentina"
"bardman1972","Japan"
"barebackraw10","Hong Kong"
"bargasreagan","Japan"
"barloustokyo","Japan"
"barlunora","Japan"
"barnardweb3","Japan"
"barndog_solana","New Caledonia"
"barnetshun","Japan"
"barney165947","Malaysia"
"barneywalffx","United States"
"baroswahjr","Kenya"
"barou_ok","Japan"
"barrchris434772","Nigeria"
"barret_china","Singapore"
"barriossong","Singapore"
"barronsonline","United States"
"barrrraica150","Japan"
"barrryscurls","United States"
"barryjenkins","United States"
"barstoolsports","United States"
"bartlocknesg","Italy"
"base","United States"
"baseapp","United States"
"basedgoymemes","Canada"
"baseten","United States"
"bashitakach","Japan"
"basketlive_jp","Japan"
"batabata_usic","Japan"
"bateman19899","Saudi Arabia"
"batmannotquite","United Kingdom"
"batnfoundation","Nigeria"
"batonz_official","Japan"
"battle_luge_","Japan"
"battleskayla14_","United States"
"battry_eth","Pakistan"
"batuhanppn","Turkey"
"bauchmanchad","United States"
"baumwedding","Japan"
"bawcey","United States"
"bax7393457","North America"
"baxteranthony","Malaysia"
"baxyahya","Viet Nam"
"bay_1300_2600","Japan"
"bayyankutuk","Viet Nam"
"bazingahappy","Hong Kong"
"bazrw1","Taiwan"
"bb9g3vc7kp3721","Japan"
"bb___00ooo","Korea"
"bb_kinx","Belgium"
"bb_scats","United States"
"bb_yappu","Japan"
"bballer_530","East Asia"
"bbang_76","Korea"
"bbaybbay1314","Hong Kong"
"bbc88772","Hong Kong"
"bbcworld","United Kingdom"
"bbebesi","Albania"
"bbfancier","East Asia"
"bbhxwl","United States"
"bbing_a","Korea"
"bbingg_2","Korea"
"bbjaoli","Germany"
"bbl2009","Canada"
"bblgm_ubeu","Japan"
"bblythechrjhr4","Bangladesh"
"bblythelon1y7u","Argentina"
"bboczeng","United States"
"bbq_zy","Hong Kong"
"bbqseto","Japan"
"bbrusoulmate","Brazil"
"bbyobyobyo","Korea"
"bc_lalaland","Southeast Asia"
"bcguchvwu3x7wl2","Japan"
"bchclubzh","Malaysia"
"bcnranking_jp","Japan"
"bcoffee1010","United States"
"bczitrustu365rj","East Asia"
"bczjtccc","Japan"
"bdait3pyofsbdbo","Japan"
"bdgham47","Korea"
"bdsmer5","Japan"
"be42_withme","East Asia"
"be_honest07","South Asia"
"beacoenriu","United States"
"beajanex","South America"
"beanye1234","Hong Kong"
"bear74wookie","United States"
"bearcookie3131","United States"
"beardedpretty","United States"
"beardomination","Singapore"
"bearyein","Australasia"
"beat_beeeeat","Japan"
"beatonparadise","Japan"
"beatricefrsxst","Brazil"
"beatrizapareci1","Canada"
"beaulahlye7gi","Argentina"
"beautifulkeqing","Japan"
"bebe_kieng","Cameroon"
"bebe_sp500","Japan"
"bebekhermes","Indonesia"
"bebetino69","Viet Nam"
"bebisuta1015","Japan"
"bebye_bot","Japan"
"becasso_crypto","Taiwan"
"becci0006","Japan"
"bechanga1","Viet Nam"
"becky7988","Hong Kong"
"bedrotpup","United States"
"beecreative_jp","Japan"
"beeen881","Taiwan"
"beefmt","Japan"
"beefnoode","Hong Kong"
"beenxeelblaq","Nigeria"
"beepcompany","Japan"
"beeverlabs","Japan"
"beeyuri_waka","Japan"
"beezlive178rx","Japan"
"beffjezos","United States"
"begospringcity","Hong Kong"
"behi_ent","Thailand"
"beholdx8vb","Hong Kong"
"behudeghet","Viet Nam"
"bei351009016","Japan"
"beibei415","Japan"
"beibrown_","East Asia"
"beicanword","United States"
"beicola_","Brazil"
"beidyhei36964","Japan"
"beier_btc","United Kingdom"
"beijimuyu","Japan"
"beijing202","United States"
"beijingdai","Hong Kong"
"beiligarden","Sweden"
"beimeijiucai","United States"
"being04278052","Japan"
"beitih68612","Spain"
"beiyi582","China"
"beiyong1111","North Africa"
"beizhi606","Japan"
"bejita1192","Japan"
"bejohnce","United States"
"beki_becky17","Japan"
"bekicott66","Indonesia"
"belgung_","Korea"
"belile32250","Thailand"
"belindacowper1","China"
"belindaphi58102","Viet Nam"
"belkisa03","United States"
"bella198bella","Japan"
"bellahsmjjg","France"
"bellakita11_thu","Viet Nam"
"bellew193_alt","Malaysia"
"bellypig66","Hong Kong"
"beloved444isy","Indonesia"
"belozueiro1","Brazil"
"bemeeely","Taiwan"
"ben18724254","Armenia"
"ben_sage","United States"
"benbo_ge","United States"
"benborbaidn","Indonesia"
"benchuang8964","Taiwan"
"bencryptovnn","Viet Nam"
"bencymarrit","Japan"
"bendan7788","Japan"
"benebta","Brazil"
"benedictolozano","Colombia"
"bengz168","United States"
"beni7430","Japan"
"benites_vilmar","Czech Republic"
"benjamin_oyang","Hong Kong"
"benjaminblocks","France"
"benjamingzqgg","United Kingdom"
"benjaminhaajkk","Turkey"
"benjaminkatuva","Kenya"
"benjaminlbfgbn","United Kingdom"
"benjaminliang78","Taiwan"
"benjaminliang_1","East Asia"
"benji_yugi","Nigeria"
"benkan_co","Japan"
"benlau3d","Hong Kong"
"bennettbui1","Viet Nam"
"bennybuckets3","United States"
"benpaoping666","Hong Kong"
"benshanyoufeng","Czech Republic"
"benshapiro","United States"
"bentenyahanada","Japan"
"benzema","Europe"
"benzhou327","United States"
"beollog79594","Korea"
"beomnami","Japan"
"beqieaqfuv16466","Japan"
"berennnntw","Turkey"
"bergbirg68380","East Asia"
"bernard81710767","United States"
"bernard86770012","Mexico"
"bernat03","Turkey"
"berndti10","Japan"
"berniewanzie","Africa"
"berrinnkoc","Japan"
"berryphotobirt1","Japan"
"berryvikmod","United States"
"berryxia","United States"
"bert7058","United States"
"besiktasenglish","Türkiye"
"bespokeinvest","United States"
"best2best22","United States"
"bestaiprice","Ukraine"
"bestauntever49","United States"
"bestballjunkie","United States"
"bestlittefish","Singapore"
"bestmrlee","Hong Kong"
"bestsaul168","Singapore"
"betaaaa_a","Brazil"
"betamasterjika","India"
"betbolt","Ireland"
"bethbrogglgrf","United States"
"betinlife","Hong Kong"
"betmgm","United States"
"betrayhank","Taiwan"
"betseytitm4617","Viet Nam"
"bettehayre","Canada"
"betterfortune9","Japan"
"bettsiross","United States"
"betty1234735345","China"
"betus_official","Costa Rica"
"betweenfriends","United Kingdom"
"bevakitelek","Australia"
"beverlybroxson","United States"
"bewex_official","Japan"
"bexloudan","United Kingdom"
"beyond_halo","United Kingdom"
"beyondcunkou","East Asia"
"beyzittun","United States"
"bf__2018","Brazil"
"bfh_314159","Switzerland"
"bfs20x","Hong Kong"
"bgarrisson","Dominican Republic"
"bghtnya","East Asia"
"bglayds30098","United States"
"bgurley","United States"
"bh4jcqmgxa8hqzj","Japan"
"bh552200","Japan"
"bhaarattravel","United Kingdom"
"bhariestar","Africa"
"bhavani_00007","India"
"bhfcrjkbbb","Japan"
"bhguabo","Australia"
"bhnngd_ppp","Japan"
"bhogleharsha","India"
"bhscanner","United States"
"bhuo188","United States"
"bhv5st","Japan"
"bi54603","China"
"bi64884gj","Japan"
"bi_9527zx","Hong Kong"
"bi_lao37907","Japan"
"bia53636de","Brazil"
"biaapolinarioo","Brazil"
"biabatella","Brazil"
"bianchist3lla","Brazil"
"bianji01","Japan"
"bianokx_momo","Singapore"
"bianrenbsc","Japan"
"biaomei2005","Korea"
"biaozhiweidang1","Singapore"
"bibi_sparkjoy","Japan"
"bibimbabii","Korea"
"bibimorcegata","Brazil"
"bibisister0508","United Kingdom"
"biduoduo99","Hong Kong"
"biebb10","United States"
"bielreality","Brazil"
"bierik833","United States"
"biew_beauty","Japan"
"bifinancee","Singapore"
"bifydnhgytl2i6","United States"
"big_bang_2024","East Asia"
"big_ear_cat","Netherlands"
"big_joe3888","Nigeria"
"big_kims_dm","Korea"
"big_kudda","Africa"
"bigbirdfyx","Africa"
"bigblu_energy","United Kingdom"
"bigblue__2026","United States"
"bigbottle44","Hong Kong"
"bigbullapp","West Asia"
"bigcat54681272","East Asia"
"bigdigzhou","Viet Nam"
"bigdougao","Hong Kong"
"bigenaiwang","Hong Kong"
"biggbotex","Africa"
"bighammer0000","United States"
"biginjap","Japan"
"bigjunior5","Nigeria"
"bigjusir","East Asia"
"bigkat001","United States"
"biglin666666","Hong Kong"
"bigmoney0784","United States"
"bignuts666666","Japan"
"bigpengsays_ai","Hong Kong"
"bigred040878","United States"
"bigs3338","Japan"
"bigsultano1","Africa"
"bigsunonly","East Asia"
"bigtake10","Singapore"
"bigteegame","Nigeria"
"bigtraderq","United States"
"bigvhejoe","Africa"
"bihai996","Singapore"
"bihaifinance","Hong Kong"
"bijanbowen","United States"
"biking_cn","United Arab Emirates"
"bilalel01828699","Turkey"
"bili_16888","Hong Kong"
"bilianzhuohang","India"
"bilibilifu","Germany"
"bilion1983","North America"
"bilionaire_dgb","Africa"
"bill1st1","United States"
"billal45","United Arab Emirates"
"billboard","United States"
"billconnor39282","Nigeria"
"billg2sa","Taiwan"
"billheiby","Europe"
"billiardstamaya","Japan"
"billion_global","Hong Kong"
"billionaire_isb","Korea"
"billtaiwang","United States"
"billy_na01","Greece"
"billydiscipio","Brazil"
"billyhughejg3n","Turkey"
"billymcgrath24","Southeast Asia"
"billyredma20562","Germany"
"billysyaputra0","Indonesia"
"bin7788","Japan"
"bin93824193","Malaysia"
"binance","West Asia"
"binanceafrica","Africa"
"binancefanssos","Taiwan"
"binanceo","Nigeria"
"binancewallet","United Kingdom"
"binancezh","North America"
"bingdian004","Japan"
"binghe","United States"
"binghejiu","China"
"bingliu34173809","United Kingdom"
"binglogo","Japan"
"bingo_707","United States"
"bingo_eth","Singapore"
"bingoubing1","United States"
"bingwan25628098","Hong Kong"
"bingwujinyi","United States"
"biniwitch_","Nigeria"
"binng0207","Hong Kong"
"binniep_q28","Japan"
"bipolar_0819","Hong Kong"
"biquandagou","Germany"
"biquanlaoka","Japan"
"birbalgodara07","India"
"birdabo","Southeast Asia"
"birdie_2963","United States"
"birdtechvision","North America"
"biren888","Hong Kong"
"birgulreklam","Japan"
"birumud96307701","South Africa"
"birurito","Brazil"
"biscuit_7077","Japan"
"bishenghome","Hong Kong"
"bishnoi_gyanpal","India"
"bishooton","Nigeria"
"bishopnjimeni","Cameroon"
"bit_1aa","Hong Kong"
"bit_hedge","North America"
"bit_sister","Hong Kong"
"bita3min","Japan"
"bitaoge_btc","Japan"
"bitbabyzh","Hong Kong"
"bitbase_cn","Singapore"
"bitcivkun","Singapore"
"bitcloutcat","Japan"
"bitcoin","United States"
"bitcoin188","Hong Kong"
"bitcoin2themars","Malaysia"
"bitcoin521520","Japan"
"bitcoin6494","Hong Kong"
"bitcoinsoul25","Bangladesh"
"bitcointata","Hong Kong"
"bitcoinzhang1","Japan"
"bitcoinzhong","Singapore"
"bitcool1234","Japan"
"bitdao100","Hong Kong"
"bitebao_btc","Hong Kong"
"bitecong","Singapore"
"bitemufashi","Taiwan"
"bitexiaohu","Hong Kong"
"biteyecn","United States"
"bitfatty","Hong Kong"
"bitfinex_asia","Singapore"
"bitgetwalletcn","United States"
"bitgold_hold","Taiwan"
"bitjackie","Hong Kong"
"bitmex","Seychelles"
"bitmrbig","Hong Kong"
"bitnewsno1","Japan"
"bitpanda88","Hong Kong"
"bitpupu","Japan"
"bitpushnewscn","United States"
"bitram","Europe"
"bitrosteel","Hong Kong"
"bitsan000","United States"
"bitstocks_cn","Hong Kong"
"bitterchoc2009","East Asia"
"bitturing","Japan"
"bittuwasan5","India"
"bitwater3","Hong Kong"
"bitwux","Hong Kong"
"bitxsea","North America"
"bitzhiliao","Japan"
"biupa","Taiwan"
"bixiaochao","Hong Kong"
"bixiong_baisui","Hong Kong"
"biy101212","Japan"
"biya_news","East Asia"
"biyapayofficial","Hong Kong"
"biz_journal","Japan"
"biziyou888","United States"
"bizzwdr","Brazil"
"bjingapore","Singapore"
"bjjtaro2","Japan"
"bjrya39878759","Hong Kong"
"bjtrack9","Korea"
"bk23412315","Japan"
"bk_suzu","Japan"
"bkb245275355580","Japan"
"bkbkchocolate","Japan"
"bkdgiffug","United States"
"bketck","United States"
"bkidallen","United States"
"bkmso02jxtvgchh","Japan"
"bkmt__27","Japan"
"bknuesbcsjsrbe","United States"
"bl4ckstairz","Brazil"
"blaack_mambaa","Pakistan"
"black58381","South Africa"
"black_gtone","Japan"
"blacka55167623","Japan"
"blackboxload","Japan"
"blackbullfund","Spain"
"blackdee81","Canada"
"blackdragon0222","Japan"
"blackink0504","United States"
"blackleojulio","Japan"
"blacklotus____s","Hong Kong"
"blackmady","Southeast Asia"
"blackman_mind","Kenya"
"blackmelooo","Japan"
"blackpink_ox66","Hong Kong"
"blackrock","United States"
"blacksky22113","East Asia"
"blackym25","United States"
"blainesgun","United Kingdom"
"blairwuwa613","Japan"
"blakecallens","United States"
"blakehoagland","United States"
"blancbee","Japan"
"blandfordbldstk","United Kingdom"
"blank_kan","Korea"
"blank_space_stu","Taiwan"
"blankstella3221","Japan"
"blastdxc","Philippines"
"blastingthrough","United States"
"blavity","United States"
"blazewall_","Hong Kong"
"bleach_exhibit","Japan"
"bleacherreport","United States"
"bleepincomputer","United States"
"bleshgod","Europe"
"blessing_marabu","India"
"blgggwww","United States"
"blinkflwtrck","Brazil"
"blisscrtv","Africa"
"blkgift_yoine","Japan"
"blmario669","Japan"
"blmla","United States"
"block0_eth","United States"
"blockbeatsasia","Singapore"
"blockbyrach","Australia"
"blockcastnews","Taiwan"
"blockchain_ck","Korea"
"blockchaindan","United States"
"blockchainrese6","Japan"
"blockinsight214","United States"
"blockmaple","Canada"
"blockphd7","Japan"
"blocksboy","East Asia"
"blocktempo","Taiwan"
"bloctoapp","Taiwan"
"blogcoisademae","Korea"
"blogdexjp","Japan"
"blogexto","Japan"
"blokaza","Japan"
"blondetimelady","Honduras"
"blonskr","United Arab Emirates"
"bloombergtv","United States"
"blossoms_s2","Korea"
"bluceqian9","China"
"blue_runnerd","Japan"
"bluebinaw","Indonesia"
"bluebnb54x","United States"
"bluecafe530","Korea"
"bluecollarlab2","Taiwan"
"bluedawgo","United States"
"blueemi99","Poland"
"bluefintunaback","Japan"
"bluehawk1378","Japan"
"bluehourwmb","United States"
"bluejay87476298","Taiwan"
"bluelenstr","West Asia"
"bluemuse007","United States"
"bluenight1022","Taiwan"
"blueoo9qq","Japan"
"blues19052004","Japan"
"bluesenight","Japan"
"bluesharpwalker","United States"
"blueskylh1","East Asia"
"bluest_is_cat","Moldova"
"bluewolflan66","Singapore"
"blumederwelt","East Asia"
"blurryday_","Korea"
"bluven1983","United States"
"bluwhale_cn","Taiwan"
"blxckthe2nd","Nigeria"
"blytheputtlqm1","United States"
"blz955","Hong Kong"
"bm_uneme","Japan"
"bmhoney510","United States"
"bmwmsp3","Singapore"
"bmxdawang111","Hong Kong"
"bn1gp7zdnb60965","Germany"
"bn_anxiaojiang","Korea"
"bn_people","Southeast Asia"
"bnaem18","Hong Kong"
"bnb1868","Hong Kong"
"bnb776","Taiwan"
"bnb_2049","Hong Kong"
"bnbfanx","Hong Kong"
"bnbokbt5","New Zealand"
"bnbtion","Taiwan"
"bnd_jellybear","Korea"
"bngbngyfngkung1","China"
"bnjbb298563bb","Hong Kong"
"bnpnetwork","United Arab Emirates"
"bntaizi","Hong Kong"
"bnut414","Korea"
"bnxiaoyv","Japan"
"bnxishdi19214","Japan"
"bo__chuan","Japan"
"bo_wai58689","Japan"
"boa1314666","Japan"
"boardgameuncel","Japan"
"boatofdrea79133","China"
"boatrace_621","Japan"
"boatraceagent","Japan"
"bob63236265bob","Hong Kong"
"bobasid34","United States"
"bobbieqq2","China"
"bobbiglasicn","France"
"bobbythakkar","United States"
"bobchan833","Hong Kong"
"bobdinmi","United States"
"bobgcoin","Korea"
"bobo2025168","United States"
"bobo77449","Taiwan"
"bobo_1i","Singapore"
"bobogeex","Nigeria"
"bobomorning","Japan"
"bobonyc2025","United States"
"boboywyw","Taiwan"
"bocaigege","United States"
"bochi1125","Argentina"
"bochichan250hh","United States"
"bocutuan","Viet Nam"
"bodoge_beginner","Japan"
"bodyreset_0801","Japan"
"bohutang","Singapore"
"boiolivia_m","Brazil"
"boki5630648","United States"
"bokmngdsh323535","United States"
"bokolarry21792","Benin"
"bol84598959179","United States"
"bolckashley","East Asia"
"boldsoul0321","China"
"bolic73324s","Canada"
"bollywoodvh4","United Kingdom"
"bolsonarosp","United States"
"boltdotnew","United States"
"boltnet","United States"
"bomin247","Korea"
"bon_defi","Africa"
"bonazitas","South America"
"bondun14","Japan"
"bonelqss","United States"
"bongeplanet","Japan"
"boniusex","United States"
"bonniebush9awv","Ukraine"
"bonnitta_ke","Kenya"
"bono47280966","United States"
"bonopenguin","Japan"
"bonosanb5sc","Japan"
"bontenmaru0624","Japan"
"booael","Korea"
"boobfeilong","Taiwan"
"book_of_belial_","Japan"
"bookbeysta","Japan"
"bookingx0","United States"
"bookzak810","Japan"
"boombble","Singapore"
"boomertheman","United States"
"boominrr","United States"
"boon5757","Korea"
"boone0505","East Asia"
"bootsgilda84309","Viet Nam"
"booyyaaka619","Mexico"
"boqxpvaoi6e13ud","Japan"
"bordage_adrien","Canada"
"bored_shao","Taiwan"
"boredapeg","United States"
"boredapegazette","United States"
"boredapesolclub","United States"
"bori1113","Korea"
"boringcompany","United States"
"borinigilcilene","Brazil"
"borislam18","Hong Kong"
"borisvagner","United States"
"borobia18","Mexico"
"borrebaterista","Mexico"
"bosjiohgsky1996","Hong Kong"
"bossbear_0621","China"
"bossclaw","United States"
"bossjob_web3","Singapore"
"bosstroll8","East Asia"
"botamchi","Japan"
"botolota","South Asia"
"bottlecap8699","United States"
"bougey","United States"
"boukanfuku","Japan"
"boundaryhq","Japan"
"boundsilva0303","United States"
"bounty_atm","Korea"
"bousou_vogt","Japan"
"bouza11juan","United Kingdom"
"boveyleda38735","Indonesia"
"bovv2ikxo4gu92f","Japan"
"bowei_z","Hong Kong"
"bowenb65359784","Hong Kong"
"bowieceta","Brazil"
"boxershorts66","Hong Kong"
"boxiyuc6y4pwumd","Japan"
"boxu3739","Japan"
"boy44411729","Japan"
"boy_sefi2493","Libya"
"boyaki_b","Japan"
"boylikegirl666","Japan"
"boywrist","Nigeria"
"bp100u","Hong Kong"
"bplayer54797","Japan"
"bq_xfn","Singapore"
"bqb9ml6afloks2f","Canada"
"bqbty666","Hong Kong"
"bqdyl0601","Japan"
"bqjushen","Hong Kong"
"bqlsj2023","Singapore"
"bqssc","Korea"
"bqxbbbtc","United States"
"bqxigua","United States"
"br46806818","United States"
"br9n8","Japan"
"br_leiz","Korea"
"bradthomasbrown","United States"
"braian210emire","Japan"
"brainarded18879","France"
"brainenergy4me","United States"
"brainx","Southeast Asia"
"brand_design_jp","Japan"
"brandoncrunvzj","Turkey"
"brandonmhobbs71","United States"
"brandonnelhuq2","Turkey"
"brandy24092935","Kenya"
"brantchinesefn","United States"
"braveheartcc3","Hong Kong"
"bravenxn","East Asia"
"bravesummer3","Korea"
"brazil_soberano","Brazil"
"brc20niubi","Korea"
"brcrats","Hong Kong"
"brdex8m4tqtgdfl","Japan"
"brdnote","Korea"
"bre07267016","United Kingdom"
"breakcorewtf","East Asia"
"breaker_shine","East Asia"
"breannamalld","Philippines"
"breendinha_27","Brazil"
"breeze4567","Nigeria"
"brendas_outside","United States"
"brendathiru4","Kuwait"
"brennacodde","United States"
"brenofreire23","Brazil"
"brettalmonqgem","Canada"
"brettamacdonald","United States"
"brewdotfamily","United States"
"brianasha5","Uganda"
"brianjonncn","Hong Kong"
"brianlenar3n","Canada"
"brianzisook","United States"
"bricsinfo","United States"
"bridgerlang","North America"
"brienenemm25556","Germany"
"brig_brake","Japan"
"bright_zj6","United States"
"brightm43446149","East Asia"
"brightsoundkana","Japan"
"brigideyre","United States"
"briguy386","United States"
"brilliantjp1","Japan"
"brisktorch","Korea"
"britainkobi33","Ghana"
"britifyx","United Kingdom"
"britneysnerd","Brazil"
"brittacocopu","France"
"britukskip","Europe"
"briweimer","United States"
"brk6012","Korea"
"brobean88","Singapore"
"brontobehated","Hong Kong"
"brooklyn_gamble","United States"
"brooksdemevy","France"
"brooksdixon10","United States"
"brossierolivier","France"
"broth16150","Singapore"
"brown_john27001","Japan"
"browndust2_tc","Taiwan"
"brrreerd","Korea"
"brs83229","Romania"
"brubrubris","Brazil"
"bruceki63919400","China"
"brucelolzz","Taiwan"
"brucesu35572086","United States"
"brucexu_eth","United States"
"brunodanieldudu","Brazil"
"brunohenrique","Brazil"
"brunopana","Viet Nam"
"brunoxmc","Brazil"
"brutalparaisov","Brazil"
"bryan_tease","United States"
"bryanburmingham","Brazil"
"bryankdark","Southeast Asia"
"bryant610651295","China"
"bryanwanyonyi","Kenya"
"brycent","United States"
"brzydzn","United States"
"bsak494","Germany"
"bsavaranasi1","India"
"bschoelkopf","Germany"
"bscjdw","Hong Kong"
"bscpitbull","West Asia"
"bsearch_0429","Japan"
"bsgforever1","United States"
"bshsjakwkrnn","United States"
"bskt3303","East Asia"
"bsslosangeles","United States"
"bta_demian","Mexico"
"btanriize","Brazil"
"btbffg","Singapore"
"btc0912","United States"
"btc1000008","Japan"
"btc100w100w","Hong Kong"
"btc11199","Hong Kong"
"btc1668899","Singapore"
"btc1678","United States"
"btc2033_","North America"
"btc2168","Singapore"
"btc446","Hong Kong"
"btc52000","East Asia"
"btc521","Hong Kong"
"btc690000","Japan"
"btc886_","Hong Kong"
"btc8888eth8888","Taiwan"
"btc8888xf","Hong Kong"
"btc9577","United States"
"btc99m","Singapore"
"btc_985","Hong Kong"
"btc__sunny","Singapore"
"btc_alert_","Singapore"
"btc_alon","Hong Kong"
"btc_daoke","Japan"
"btc_davie","Hong Kong"
"btc_huhu","Hong Kong"
"btc_juanmao","Japan"
"btc_julia","Germany"
"btc_jx","Japan"
"btc_kking","Hong Kong"
"btc_millionusd","Viet Nam"
"btc_no5","Taiwan"
"btc_noobhai","Malaysia"
"btc_sol888","Hong Kong"
"btc_tigerx","Hong Kong"
"btc_uuu","United States"
"btc_vee","East Asia"
"btc_yyds888","Hong Kong"
"btcafei","Hong Kong"
"btcbabyb","Korea"
"btcbajie","Japan"
"btcbangzhu","Hong Kong"
"btcbigshort","United States"
"btcbqr","Japan"
"btcbruce1","United States"
"btcchaguan","United States"
"btcd_btc","Hong Kong"
"btcdavy","Hong Kong"
"btcdayu","Japan"
"btcergou","Hong Kong"
"btcethokb","United States"
"btcethtrader","North America"
"btcfuyao","Japan"
"btcgb52u","East Asia"
"btcgege999","United States"
"btcgodwan","Japan"
"btcguige","East Asia"
"btcheihei","Japan"
"btclaomao6","Japan"
"btclaoying","Japan"
"btcman2008","India"
"btcmaxz","United States"
"btcmileo","Hong Kong"
"btcmos","East Asia"
"btcnftfi","Hong Kong"
"btcniumowang","Belarus"
"btcoindown","Japan"
"btcptsm","Japan"
"btcseeker2026","Ukraine"
"btcup99","Japan"
"btcwinter","Hong Kong"
"btcwukong","Hong Kong"
"btcxu520","East Asia"
"btcyjx","Hong Kong"
"btcymg","Germany"
"btcyuanying","Japan"
"btczcv","Hong Kong"
"btczhige","Hong Kong"
"bth95147","Japan"
"btone2000","East Asia"
"btrbetrayer","Korea"
"btsouth","United States"
"btsseven___","Brazil"
"btv27776108","China"
"btv_cn","Thailand"
"btw_bellaa","Pakistan"
"btwithricky","Nigeria"
"btwniian","Peru"
"btyicon","Hong Kong"
"btzhuyiy","Japan"
"buaaxhm","Japan"
"buabb1","Thailand"
"buaigoudemao","Korea"
"buanawisnu","Indonesia"
"bubble_inari00","Japan"
"bubblegumwaffen","United States"
"bubblesolidice","North America"
"bububububudo","Japan"
"buccrewcanvas","United States"
"buchao0130","Japan"
"buchitang27","Japan"
"buckleykevin","United Kingdom"
"buda_pestinha","United States"
"buddhalike14","United States"
"budospark4","Japan"
"budu_2","Nigeria"
"buen_viaje_2033","Japan"
"buereth","Hong Kong"
"buffkatarina666","Taiwan"
"buffoonwt","Taiwan"
"bugrackrl1461","Turkey"
"buhaha390277","United States"
"buhequn","United States"
"build_vaper","Japan"
"buildnomadx","Hong Kong"
"buildwith_yash","India"
"buildwithaino1","United States"
"buildwithrajath","India"
"bujelloo","North America"
"bukanternaksapi","Indonesia"
"bukasphere","United States"
"bukethcgl","Viet Nam"
"bukimxga","Hong Kong"
"bukkan817","Japan"
"bulba_lab","Japan"
"bulbul2081400","India"
"bulbulkun","Indonesia"
"buliuming168","Hong Kong"
"bull_starship","Taiwan"
"bull_starship0","Taiwan"
"bulletvenky1","North America"
"bullionstar","Singapore"
"bullishcalls1","Pakistan"
"bullonmarket","North America"
"bullsnetworkgl","South Asia"
"bullytang","Hong Kong"
"bumpeng27","Korea"
"bumwoozle","Indonesia"
"bunagozaka","Japan"
"bunbunbunzuki","Japan"
"bunkachan66","Japan"
"bunnisaki","India"
"bunny69v","Japan"
"bunny_crypto_09","Southeast Asia"
"bunnyacadzone","Philippines"
"bunnybtc100","Hong Kong"
"bunnynpals","United States"
"bunnytraprock","Japan"
"bunsadak","Japan"
"bunseisya","Japan"
"buntymeghwal18","India"
"burakaydin1mjh","Turkey"
"burakbulutt9ze","United States"
"burbwrakenvapo","Hong Kong"
"burcuciftci27_","Turkey"
"burger_garden","Southeast Asia"
"burningbluefl18","United States"
"burnsnathan3936","Viet Nam"
"burtaispur1q","India"
"buseavcilsgf","Turkey"
"busebozkuryb33","United States"
"buseerdogaoifh","Turkey"
"busekoc57ai","Turkey"
"bushipingguopai","Hong Kong"
"bushiwuwo","Japan"
"bushou_retsuden","Japan"
"business","United States"
"busterwind","Philippines"
"busuttil_luca","United Kingdom"
"busybrainfeld","Nigeria"
"busycat212","Singapore"
"butanetoskinnn","United States"
"butchersdeath","United States"
"buterannts","Brazil"
"butfabutfa","Australia"
"butsuryubiyori","Japan"
"butterfly777123","Japan"
"butterfly_soars","Japan"
"buttontricia","Argentina"
"butuenaofficiel","Congo"
"buuuuuuuba","United Kingdom"
"buyandsell1718","Japan"
"buycoman","Taiwan"
"buyingrimowa","Malaysia"
"buzhidaoqishala","Thailand"
"buzz_owly","Japan"
"buzzjoy2010","North America"
"buzzmalx","United Kingdom"
"bv_pxwh","Australasia"
"bvbhaaland9","Hong Kong"
"bvmies","Korea"
"bvonavi","United States"
"bwc_666","New Zealand"
"bwenews","Southeast Asia"
"bwhiteatl","United States"
"bwhiteheadetyl8","United States"
"bwhw2st5","Japan"
"bx1818","Hong Kong"
"bxiaokang","Taiwan"
"bxlyi","United States"
"bxy1225580","Germany"
"by84accident","Korea"
"bya_kuei","East Asia"
"bybit_zh","Singapore"
"bydaotina","Hong Kong"
"byelphaba","Brazil"
"byeongchankim","Korea"
"bygregorr","Slovenia"
"bylerchosis","United Kingdom"
"bylinebabe","Australasia"
"byot39nloipzs6u","Netherlands"
"byros3_","Brazil"
"bystand3rs","United States"
"bytelee_trade","Japan"
"byungsamk","Korea"
"bywang94","Hong Kong"
"byzo3","Japan"
"bzd111","Singapore"
"c080010","Brazil"
"c17525","United States"
"c2r9s","United States"
"c3reve","Japan"
"c423855046","Taiwan"
"c4td00r","Japan"
"c6suf8o","Hong Kong"
"c707l9ipmnkekxo","Japan"
"c919sh","United States"
"c9918c","Hong Kong"
"c9inevm","Nigeria"
"c_5","Japan"
"c_alories","Canada"
"c_jiu5261bwb","Japan"
"c_largorn","United States"
"c_littleshrimp","Malaysia"
"c_mobike","United States"
"c_stone2024","China"
"c_uxsc","Japan"
"ca4ida","Japan"
"cabatlmexhznnse","Japan"
"cabazaoglu","Viet Nam"
"cablemover","United States"
"caca030908","Japan"
"caca0mame","Japan"
"cacadillac","Brazil"
"cacaoaida","Japan"
"caccy_001","Nigeria"
"caesarfamilies","Turkey"
"caesarxueth","Japan"
"cagana44899","West Asia"
"cagom__","Korea"
"cai_ge842","Taiwan"
"caicai1953","Japan"
"caihaozhe57389","Australia"
"caijingshujuku","United States"
"caine198304","Korea"
"caini56006962","United States"
"caioruscillo","Brazil"
"caipibaddie","Brazil"
"caiqingyanjiu","Taiwan"
"caiquecomenta_","Brazil"
"cairojardim","Brazil"
"caishen_da","Japan"
"caitian47218","Singapore"
"caitliniberry","Japan"
"caitorosales","United States"
"caixukunkkun","Japan"
"caiyue5","United States"
"caizhenghai","Singapore"
"cakabey0007","Turkey"
"cal6u","Japan"
"cal_irvine","Canada"
"calbee_pr","Japan"
"calchng","Singapore"
"caleb_web3","Hong Kong"
"calebmuruhuura","Africa"
"calebxiayume","United Kingdom"
"calescott","United Kingdom"
"calicryptodude","United States"
"caliraval","South Asia"
"calistahameby","Brazil"
"call110_","Taiwan"
"call_it_soul","Taiwan"
"callin331","Canada"
"callma3248","Japan"
"callme_daishaaa","United States"
"callmestraynjah","Africa"
"callxsurreal","North America"
"calmdegen","Japan"
"calvinc42556066","United States"
"calvinl42618319","Indonesia"
"cam_cam_41","Japan"
"camanbertel","Japan"
"camedocmobile","Japan"
"camel317","Japan"
"camellia250327","Japan"
"camellia_90","Japan"
"cameramannori","Japan"
"camerontok715","Japan"
"cami_montesino","Argentina"
"cami_sanab","Colombia"
"camilledor51481","United States"
"camilleleofgpf","India"
"caminuu","Argentina"
"camp0567","Japan"
"can3yu","Japan"
"canaan_tw","Japan"
"canacororo","Japan"
"canadahongkong6","Hong Kong"
"canary_in_m1ne","Korea"
"cancan20220916","Hong Kong"
"candicegantt","United States"
"candicehecn9","Canada"
"candieshes0tgo","France"
"candizerko3a","Canada"
"candleellen","Taiwan"
"candyikhw","China"
"candykanehx","Canada"
"canger333","Netherlands"
"canghe","United States"
"canghei_404","United States"
"cangshengtage__","East Asia"
"canhua1023","Hong Kong"
"cankaracaf2cv","Japan"
"canned_potat0","Korea"
"cano_fce9564","Japan"
"canon20230613","Japan"
"cantirv59","Colombia"
"cantrelidi4681","Taiwan"
"cao_huaye","United States"
"caoboy01","United States"
"caogenxiaotudou","United States"
"caojitw","Taiwan"
"caolei1","Germany"
"caomei_nz","East Asia"
"caomeilizi01","United States"
"caoshengluxun","United States"
"caowenwen5","Hong Kong"
"caoyond","United States"
"caoyuan60566","China"
"caozlog","Singapore"
"capcom_france","France"
"capfuel","United States"
"capimxforever","Mexico"
"cappschool","Taiwan"
"cappuccino0902","Southeast Asia"
"cappuccino_0208","Japan"
"capriceban15997","Germany"
"captain_kaiz","United States"
"captain_kent","East Asia"
"captain_odds","Japan"
"captaini0n3","Malaysia"
"captainwang_","France"
"capure_rin","Japan"
"capycola","Japan"
"car1on","Japan"
"caramelmanleola","Japan"
"caraquenempensa","Brazil"
"caraxes_dt","Bangladesh"
"cardaleph1","Canada"
"cardsnacks","United States"
"career_agent10","Japan"
"careim3","Indonesia"
"caresigara","Turkey"
"carher0663","Nicaragua"
"caribbean_kingt","Japan"
"carinejm2","Brazil"
"carl08178543","Hong Kong"
"carlajimenez9","Brazil"
"carlchery","United States"
"carlitomwas","Kenya"
"carljohnsoahik","Turkey"
"carllee14995892","China"
"carloosq_","Brazil"
"carlosbolsonaro","Brazil"
"carlosivanj8","Brazil"
"carlosmperalta","Paraguay"
"carlospross","Brazil"
"carlosr28356381","Brazil"
"carmanymar51196","Canada"
"carmelbakkzcz","Italy"
"carmelinacwkrx","Philippines"
"carnetdech","Japan"
"caroleedis34975","Indonesia"
"carolehyskeuv","Canada"
"caroleparkes1","United Kingdom"
"carolinechoi14","Korea"
"carolinybarbie","Brazil"
"caroljim9365","United States"
"carolrkives7","Brazil"
"carols1lk","Singapore"
"carolyn1333377","Germany"
"carp_younoacc","Japan"
"carpen0","Japan"
"carpenterr12630","Hong Kong"
"carphappyslyly2","Japan"
"carrasclerc","South America"
"carricongo95996","Indonesia"
"carriejodi58474","United States"
"carriesetl88974","United States"
"carriezheng15","Hong Kong"
"carrifalasfuj","Brazil"
"carrywang55688","Singapore"
"carseven","Japan"
"cartadeludecker","Italy"
"cartii407","Brazil"
"carulee553","Japan"
"carv_official","Indonesia"
"carynco2017","Japan"
"cas3333333","United States"
"cashewn33969774","Japan"
"cashmullar23","Africa"
"casper777_eth","Japan"
"caspoilz","India"
"cassidy_esteves","United States"
"cassondraayhq","United States"
"castellarinando","Brazil"
"casuall56447021","Hong Kong"
"cat012022","Japan"
"cat703r","Singapore"
"cat799330104","Japan"
"cat88tw","Taiwan"
"cat9lord","Hong Kong"
"cat_anko3","Japan"
"cat_armour","Malaysia"
"cat_timi","Japan"
"cata_etcheverry","Uruguay"
"catalogicalism","United States"
"catalystmindhq","Kenya"
"catapimbas_ac","Brazil"
"catasswiftie","Turkey"
"catcatcat_73517","Japan"
"catches0106","Korea"
"catgodking1","Singapore"
"catguy_00","Japan"
"catherinek20603","United States"
"catherinep31946","United States"
"catherinep4545","United States"
"cathiedwood","United States"
"cathiefarabumg","Brazil"
"catholic1damien","Japan"
"cathym17947","United States"
"cathym46961","United States"
"catkingac","United States"
"catmangox","Japan"
"catnibie","United States"
"cato_kt","Singapore"
"cats_723","Japan"
"cattgp01","Cambodia"
"cattxxxy","United States"
"catty_cat200k","India"
"caucasus50","Singapore"
"caughtoncam_1","Nigeria"
"cava_allo28","Japan"
"cavendish_aba","Nigeria"
"cayerfaye26243","Taiwan"
"cb40185556","Japan"
"cbascar6","South America"
"cbdnatsuking","Japan"
"cber_cmczh","Hong Kong"
"cbsnews","United States"
"cbssportsgolazo","United States"
"cc05778068","Singapore"
"cc1221","United States"
"cc4652607686787","China"
"cc5oi","North Africa"
"cc71bb","United States"
"cc910813","Hong Kong"
"cc_ethh","East Asia"
"cc_jjjccc","China"
"cc_xianxian966","Korea"
"ccccc147258369","Japan"
"cccccccccfk","Hong Kong"
"cccybersilicon","United States"
"ccfd573411","Taiwan"
"ccll20021","China"
"ccoincash","Hong Kong"
"ccokynn","Japan"
"ccparabellum","Hong Kong"
"ccpiggy_","Hong Kong"
"ccplittledick","United States"
"ccrypto_xyz","Japan"
"cctechnotes1917","United States"
"ccwwbb111","Japan"
"ccy1871","Hong Kong"
"cczhang01260420","Hong Kong"
"cczoywhlvjnnyk","United States"
"cd11891962","United States"
"cdabqbkimhausw","United States"
"cdd56656","Hong Kong"
"cdexsta","United States"
"cdqfiymprp41539","Taiwan"
"cdzhangs","United States"
"ce_account58","Japan"
"ceajeerosana","Philippines"
"cecilia2050020","North America"
"cecilia2067864","Japan"
"cedric_rune","United States"
"ceecirno","United States"
"ceee333_","Hong Kong"
"ceeraunophile","Indonesia"
"cekerrrbabattt","Indonesia"
"celebesian1945","Indonesia"
"celestinejschn3","United States"
"celia_haiek","Brazil"
"celiazza","Indonesia"
"celina46407233","Germany"
"celrak0303","Serbia"
"celsiusofficial","United States"
"cemins_zzh","United States"
"cemreoztur5hil","Turkey"
"cenderson18510","United States"
"centyd19","Turkey"
"ceobriefing","United States"
"ceolei","Hong Kong"
"ceospacey","United States"
"ceowleo","Japan"
"cepeha1128","Japan"
"cerenozerniba","United States"
"cerisecastle","United States"
"cernunnos_oak","North America"
"cerradaamabil","United Kingdom"
"certified_lala","Nigeria"
"cerulean_tokyu","Japan"
"cervantesm92516","United States"
"ces832267608418","Hong Kong"
"cesarjb","Brazil"
"cevenif","East Asia"
"cfc_haron","Kenya"
"cfsq143","Japan"
"cg_brc20","Hong Kong"
"cglgi","Japan"
"cgnot996","United States"
"cgxag8ocrs37305","East Asia"
"ch1ng3","Japan"
"ch1y4","Korea"
"ch2312554999211","United States"
"ch404en","United States"
"ch4n_a_","Korea"
"ch50637238","Japan"
"cha10ra_a0","Japan"
"cha38860834","Japan"
"cha747888","United Kingdom"
"cha_xun92563","Hong Kong"
"chaaaaan_maru","Japan"
"chaaaaww","Indonesia"
"chabinosuke_","Japan"
"chabooooo_","Korea"
"chad4017","United States"
"chadxiaye","Singapore"
"chaechae_ii","Indonesia"
"chaeseong0529","East Asia"
"chafimiury","Brazil"
"chain00x","Hong Kong"
"chaincanvasart","Africa"
"chaincatcher_","Hong Kong"
"chainchaservn","Viet Nam"
"chainepic","United States"
"chainmaxi_joe","Hong Kong"
"chainwithxdao","Hong Kong"
"chairbtc","Hong Kong"
"chairmanzohh","United States"
"chakmillion","United States"
"chakoartist","Taiwan"
"chalanbll","United States"
"chalatann","United States"
"challenge_ma24","Japan"
"championsleague","Europe"
"champuru_0","Japan"
"chamumiuu_uo","Japan"
"chan39__h2h","Japan"
"chan57132774","Korea"
"chan_0w0_pom","Japan"
"chanam0_","Korea"
"chance_ayaka","Japan"
"chanchan464984","Japan"
"chanda_ishu","India"
"chandra13101734","India"
"chandra72017141","Korea"
"changfengjx","Japan"
"changhe12021130","Japan"
"chango141319","Japan"
"changqingxue","United Kingdom"
"changsidne","East Asia"
"changxiaweb3","Japan"
"changyinn2","Hong Kong"
"changzi_btc","Hong Kong"
"chanhamamamama","Japan"
"chanong_0730","Korea"
"chanshuyixia","Taiwan"
"chantalvolant","Australia"
"chanto_magazine","Japan"
"chanxbnb","Europe"
"chanyamaink0202","Japan"
"chao06191","United States"
"chaocacbannn","Southeast Asia"
"chaoge_btc","East Asia"
"chaojidigua","Australia"
"chaos8929","Japan"
"chaosun79640411","Singapore"
"chaoswaters","China"
"chaotic__soull","India"
"chaowxyz","Japan"
"chaoxiao","Hong Kong"
"chapebatuka","Spain"
"chappelwifok","South America"
"char1es4k","Germany"
"charadegio5r","Viet Nam"
"charcharssf","United States"
"charles1164btc","Korea"
"charles59141835","Germany"
"charlesjhchen","United States"
"charlesmarjyd5","Turkey"
"charlestingler","United States"
"charlettehhnvb","Germany"
"charlie158796","Japan"
"charlie42103733","United States"
"charlie_ray03","Singapore"
"charliemakmd3","France"
"charlotthosjdq","Philippines"
"charm36394053","United States"
"charminglin3","North America"
"charmq00","Japan"
"chase_hyoung","Japan"
"chaselatif49272","United States"
"chasen_liao","Taiwan"
"chassidyanda","Brazil"
"chatou05","Canada"
"chauncey_cai","Hong Kong"
"chavalaaar","United Kingdom"
"chawandayo","Japan"
"chazyh2024","China"
"chchenhao0129","Japan"
"che_iiseol","East Asia"
"chediakmusic","Brazil"
"cheeky_robber_","Korea"
"cheemsfund","Hong Kong"
"cheerful_clinic","Japan"
"cheery9998","United States"
"cheesepower2026","Ireland"
"cheeteaaa","Indonesia"
"cheezma","United States"
"chefmattg17","United States"
"chehonz201","Japan"
"chehyun88","Southeast Asia"
"chelseaamusic","United States"
"chelseagailll","Philippines"
"chelsey24517","Japan"
"chelsielor3ie","Turkey"
"chemicalheadset","United Kingdom"
"chemzqm","United States"
"chen0xa3","United States"
"chen1223935","China"
"chen20010418","Japan"
"chen210381","Japan"
"chen23610230","Hong Kong"
"chen271902","Japan"
"chen_weichen888","United States"
"chen_yipk","Hong Kong"
"chenantong_ct","New Zealand"
"chenboos5","Japan"
"chenchen0545","Singapore"
"chenchen4410999","Taiwan"
"chenchencheng20","Japan"
"chenchenger3","Singapore"
"chendac_11","Singapore"
"chenedickey","North America"
"chenfengwang927","United States"
"cheng_shua7777","Taiwan"
"chengcc139","United States"
"chengcheng0121","Taiwan"
"chengengye","United States"
"chengenutri","United States"
"chengetrader","Japan"
"chenggong64621","China"
"chengwz74","China"
"chengyi3629","United States"
"chengying0815","United States"
"chengyujin6","Japan"
"chengzhegao","United States"
"chengzi808","Hong Kong"
"chenh2rno","United States"
"chenhui34701","Japan"
"chenhunxian","Taiwan"
"chenjin1989","Japan"
"chenjin38415479","Iceland"
"chenk809","France"
"chenkeda857","Hong Kong"
"chenluhaos","Hong Kong"
"chenmmyqp","Japan"
"chenpi81836","China"
"chenpinganbtc","Hong Kong"
"chenreason","Japan"
"chenruguex","East Asia"
"chenshanke","Hong Kong"
"chenshuoai","Japan"
"chensisi3344","China"
"chensteven0016","Hong Kong"
"chentomcallme","Japan"
"chenxiang206168","Hong Kong"
"chenxingdotli","Hong Kong"
"chenyu544709","Hong Kong"
"chenyu55235","East Asia"
"chenyue19190","Singapore"
"chenyukang1111","United States"
"chenyyuunn","Taiwan"
"chenzhao650947","United States"
"cheong_ii_","Korea"
"cheong_mbng","East Asia"
"cherellevarno","Canada"
"cherepyjul25588","India"
"cherl5chu","Japan"
"chernjr","United States"
"cherrimiles","Indonesia"
"cherrsr","Hong Kong"
"cherry_chiyaro","East Asia"
"cherry_mx_reds","United States"
"cherrybetteri","United States"
"cherryhido","Korea"
"cherryloveyo","Uganda"
"cherrylsalreia","United States"
"cherrynamua","Korea"
"cherryo3005","Japan"
"cherrypayment","United States"
"cherudenrot","Singapore"
"cheryleseibpe","Viet Nam"
"cheryllcorchado","United States"
"cherylnatsu","Hong Kong"
"chessxyz","United States"
"chetaslua","India"
"cheto_chan","Japan"
"cheuk_baby","Hong Kong"
"cheungsiujoeng","Korea"
"chevozhao","Japan"
"chhabragarvit","France"
"chi___cheng","Taiwan"
"chi___nuts316","Japan"
"chi_co_01","Japan"
"chi_kamso002","Nigeria"
"chi_koike61134","Japan"
"chi_maruxx","Japan"
"chiayuemily","Taiwan"
"chibaocchi","Japan"
"chibie1919","Japan"
"chibiru_m","Japan"
"chibiusa_hhn","Japan"
"chibiusalab","Japan"
"chibuikem079","Nigeria"
"chicatrauma","Viet Nam"
"chicchiiiiichan","East Asia"
"chichilove77_3","Taiwan"
"chichoooo00","Viet Nam"
"chiderapat4394","Nigeria"
"chie0move","Japan"
"chiedomatilda","Nigeria"
"chiefchris_z","Hong Kong"
"chieff010","Ghana"
"chiefofstaffza","South Africa"
"chieringoaple","Japan"
"chiffon_1023","Japan"
"chigua168com","Singapore"
"chihayasakuya","Japan"
"chihiro_asahi","Japan"
"chihirock_69","Japan"
"chihirokasmi","Japan"
"chihuaranger","Japan"
"chii_kurimanju","Japan"
"chiikawa_kouhou","Japan"
"chiikawa_market","Japan"
"chiiluvbobo85","Japan"
"chiirousenkorl_","Southeast Asia"
"chijiokeuzuegbu","Nigeria"
"chika_ryu_","Japan"
"chikako_career","Japan"
"chikami_ez","Japan"
"chikinnanban9","Japan"
"chikinuggetsss","Indonesia"
"chiko0ki_sw","Japan"
"chikuihaku__sub","Taiwan"
"chikuwasarata","Japan"
"chilinbooks","Taiwan"
"chillchill244","Thailand"
"chills_valee","Uganda"
"chilltiger2046","Taiwan"
"chima48858","Africa"
"chime_sana","Japan"
"chimmiumiu","Brazil"
"china2i","Japan"
"china_haixing","Japan"
"chinacongress","United States"
"chinaealexander","United States"
"chinajinzhou","East Asia"
"chinapig198964","North America"
"chinapumpcn","North America"
"chinasctv","Hong Kong"
"chinataxtruth","Spain"
"chinatruth","Australia"
"chinese_uyghur","Philippines"
"chinese_xu","United States"
"chineselsxh","Hong Kong"
"chinesetast09","United States"
"chinesetrol1ing","Korea"
"ching_chunchang","United States"
"chinin_09","Taiwan"
"chinmayxtwit","India"
"chinmorphh","Germany"
"chinnscs","Brazil"
"chino22a","Japan"
"chinouchinou_","Japan"
"chinozouki","East Asia"
"chintsuki1001","Japan"
"chinzei_osuzu","Japan"
"chinzucely","Guatemala"
"chipadodo3002","Nigeria"
"chipchipgamezh","Hong Kong"
"chipotletweets","United States"
"chipro","United States"
"chiro3ine","Korea"
"chirophoenix1","Japan"
"chiruto_2k","Japan"
"chisa_luv7","East Asia"
"chisachansuki","Korea"
"chisame_m0123","Japan"
"chisatok19","Japan"
"chishingchan2","Hong Kong"
"chisu09336284","Taiwan"
"chisuke12150621","Japan"
"chitose_tochi","Japan"
"chitwnjoe","United States"
"chivesmineking","Australia"
"chiwawa_kkz","Japan"
"chiwawanek60689","Japan"
"chiwengng38905","Macao"
"chiyo_tsuduri","Japan"
"chiyoda_cosw","Japan"
"chiyodagroup","Japan"
"chiyorin6","Japan"
"chiyouyu_","Germany"
"chizurua1","Japan"
"chk_x09","Japan"
"chko_ten","Korea"
"chloeppan","Hong Kong"
"chloestilw14674","United States"
"chlshk","Japan"
"chlzidechch1","Hong Kong"
"chn1371913","United States"
"chnchn1072041","China"
"chnchngzi","China"
"chncwang","Singapore"
"chnfifn485901","China"
"chnkimin286973","East Asia"
"chnn00001","China"
"chnpng65372808","Germany"
"chnsupermax","Japan"
"chnx320244","China"
"chnxncn19362","Japan"
"chnzhnyn1125433","Japan"
"choa_cos","Korea"
"chobikunn","Japan"
"choc_o3","East Asia"
"choco01480980","Japan"
"choco1a_telv","Japan"
"chocobonplan","France"
"chocodery","Indonesia"
"chocogumi3748","Korea"
"chocolat07126","Japan"
"chocolat_x86","Hong Kong"
"chocomint163","Japan"
"chocomint450","Japan"
"chocoooo_pkc","Japan"
"chocoshumi","Japan"
"chocosmusic711","Japan"
"choeseo20040754","Japan"
"chofng150751","United States"
"choi_healjo","Korea"
"choiceone88","United States"
"choimaki_1210_","Japan"
"chokhrich1","Europe"
"chokuchoku36","Japan"
"chokusoufuneral","Japan"
"cholian_li","United States"
"chomakeee","Japan"
"chong35616","China"
"chong_2u","Korea"
"chonglintang","Singapore"
"chongxian","Hong Kong"
"choochoobboong","Viet Nam"
"choose_whs","United States"
"chorita27","Japan"
"choshi_cola","Japan"
"choshineko","Japan"
"chosmos110","Hong Kong"
"chota_srk_","India"
"choteahyun","Korea"
"choufchoufdz","France"
"chow600119","Taiwan"
"chowgong985","United States"
"chpsanjose","United States"
"chris037988","Taiwan"
"chris30ai","Japan"
"chris__pc","Hong Kong"
"chris_chen2016","Canada"
"chris_defi","Japan"
"chris_hk_chung","Hong Kong"
"chris_siris","Singapore"
"chris_vtuber","Hong Kong"
"chrisbloomstran","United States"
"chriscarroll50","United Kingdom"
"chrischan_9527","Singapore"
"chrischomenko","United States"
"chrisdawkesitv","United Kingdom"
"chrisdyanand","Canada"
"chrisemmanuel99","Nigeria"
"chrishurocks","United States"
"chrislee0033","United States"
"chrispaloni85","Norway"
"chrisprice","United States"
"chrissick","North America"
"chrisslacker","Singapore"
"christ65414945","India"
"christelslmfx","France"
"christenab86260","Canada"
"christenreann","United States"
"christi94555413","Austria"
"christianaqu3d","Brazil"
"christinehuntr5","United States"
"christinerzq9b","Turkey"
"christrangg","Singapore"
"chrisundcaro","Bangladesh"
"chrizhuu","United States"
"chromarigs","South Asia"
"chrome12138","Hong Kong"
"chronic_clinic_","Japan"
"chu_okame_16_10","Japan"
"chuan0704","Taiwan"
"chuanhai8964","East Asia"
"chuanliang","Malaysia"
"chuanshan2022","Hong Kong"
"chuanzhang55","Korea"
"chubooou","Japan"
"chuc65878mendez","Colombia"
"chuchu188297","China"
"chuckbass14291","United States"
"chuckthephoenix","United States"
"chudib2435","Africa"
"chuishaoren1","East Asia"
"chujerii","Korea"
"chujiaai","Japan"
"chumacn","Japan"
"chun__124","Japan"
"chunbtc","Japan"
"chunfenk","Hong Kong"
"chungho0513","Taiwan"
"chungsinisya","United States"
"chungvxun189098","Viet Nam"
"chuni_1028","Korea"
"chunliang2nd","United States"
"chuntianmiaobz","Europe"
"chunxiangai","Japan"
"chupyapya","East Asia"
"chuqingxu","Japan"
"churdson","United States"
"chuuckycheese_","Singapore"
"chuuuuuc_","Taiwan"
"chuwujiuyue","Hong Kong"
"chuyichat","Hong Kong"
"chuzzytech","Africa"
"chw_len_nuunaak","Japan"
"chxse4tl13","Brazil"
"chxyox_","Korea"
"chy224025","United States"
"chyon_25","Japan"
"chysom97021","Nigeria"
"chzhu120341","Philippines"
"chzikj","Europe"
"ci00759584","China"
"cia0_exe","Southeast Asia"
"ciallowo","Taiwan"
"cianlianyou","United States"
"ciao945604393","Japan"
"ciaotigre","United States"
"cici060611","Japan"
"cici24330597786","United States"
"cicihung","Taiwan"
"cie6jsuaa3oa2hx","Japan"
"ciel_742","Japan"
"cielo_magia","Japan"
"cienbreaker","Korea"
"ciennatime","United States"
"cierak491","India"
"ciesfb","Philippines"
"ciesfliers","South America"
"cifayebewapp","France"
"cigarsilk","Brazil"
"cii_hbtttt","Japan"
"ciichi_chiki","Japan"
"ciitotomama","Japan"
"cikenao666","Singapore"
"cikn357964","United States"
"cikoramdani","Indonesia"
"cincykat_","United States"
"cindere_wyn","Korea"
"cinderellakak","Taiwan"
"cindy83yb4","South Asia"
"cindyvalenzuela","Viet Nam"
"cinearquivo","Brazil"
"cinema48tvpro","Japan"
"cinepick31","East Asia"
"cinnybribri","Australia"
"cintayedam","Indonesia"
"cintodebalawk","Brazil"
"cionbase100000u","United States"
"cipher2x","Pakistan"
"cipherinthev0id","United States"
"ciqdvfijvw2346","Hong Kong"
"ciraodocerrado","Brazil"
"ciroxeth","South Asia"
"cisemzeybekoglu","Japan"
"cissiebern30599","United States"
"citeetoomuch","Nigeria"
"citizenappla","Mexico"
"citlus_pk","Japan"
"cittic2000","Japan"
"citynew666","Hong Kong"
"cityofterminus","United States"
"civicfun_blog","Japan"
"civion_x","United States"
"cizzl2","East Asia"
"cj1brpnlpv41990","East Asia"
"cj3214567667","Hong Kong"
"cjcbuuks4ego6zg","Japan"
"cjkangmkrj","Netherlands"
"cjmnbadbdc25944","East Asia"
"cknlaw1","Japan"
"cksk172122","Singapore"
"cktmsxsnot90466","Japan"
"cl4idough","Philippines"
"clairegu1","United States"
"clairemari2048","United States"
"clairepier20613","United States"
"clamber100","Canada"
"clamm3y","United States"
"clapmackietrap","United Kingdom"
"clara_j_0529","Japan"
"claragraha78260","United States"
"claris_jp_fm","United States"
"clarissa_carl66","Bangladesh"
"clarita_pi26116","France"
"classicthelegen","United States"
"classyolx","Brazil"
"claude_lab_kuu","Japan"
"claudeapicom","United States"
"claudiasch0t","United States"
"claudiofandrade","Viet Nam"
"claves_corp","Japan"
"clcj060128","Taiwan"
"clearshine365","United States"
"cleath2016","Canada"
"cleeoaktonva","United States"
"clementrox43540","United States"
"cleo_petricek","United States"
"cleohunking","Canada"
"cleojaa","Philippines"
"cleon616","Japan"
"clerk","United States"
"clevormitchh","Indonesia"
"click_burgundy","Japan"
"clicszn","Africa"
"cliff_mufc","Hong Kong"
"cliffe254_","Kenya"
"cliffordpajer0","United Kingdom"
"climbwithin","South Asia"
"cline","United States"
"clip_gusals","Korea"
"cliuxinxin","United States"
"clmrnlx555","United States"
"clo_rodrigues","Brazil"
"cloakmk","Hong Kong"
"clouderrrrrr","Taiwan"
"cloudi66","East Asia"
"cloudol","Taiwan"
"cloudrise0422","Japan"
"cloudysnowys","Indonesia"
"cloverbio","Canada"
"cloverjkgoo","Brazil"
"cls44440","Italy"
"clue762139","Japan"
"clutchclipse","Canada"
"clyde1091015","Germany"
"clyde23776581","East Asia"
"clydejagieilec","Brazil"
"cm0054","Germany"
"cmaduuh","Brazil"
"cmagazi","United Kingdom"
"cmhoennexy","Japan"
"cmikewvu","United States"
"cml1x_","Brazil"
"cmo20160825","Japan"
"cmonrealitytv","Colombia"
"cmramirez","Colombia"
"cmrn_v","China"
"cmsncdnmorsfyw","United States"
"cmsngsd","Korea"
"cnan_______","Japan"
"cnbc","United States"
"cnbctv18news","India"
"cnbmpng","Papua New Guinea"
"cnbuyer","United States"
"cnex888888","Hong Kong"
"cngaohui","United States"
"cngtrnngc1","Viet Nam"
"cnkvrtwoco88921","Japan"
"cnlarry","Hong Kong"
"cnn","United States"
"cnnbrk","United States"
"cnoxc815","Singapore"
"cns1952","United States"
"cntkp5hge1xvbtf","Japan"
"cntrader666","United States"
"cnxsoft_chinese","Thailand"
"cnyzgkc","United States"
"cnzhihao","United States"
"co604153","Japan"
"co__321","Japan"
"coach_hipuqi","North America"
"coachdoug10","India"
"coachhoz","United States"
"coachyuuki","Japan"
"coal_mus_yubari","Japan"
"coccolonadgn","United States"
"cochi915","Japan"
"coco313498","Japan"
"coco961001","Japan"
"coco_btc88","Germany"
"coco_table","Korea"
"cocoaadachi","Japan"
"cocoabutterbf","United States"
"cocoanoborito","Japan"
"cococ9t","East Asia"
"cocohama26","Japan"
"cocokabu_2024","Japan"
"cocolateblkberi","United States"
"cocolianshang","Japan"
"cocologe","United States"
"cocomed4cc","Japan"
"cocona_610_ai","Japan"
"cocone_sama","Japan"
"coconutcream_s2","Korea"
"coconutpuffs828","Taiwan"
"cocorrk","Singapore"
"cocoyoyo43957","United States"
"cocuzzo_kaitlyn","United States"
"code7forzn","Hong Kong"
"code_fudosan","Japan"
"codecast_airi","Japan"
"codecast_neon","Japan"
"codedgrim","Africa"
"coder_left","Singapore"
"coderdaming","Singapore"
"coderfadipe","Nigeria"
"coderjunkie","Viet Nam"
"coderzhh","United States"
"codewith55","South Asia"
"codingwithyi","United States"
"codms_xwx","Korea"
"codomocojp25","Japan"
"cody_defi","Singapore"
"codyben76492390","United States"
"codyedds","United States"
"codyhunk","East Asia"
"coedodrone","Japan"
"coeeio","Hong Kong"
"coehud7","Germany"
"coffee12e","Hong Kong"
"coffee_mochq","Japan"
"coffeeset5","Japan"
"cognition","United States"
"cohencommunicww","Spain"
"cohensite","United States"
"coin77","Korea"
"coin_monkeyking","Japan"
"coinboy717","Korea"
"coindesk","United States"
"coingecko","United States"
"coinmarketcap","United States"
"coins03","Singapore"
"coinsherif","Europe"
"coinslato","North America"
"cointelegraph","United States"
"coinupzh","Malaysia"
"coinway66","Singapore"
"cojn189587","Hong Kong"
"coke_kowoku","Japan"
"coklatpahiit","Indonesia"
"coknunada","Korea"
"cola_yinnnnn","Hong Kong"
"coldflamezameh","Nigeria"
"coldspecterus","United States"
"coldtusker","Kenya"
"coleheart123","Nigeria"
"colette_fantin","Mexico"
"coletteraucwb","Australia"
"colin35833","United States"
"colin_chen07","Japan"
"colinchen4","Hong Kong"
"colinwu","Japan"
"collado_valery","Hong Kong"
"collageboys01","Japan"
"collepapier","France"
"collinhow3","United States"
"collinsryu0","Nigeria"
"color_buddha","Japan"
"coloradodems","United States"
"colorbit_bcore","Japan"
"colordotschoco","Japan"
"colorfulblack11","China"
"colorfulnian","United States"
"colorsmdy","Canada"
"colpolucao","Brazil"
"coltonprice23","United States"
"colynxu","New Zealand"
"com0loquieras","Japan"
"combz_official","Japan"
"comebackmother","Japan"
"comet1198","Korea"
"comic_boss","United Kingdom"
"commagen01","France"
"commandinghand","United States"
"commiepommie","Australasia"
"completeskeptic","United States"
"computewave","United States"
"comradeshiokko","Malaysia"
"comucomu_sub","Japan"
"con_pota_0","Japan"
"cona_anoco","Korea"
"conanfode","Brazil"
"conceal00","Southeast Asia"
"concreteee","Hong Kong"
"condeymanchu","Argentina"
"conecofilm","Japan"
"confepretti","France"
"congchl","Korea"
"congge918","Hong Kong"
"conglei_shi","United States"
"congwan65316282","Hong Kong"
"connectfarm1","Taiwan"
"connie50da2","Bangladesh"
"conniechen20337","United States"
"connierafferty1","Germany"
"conpeito_otrhk","Japan"
"consentida3012","United States"
"conso_zh","United States"
"constantin4333","Hong Kong"
"constants2026","United States"
"consuelo_ai","Spain"
"contextwindow_","United States"
"continuing1405","Taiwan"
"coo_1200","Japan"
"cooks34522","United States"
"cooktin2312","Taiwan"
"cool_goose","Netherlands"
"coolbillibigboy","Netherlands"
"coolboxx3","Hong Kong"
"coolboy1262","United States"
"coooolxyh","United States"
"cooper_parker12","United States"
"cooperphaedrus","Canada"
"copacabanacalls","Africa"
"copiest_archive","Korea"
"copycatswww","Canada"
"coraaaaazz","Singapore"
"corafture","Japan"
"coralpulla14750","Spain"
"corderorambal","Hong Kong"
"core_002","South Asia"
"corehunter007","Nigeria"
"coreshika","Japan"
"corgi_inwestor","Poland"
"coriestatz","Viet Nam"
"corintiamo78","Brazil"
"corleone0414","Canada"
"corlissescpi4","United States"
"cornoeliastreet","Australia"
"corocoro0625","East Asia"
"coron46128753","Japan"
"coron_coron314","Japan"
"corporatico1","Mexico"
"corr_404","Japan"
"correiasis36035","Brazil"
"corros899","Hong Kong"
"corrosivepsyche","Taiwan"
"corsica267","United States"
"cortesroqu","Mexico"
"cortis_keonheo","Indonesia"
"cortisfess","Indonesia"
"corwynn__","United States"
"cory","United States"
"cosae79","Japan"
"coseryaya","Hong Kong"
"cosmic2026angel","Japan"
"cosmodiaarts","Japan"
"cospacar","Japan"
"cosplayer_kid","Japan"
"costagilmar82","Brazil"
"costcocleanerm","Japan"
"cota989","Korea"
"cotchaaann","Japan"
"cottiwwww","United States"
"countpascal","Turkey"
"countrymusicvon","United States"
"courageboigg5b","Nigeria"
"courtney89qi0","Bangladesh"
"covachong","Malaysia"
"coverdalem50438","United States"
"covid1901164089","Hong Kong"
"covo_error","Hong Kong"
"cow_sx","Hong Kong"
"cowp2hu","United States"
"coxdepiscis","Argentina"
"coxoesdouruha","Brazil"
"coyotezzy3397","Brazil"
"coysgeera","Hungary"
"cozy804","Taiwan"
"cozyceto","United States"
"cozytomcat","United States"
"cpduzaqcto59761","Japan"
"cpg8yayzob96609","Singapore"
"cpgtheofficial","Macedonia"
"cpit666","United States"
"cpldenny","United States"
"cpr_ika","Japan"
"cprp_official","Austria"
"cpttankerjoev2","United States"
"cpulok","South Asia"
"cpy0427","Japan"
"cqing58","Japan"
"cr8545","United States"
"cr_tyq","Taiwan"
"crackalist","Japan"
"crackfantasy49","Korea"
"crackthelens","Saudi Arabia"
"craig1874442","East Asia"
"craig_cryo","United States"
"cras0090","Japan"
"crastinaweb","Japan"
"crazy_enforcer","Japan"
"crazy_wxf","Japan"
"crazyaiagent","Southeast Asia"
"crazyautobots","United States"
"crazychenxin","Taiwan"
"crazycilantro","East Asia"
"crazykaomei","United States"
"crazyox","East Asia"
"crazypig9y","Taiwan"
"crazysoyo","United States"
"crbpite8","Japan"
"cre_edge","United States"
"creamsoda0728","Japan"
"creamyhaoscar","Hong Kong"
"creascy1","Japan"
"creation_21","Japan"
"creatocalm","Viet Nam"
"creytovil","Brazil"
"crftranca","Brazil"
"crgo64","France"
"cricuniverse7","United Kingdom"
"criptoneeds","Korea"
"cristia63876786","Brazil"
"cristiano","Portugal"
"cristianrus4","New Zealand"
"cristiantellye","North America"
"cristiianrueda","Colombia"
"criterion","United States"
"crm80","United States"
"cromvuknkz0tju","Japan"
"crossotherside","Canada"
"crosstiesbook","United States"
"crowdlinker","Canada"
"crowj960","Japan"
"crowkkkkkk","Hong Kong"
"crpytonius","Turkey"
"crr2films","United States"
"crrrrazygirl","Korea"
"crt__s2","Korea"
"cruzpoliani","Brazil"
"cruzrials","United States"
"cruzzctrl1","Kenya"
"crvwap","Hong Kong"
"crx4eepy","Korea"
"cry_wolf_jp","Japan"
"crycryptor","East Asia"
"cryinqghoul","United States"
"crypt0_me","Australasia"
"crypt0_n0va","Pakistan"
"crypt0blur","South Asia"
"crypt0fud","Malaysia"
"crypto0xl","Hong Kong"
"crypto0xsimon","Hong Kong"
"crypto0xygen","Bangladesh"
"crypto1515","Japan"
"crypto634_","Japan"
"crypto77qi","Hong Kong"
"crypto8ge","Japan"
"crypto_1nox","Japan"
"crypto_azu","Singapore"
"crypto_bcri","Hong Kong"
"crypto_biubiu","Hong Kong"
"crypto_blueboy","Japan"
"crypto_camp_","France"
"crypto_chanshi","Canada"
"crypto_chengzi","Hong Kong"
"crypto_daddy021","Nigeria"
"crypto_daha","United States"
"crypto_daliyu","United States"
"crypto_fun_fun","Japan"
"crypto_guy360","United Kingdom"
"crypto_he","Hong Kong"
"crypto_hyyk","Japan"
"crypto_jxuan","East Asia"
"crypto_key6","Hong Kong"
"crypto_kke","Japan"
"crypto_l92","Japan"
"crypto_mooncity","Bangladesh"
"crypto_oldbaby","East Asia"
"crypto_potato","Europe"
"crypto_pumpman","Taiwan"
"crypto_yang8888","Hong Kong"
"crypto_yimi","Europe"
"crypto_yulia","Viet Nam"
"cryptoadamwong","United States"
"cryptoapprenti1","Mexico"
"cryptobella88","Japan"
"cryptobey123","Hong Kong"
"cryptoboy1q","India"
"cryptobravehq","Hong Kong"
"cryptobroker99","United States"
"cryptobtcgold","Hong Kong"
"cryptocaarl","Hong Kong"
"cryptocapooo","Spain"
"cryptochunshui","Japan"
"cryptocondoms","United Arab Emirates"
"cryptocyphereth","United Kingdom"
"cryptodafa","Hong Kong"
"cryptodoggycn","Korea"
"cryptoedgar_","Poland"
"cryptoelara","South Asia"
"cryptofenggebtc","Japan"
"cryptofengshao","Hong Kong"
"cryptofergani","Germany"
"cryptofi_18","Taiwan"
"cryptogemrnld","Indonesia"
"cryptoghetto111","Taiwan"
"cryptogiio","Japan"
"cryptogodwin","Africa"
"cryptoguocheng","Japan"
"cryptoguyinza","South Africa"
"cryptoholderls","Japan"
"cryptohorse93","Malaysia"
"cryptoian88","Singapore"
"cryptoinfopoint","Slovenia"
"cryptointelpost","United States"
"cryptojason1379","Hong Kong"
"cryptojhk","Japan"
"cryptojhlim","Korea"
"cryptojiejie","Japan"
"cryptokeji","Japan"
"cryptokris666","Hong Kong"
"cryptolabs_andy","Hong Kong"
"cryptolajiao","United Kingdom"
"cryptolilyli","Germany"
"cryptolinda777","United States"
"cryptolive001","Hong Kong"
"cryptolz2030","United States"
"cryptomartin86","Viet Nam"
"cryptomeina","United States"
"cryptomi146701","Hong Kong"
"cryptoocean99","West Asia"
"cryptopainter","Taiwan"
"cryptopikachu","Taiwan"
"cryptopitaya","Hong Kong"
"cryptopulsexgl","Bangladesh"
"cryptopump990","South Asia"
"cryptoroom007","Taiwan"
"cryptorounder","Hong Kong"
"cryptorover","Netherlands"
"cryptosangou","Hong Kong"
"cryptoshillz06","India"
"cryptosignallab","Japan"
"cryptosis9_okx","Hong Kong"
"cryptosociety42","East Asia"
"cryptosoha66","Japan"
"cryptotwittter","United States"
"cryptotzwf","Hong Kong"
"cryptov_alpha","Japan"
"cryptowesearch","Taiwan"
"cryptowhale1888","Hong Kong"
"cryptoxiaodd","Hong Kong"
"cryptoxiaoxiang","Canada"
"cryptoyoddha","South Asia"
"cryptoyuxin","Hong Kong"
"cryptoyy6","Hong Kong"
"cryptozhongma","Japan"
"crypturewu999","Taiwan"
"crypyter","United States"
"crystal_zeo","China"
"crystalchen0622","United States"
"crystallovecht","Australia"
"crystalsalt7","Europe"
"cs0xzyx1na17193","Japan"
"cs994032","Singapore"
"cserieslover","Thailand"
"csf1349","United States"
"cskun1989","United States"
"csn_ff14","Japan"
"cteaaminah","Viet Nam"
"ctl766","United States"
"ctr2nq","Korea"
"ctracy0803","Australia"
"ctynran","Hong Kong"
"cu2bs","East Asia"
"cubb52532767","Korea"
"cube12345678","Japan"
"cuboon","Japan"
"cuckoo5485","Taiwan"
"cucucucucu35045","United States"
"cudv0s5lp9u3l63","Japan"
"cuichenghao","East Asia"
"cuichenghao777","East Asia"
"cuidongshan168","Hong Kong"
"cuifei0311","China"
"cuijason1","Japan"
"cuiliqiang9527","Japan"
"cuizhihao666","East Asia"
"cujophoto","Japan"
"culcrsmlx4pyyt9","Germany"
"culoegallo61","United States"
"cultart6","China"
"culver_citypd","United States"
"culvertmoon","Japan"
"cumpetras23","Germany"
"cunamaxxing","North America"
"cunlegetu","Taiwan"
"cunshangerlang","Canada"
"cuorediamond","Argentina"
"cupcakeeeek","Korea"
"cupomnaturapetz","Brazil"
"cupri_3","Japan"
"curetonjaden","United States"
"curingieul","United States"
"curious_hao","United States"
"curiousluda","Japan"
"curiousone_01","Viet Nam"
"curline1222","Germany"
"currencyse34903","Nigeria"
"currentswellpr","United Kingdom"
"curshlinn","West Asia"
"curuuking","Korea"
"curvedspace_eth","Hong Kong"
"cute_bunnyies","Japan"
"cute_cumber06","Nigeria"
"cute_irodori","Japan"
"cutegua","Hong Kong"
"cutemoon_light","Viet Nam"
"cutestkota0825","East Asia"
"cutestmaja","France"
"cutiepixie55","Spain"
"cutiesprnkle","United States"
"cutiiye044","Japan"
"cutter_0303","Japan"
"cuzz__","United States"
"cveya7une","Southeast Asia"
"cviuzb","Korea"
"cvjytdiekilcm3","United States"
"cvolavka","Canada"
"cw21kel7ze87277","Japan"
"cw_cryption","Japan"
"cwaedmbf0fbglrl","Japan"
"cwboyrot","United States"
"cwh_tw","Taiwan"
"cwhw_arisa","Japan"
"cwmh7i2jcv0l3h8","Japan"
"cwogerer","France"
"cx16zb","East Asia"
"cxjwin","United States"
"cxlh22","Hong Kong"
"cxmrondlls","Southeast Asia"
"cxo_no","Hong Kong"
"cxygyw2017","United States"
"cxzzxc123456","Taiwan"
"cy19918","Romania"
"cy_chase_ai","Singapore"
"cyanleviathan","Hong Kong"
"cyb_o_o","United States"
"cyberastuces","Guinea"
"cybergwon","Malaysia"
"cyberhono","Japan"
"cyberkanjousen","Hong Kong"
"cybermonk0x","United States"
"cyberpunkgame","Poland"
"cybertruck02093","East Asia"
"cybshdjveawj5s","United States"
"cybyyds000","Hong Kong"
"cyerim_","South America"
"cygnus670taiko","Japan"
"cyjrah3856","Hong Kong"
"cyminzhu","Japan"
"cyndihildrmsa","United Kingdom"
"cynthiaper64057","Hong Kong"
"cynthiapu0","United States"
"cynyuyan2024","China"
"cyos9wrgmybk1c8","Japan"
"cyranjudy33339","Indonesia"
"cyrilhustle","Africa"
"cyrpto_man","Turkey"
"cytech_engineer","Japan"
"cyunpyon","Japan"
"cyxielaoban","Hong Kong"
"cyxyj2","East Asia"
"cyzpok11","Taiwan"
"cz1coin","Spain"
"cz99886677","Hong Kong"
"cz_binance","Bulgaria"
"cz_yihe","United States"
"czp2008115","United States"
"czro7caahm33898","Japan"
"czrs777","Hong Kong"
"cztao8","United States"
"czxkmydu","Thailand"
"czy194","North America"
"czy_honk","Japan"
"czzzzzzj_","Japan"
"d00mdeity","Canada"
"d025c8830634422","United States"
"d0hputusxhrilk1","Japan"
"d0yom2","Korea"
"d12cjy_","Japan"
"d1nmj","Nigeria"
"d1spers10n_","Taiwan"
"d2stance","Korea"
"d3030m_","Japan"
"d3847398990408","China"
"d3tro1tjok3r","United States"
"d3vkg","Japan"
"d405u","Japan"
"d44190139","East Asia"
"d4iki_zz","Japan"
"d4n_mxj1","Korea"
"d5661212820551","United States"
"d5knsrztrcl1tra","Hong Kong"
"d5mr3lybmhijnq7","Japan"
"d754509200","Japan"
"d7ante","Kenya"
"d81281damian","Uruguay"
"d9bd9b","Canada"
"d_amano_1979","Japan"
"d_don_fman","Nigeria"
"d_iam_ace","South Asia"
"d_orison","United States"
"d_pyatenkova","United States"
"da16888","United States"
"da20200623","Japan"
"da81secret","East Asia"
"da_i2sy","North America"
"da_icelovemomo","Japan"
"da_li_r","Japan"
"daaixiaren","Europe"
"dabai_666","Japan"
"dabaobeiwang","United States"
"daboidaone","United States"
"dacaixia1","China"
"dacapoooo","East Asia"
"dacefupan","United States"
"dachenglaozu","Malaysia"
"dachengzi0509","United States"
"dacongming10","Malaysia"
"dadacadaca1001","Japan"
"dadaguai283975","Japan"
"dadai_0404s","Japan"
"daddy_hoots","United States"
"dade_manley","United States"
"dadeaaahhh","Japan"
"dadesanidade","Brazil"
"dadi_btc","East Asia"
"dading2604","Japan"
"dadududupang","Japan"
"daein199x","Japan"
"daelbg01","United States"
"daemontus","Czech Republic"
"daenbnb","Japan"
"daenerysincel","Brazil"
"daenku0617","Korea"
"daeyeog24063","Korea"
"dafueth","Hong Kong"
"dag25_bs67","Japan"
"dagiggs86","Kenya"
"dagimtegene1","Ethiopia"
"dagou002","Hong Kong"
"dahanghai288","Japan"
"dahklord7","Africa"
"dahuaerda","North America"
"dahuzi_eth","Japan"
"dai_rin0911","Japan"
"dai_shingo963","Japan"
"daianalimeira1","Brazil"
"daibao520000","Singapore"
"daican_tori0911","Japan"
"daidaibtc","Singapore"
"daifeatnayu","Japan"
"daifuku_3030","Japan"
"daigokanamori","Japan"
"daihuku_3908","East Asia"
"daiiors","United States"
"daikichi_keiba","Japan"
"daikofoods","Japan"
"daikokuya1175","Japan"
"daikun_fk7","Japan"
"daily_log_world","Japan"
"daily_step_care","Japan"
"daily_touchdown","Japan"
"dailytamoris","Japan"
"daimonmkocha","Tanzania"
"dainagonkankaku","Japan"
"dainiquchibing","Austria"
"dainisay","Japan"
"dainishin_sotsu","Japan"
"daioika_ap","Japan"
"daipitankunn","Japan"
"dais0529","Japan"
"daiseikai_dog","Japan"
"daishin_hd_pr","Japan"
"daiskimisa10","Japan"
"daisuke69436950","Japan"
"daisukimomo99","Japan"
"daisyhaverkort","United States"
"daisylusalita","Southeast Asia"
"daitai_shitteru","Japan"
"daitu0822","Hong Kong"
"daiwa_hosan","Japan"
"daiwa_shiryo","Japan"
"daixiexie","Hong Kong"
"daiyuuaoki","Japan"
"dajingou1","Singapore"
"dajotow","Taiwan"
"dajuchengzhu","United States"
"daktarione","Africa"
"dakuu_xm","Korea"
"dalai77988","United States"
"dali010729","Korea"
"dalianqianer","Taiwan"
"dalidaddyy","United States"
"dalinhuang","Japan"
"dallas_shawtaay","United Kingdom"
"dallasstri50854","France"
"dalofly","Hong Kong"
"dalomismo698771","Spain"
"dalumian1998","Hong Kong"
"dama41768495130","Southeast Asia"
"damas_kasuo","Japan"
"dameijiutai","China"
"dami16z","Hong Kong"
"damobianyuan","Japan"
"damonouyang","Singapore"
"dan_cui37968","China"
"dan_linn","Viet Nam"
"danchou0308","Japan"
"danchujianghu","Canada"
"dandelionm79730","Canada"
"dandr1s","Netherlands"
"danesh5x","United States"
"dang_gan43199","East Asia"
"dangcingai","United States"
"dango_touken","Korea"
"dangxiawww","Malaysia"
"dangxinyoudian","East Asia"
"dangxuan2022","Japan"
"dani_da_rosa","Paraguay"
"daniel331300","Japan"
"daniel6na10than","United Kingdom"
"daniel878378753","Japan"
"daniel_chi40","Nigeria"
"daniel_praguepp","Hong Kong"
"danielc1260","Viet Nam"
"danielhugo19823","Hong Kong"
"danielimsdn","Brazil"
"danielitosegura","Mexico"
"daniellesieb","United States"
"danielmeah1","United Kingdom"
"danielmozis17","Morocco"
"danielonfire32","Guatemala"
"danielzh114","United States"
"danih_silvah_","Brazil"
"danikasulexwl","Canada"
"daniriize","Brazil"
"danisobo_","United States"
"daniu258","East Asia"
"daniu_x","North America"
"daniugelundao","North America"
"danlombardhi","Mexico"
"danmusk","Korea"
"dannielleydan","United States"
"dannoacton","United States"
"dannry_saputra","Germany"
"danny489642","United States"
"dannydaka","Africa"
"dannykitex","North America"
"dannykkg","Singapore"
"dannypaolaayal3","Bolivia"
"danrusanowsky","United States"
"dansjones95","United Kingdom"
"dansonrana","Africa"
"dantetw1106","Taiwan"
"danyalmeida86","Brazil"
"danyixia","United States"
"daodun9527","Hong Kong"
"daoge2018","United States"
"daoheking","Hong Kong"
"daoislow","Taiwan"
"daothuthuy11","Viet Nam"
"daozhou2024","Japan"
"dapinchi2360","Japan"
"daqi029","United States"
"daquidemarte","Brazil"
"darasuncle","Nigeria"
"darbie30","Italy"
"darcyari","United States"
"daremarket","United States"
"darhkrazzice179","Nigeria"
"darian9a5e","East Asia"
"darioamodei","United States"
"dark5273","Germany"
"dark8ranger","Taiwan"
"dark__light_","United Kingdom"
"darkamber44","Japan"
"darkecho_1954","United States"
"darkeye495","East Asia"
"darkjadev1per","United States"
"darklight0023","Montenegro"
"darkmary1029","Japan"
"darkmatterjp","Japan"
"darkmourn","Hong Kong"
"darkozden","Viet Nam"
"darksnow51","Korea"
"darkstarzzog","Viet Nam"
"darkwjq","Hong Kong"
"darmcuob","Singapore"
"darmeun","East Asia"
"darodarai","North America"
"daromichan","Korea"
"darrellv1812","United States"
"darsey44","Poland"
"darspencer","United States"
"dartha_muggle","Indonesia"
"darthvadertwts","Africa"
"darts_world","United Kingdom"
"darumaruson","Japan"
"das___pq","Japan"
"dasevas1","Europe"
"dash394104","Japan"
"dashaloveu","North America"
"dashen06","Hong Kong"
"dashen_wang","United States"
"dashiyo4da","Japan"
"dashont159760","Japan"
"dashuaige8889","Singapore"
"dashubtc","Taiwan"
"dasima_btc","Hong Kong"
"dasportchatter","United States"
"dasshutsugames","Japan"
"dat_ant_","United Kingdom"
"dat_girl_angela","United States"
"data_jp","Japan"
"data_syuxchu","Japan"
"datachad","Greece"
"datafarm","Japan"
"datalogtr","Turkey"
"datalust_xyz","Hong Kong"
"dateqwq","Hong Kong"
"datfreshniggajv","United States"
"dau_o0xx","Japan"
"daum12569","Japan"
"dave33_z","Southeast Asia"
"dave_beaty","United States"
"daveesguerra19","Philippines"
"davemacromatrix","United States"
"davesin40537246","United States"
"daveylan2","United States"
"david0319tw","United States"
"david0520782123","United States"
"david1989_zhu","Taiwan"
"david326162","Hong Kong"
"david51168","United States"
"david74chou","Taiwan"
"david76cm","East Asia"
"david7853660693","United States"
"david_1901liu","Taiwan"
"david_dark_one","Southeast Asia"
"david_perell","United States"
"david_wangwang","Singapore"
"davidacramiy08","United States"
"davidalexlvw","Japan"
"davidcastilloac","United States"
"davidehrlich","United States"
"davidhillsman","Hong Kong"
"davidijaseun","Nigeria"
"davidinfuture","United States"
"davidle76335983","United States"
"davidlin449854","Hong Kong"
"davidlu1709","Hong Kong"
"davidondrej1","Poland"
"davidsmithotw","Japan"
"davidxi42867104","United States"
"davidzhulife","Japan"
"davinci_seven","Canada"
"davinciwch","East Asia"
"davitb","Armenia"
"dawannkyal","Australia"
"daweifs","Hong Kong"
"daweizh02140840","United States"
"dawezemato","United States"
"dawgzruul","United States"
"dawnsunyat","Japan"
"daxiagua1","Hong Kong"
"daxianvip","Taiwan"
"daxingxing5566","Hong Kong"
"daxiniu1","United States"
"daxmaincrypto","North America"
"day23look","Japan"
"dayangelcp","East Asia"
"dayaraujo_x","Brazil"
"daydayshuzai","Japan"
"daydream_1587","Korea"
"daydreamerthv","South America"
"days5836","Thailand"
"daysblue1","Japan"
"dazhuhui1","Japan"
"dazuofather","Japan"
"db60176c60dd427","Greece"
"dbarobin","Japan"
"dbbygztro060221","Japan"
"dbdbdip_113","Korea"
"dbgkinggg","Japan"
"dboy_yi2025","United States"
"dbrdl6","Korea"
"dbs_curry","Japan"
"dbsdabaisha","Hong Kong"
"dbty4ntfqvyysqm","Japan"
"dc19980000","Taiwan"
"dc47460013dc","Hong Kong"
"dc631223c","Taiwan"
"dc_sakoz46","Japan"
"dcbae7777777","East Asia"
"dcenntlive","Netherlands"
"dd0bi","Korea"
"dd200302","United States"
"dd6757","Hong Kong"
"dd7137379","Korea"
"dd____","Malaysia"
"dd_udyv","Japan"
"ddavinci_","Nigeria"
"ddd392383573166","Japan"
"dddd30678","Taiwan"
"ddeepakallin","South Asia"
"ddff_rh97","Japan"
"ddfmf_","Korea"
"ddjcxx","Hong Kong"
"ddny09","Singapore"
"ddongmugo","Korea"
"ddoongddangggg","Korea"
"ddpopo2","China"
"ddrksz","United States"
"ddtpro","Japan"
"ddunguarnold_","Uganda"
"ddxg_99","Southeast Asia"
"ddyy0099","Hong Kong"
"de0kgu","Korea"
"de_la91237","United States"
"deaanggara1","Indonesia"
"deadinthetub","Viet Nam"
"deadline","United States"
"deadmouse_jpeg","Southeast Asia"
"deal78420","Japan"
"dealflowpodcast","United Kingdom"
"deanheoi","Hong Kong"
"dear_1119","Korea"
"dear_creuset","Japan"
"dearasianicole","United States"
"dearemon","Japan"
"dearmypikero","Korea"
"dearmyw0","East Asia"
"deathwish_bot","Japan"
"debbiewilletts2","Japan"
"debbrawiesman","United States"
"debigobelfy","United States"
"deborah541616","Turkey"
"deborah549244","Germany"
"deborah_ab82102","United States"
"deborahden79758","United States"
"debot_number1","Singapore"
"debox_cn","Taiwan"
"debroahfacxzen","Singapore"
"debuhamake","Germany"
"debuho1","Korea"
"debuttarx","Japan"
"decimallove","Hong Kong"
"decision_btc","Hong Kong"
"decoboco9122","Japan"
"dede42042532615","Korea"
"dedennegasuki","Korea"
"deedydas","United States"
"deelustyykvd","Brazil"
"deeman_r","Africa"
"deepakpathak","United States"
"deepbluezer0","North America"
"deepbluuest","North America"
"deepchaosera","Japan"
"deepinstorm","Hong Kong"
"deeplyln4","Germany"
"deepmin88285220","Finland"
"deepseek_ai","Singapore"
"deepu_drops","India"
"deepvortexmind","Japan"
"deepwater_li","United States"
"deerlucid","United States"
"defaiscope","Africa"
"defi8362","Taiwan"
"defi88888888","Japan"
"defi_andree","Southeast Asia"
"defi_bean","Singapore"
"defi_diving","Benin"
"defi_lofi_","Southeast Asia"
"defi_tigerr","Southeast Asia"
"defihunter1","South Asia"
"defillama_res","Canada"
"defim0m","India"
"definapkin","Singapore"
"defitriggs","United States"
"defixixi","Hong Kong"
"defiyantlyfree","United States"
"defneerdog6mtp","Turkey"
"degebeekxiu3hu","United States"
"degen_hardy","Belarus"
"degenkenn","North America"
"deghnl6","Japan"
"dehuafi","Hong Kong"
"deia_tin","Brazil"
"dekethorton2","United States"
"dekoicow1zx","Japan"
"dekuno_moai","Japan"
"delandethompso1","Iraq"
"delaydreamer","United States"
"delberthelsez2","France"
"delco_jawn","United States"
"dele237","Africa"
"delekfreda","China"
"delfinagulino","United States"
"delong1234321","United States"
"delroy715","United States"
"deltronkongz","Europe"
"deludream","Singapore"
"delx369","Brazil"
"demetrasio1eh","Viet Nam"
"demetrius250946","Japan"
"demi682224","China"
"demicco_mary","United States"
"demihe9863","Hong Kong"
"demisoda_1","Jordan"
"demonwsow","United States"
"demonxiy64","Japan"
"dendendempachan","Japan"
"deng0750","Netherlands"
"deng77292","Japan"
"deng_zhilin","United States"
"dengnixixi11","Singapore"
"dengsh_cnbmpng","Papua New Guinea"
"dengsiyuan000","Singapore"
"dengzie","Hong Kong"
"denipular","Europe"
"denistarboy","Brazil"
"denizeflamengu1","Brazil"
"dennispeteoyrt","Turkey"
"dennisprops124","Nigeria"
"dennyindrayana","Indonesia"
"dennykillakhx","United States"
"dens_club","India"
"densetunoalex","Japan"
"dental_yuki","Japan"
"denziideng","United States"
"depor1984","Spain"
"der422937269087","Hong Kong"
"der_0007","Germany"
"dera29329427723","Japan"
"dereciousb","United States"
"derek_wall90176","United States"
"derekedws","United States"
"derekmpatr26789","Africa"
"deribit1888","Hong Kong"
"derrelreyhan","Southeast Asia"
"derrickcchoi","United States"
"deschepper51794","Indonesia"
"deserts260503","Japan"
"desertt_song","North Africa"
"desk_t8p","Korea"
"dessabooks","Brazil"
"destroye83","Ireland"
"detectivesgems","Canada"
"detonevt","United States"
"deusdasruas","Brazil"
"devbosetwt","South Asia"
"devbylyh","Hong Kong"
"devestacion","United States"
"devid_sun_","Japan"
"devillpien115","Japan"
"devinsteve000","Korea"
"devtraderbenson","Singapore"
"dew__00_","Korea"
"dewachang","Japan"
"dewei009","Hong Kong"
"dewinutari","Indonesia"
"dewqizai","Malaysia"
"dewyatt302","United States"
"dexpigg","Japan"
"dezingue1faf","North Africa"
"dfarm_club","Japan"
"dfengd","United States"
"dffy_crown","Japan"
"dfovikz0724","Japan"
"dgc2w","Japan"
"dgchampcapital","North America"
"dghsf22","Japan"
"dgq816","Hong Kong"
"dgrid_ai","East Asia"
"dgs1zxkxqf1b50u","Japan"
"dgxsimbok","Korea"
"dhamcres","United States"
"dhanukpalash","United Kingdom"
"dhcards10","United States"
"dhhl8vlofc67402","East Asia"
"dhklin","Taiwan"
"dhsg201314","China"
"dhssilva92","Brazil"
"dhwlrmaa","Philippines"
"di88_mare88","United States"
"diago08252410","Hong Kong"
"diallo35000","Japan"
"diamondcity504","United States"
"diamondrapids","Taiwan"
"dianasssecret","Taiwan"
"diandicaijing","Hong Kong"
"dianenunes10","Brazil"
"dianpaofeijiao","Japan"
"diaozhao11149","Singapore"
"diariododesabaf","Brazil"
"diary20251024","Japan"
"diaslucas3806","Brazil"
"diavel_ao","Japan"
"diazjillia62404","Hong Kong"
"dibfb9cytlpdbqd","Japan"
"dice_maker","Hong Kong"
"dicek_sawayama","Japan"
"dicklong1999","Japan"
"dickwin2003","Hong Kong"
"didengshengwu","Japan"
"didierchi0912","United States"
"didimdolcraft","Korea"
"didiotato","Japan"
"die_toteninsel","Japan"
"diedfreedom8964","United States"
"diegoarmandoad","Europe"
"diegoindepende3","Brazil"
"diegooyanooo","Italy"
"diesel_gku","Japan"
"diet_ing365","Korea"
"diet_survivor22","Korea"
"dieter_hornig","Germany"
"dieutinh76044","Viet Nam"
"diexitlerdieccp","Australia"
"difiastronaut","Bangladesh"
"difpzekbpffyrqz","Japan"
"digitalla","United States"
"digitshield_zh","Japan"
"diguapet","Japan"
"diheroyago","Ghana"
"diianabenavides","Colombia"
"dikinpussy123","West Asia"
"dilettante_x","Korea"
"dilipme69892545","India"
"dilireba7766","China"
"diliwony","Brazil"
"dillydilly_20","Korea"
"dilonadsouza","United States"
"dina8ardina","Indonesia"
"dinahhubba61134","United States"
"dinar_zhao","Macao"
"ding159027","Europe"
"dingding_tw666","Taiwan"
"dingdingba70289","Lao People's Democratic Republic"
"dingsheshow","Hong Kong"
"dinizitos","Nigeria"
"dino_escalante","United States"
"dino_munster","United States"
"dinodev41000242","Hong Kong"
"dinosaur0419","Korea"
"dinosaur_1005","East Asia"
"dio_del_monte","Japan"
"dioluizx","Brazil"
"dionlekeith","United States"
"dionysosleo1","Korea"
"dior_ens","Hong Kong"
"diossabetodo","Spain"
"dipenvaja","India"
"dipuriolive","South Asia"
"diqiuxiaok13724","China"
"direitoseiguais","Brazil"
"direumatteul","Indonesia"
"direxionletfs","United States"
"dirkyxf","Japan"
"dirtysnowflake","United States"
"discountifu","East Asia"
"dishtomilk_yu","Japan"
"disnxym","Japan"
"distillx_ai","Singapore"
"diva_0605","Thailand"
"divanowv","East Asia"
"dive045","Korea"
"dive813","Japan"
"divhumas_polri","Indonesia"
"divic52884","Hong Kong"
"divid_lu49394","Japan"
"diwike","United States"
"dixiagui","Hong Kong"
"dixiob6717701","China"
"dixonharll","Brazil"
"diyi1234","Korea"
"dizimvarcom","Turkey"
"dizzyddot","East Asia"
"dizzydvze","North America"
"dizzymcsol","North America"
"dj76544666","China"
"dj_ph22","Brazil"
"dja_tron","United States"
"django97154648","Japan"
"djeduardo","South America"
"djg_m4","Japan"
"djhernan85","Argentina"
"djjndoplg1","Brazil"
"djl_ins888","Singapore"
"djmllssnhq","North Africa"
"djrtistic","United States"
"djsamwithers","Indonesia"
"djshufu","Japan"
"djsoundboysbr_","Nigeria"
"djyyt","United Kingdom"
"dk_nxck","United States"
"dk_rakugaki","Japan"
"dkfk1688","United States"
"dkingweb3","Europe"
"dklvne","Brazil"
"dkmsxmf60el3bjc","Japan"
"dksi_hitsugi","Japan"
"dkxjjdd","Korea"
"dl0868","Hong Kong"
"dl_whwh","Korea"
"dlf2216","Japan"
"dlgur02","Korea"
"dliphotos","United States"
"dlkfzwilliam2","United States"
"dlrrrp","United States"
"dlsiteasmr0815","Japan"
"dlunbrok","Brazil"
"dlvineangelics","Europe"
"dlz0qxpdvu9xyvu","Japan"
"dmangru","United States"
"dmdsplyinvestor","Germany"
"dmgtblog","Japan"
"dmijingx185559","China"
"dmsjay5438","Japan"
"dmsphotos_art","United States"
"dnarynkow","Poland"
"dnd_priest","North America"
"dnecrum","Europe"
"dnggucho253155","East Asia"
"dngl956371","Hong Kong"
"dngoyi31051","Congo"
"dngyu163535","China"
"dnldirwhfh","Korea"
"dnoishidesu","Japan"
"dnrdlr","United States"
"dnwakemeup","Rwanda"
"dnyarumba","Kenya"
"do_maruv","Japan"
"dob_doh39","United States"
"dobbernation","Canada"
"dobtink","United States"
"docedemurici","Brazil"
"docitie_","Japan"
"docmellymel","United States"
"docpound14","United States"
"doctormbitcoin","Japan"
"doctormoneyx","India"
"doctorxxxchen","Taiwan"
"doctorzlai","United Kingdom"
"documentingbtc","United States"
"dodanpachi","United Kingdom"
"dodony116","United States"
"dog_ambush","Singapore"
"dogankorkmas","Turkey"
"dogbp89253","Thailand"
"dogeacheems","Hong Kong"
"dogekuang1997","Korea"
"dogewlfi","North America"
"doggiepiggy","Hong Kong"
"doggo__1","Korea"
"doggospain","United States"
"doglife_t","Japan"
"dogo375","United States"
"dohhanx","Viet Nam"
"dojee98599","Singapore"
"dokgye_o","Korea"
"doki00614","Hong Kong"
"doki_jerry","Taiwan"
"dokidokidou","Japan"
"dokitrader","Korea"
"dokjamiso0215","East Asia"
"dokodemodoaman","Japan"
"doktorhamal","Turkey"
"dokumiso","Japan"
"dola","United States"
"dolam54430493","Viet Nam"
"dolgorae13","East Asia"
"doll_taicho","Japan"
"dollnataliaa","Brazil"
"dolores_0609","Taiwan"
"doloresmartinas","Saudi Arabia"
"domainers_eth","United Kingdom"
"domaingt88","United States"
"domingo_gou","Japan"
"dominicagieg1q","United Kingdom"
"dominick05bates","United States"
"dominiquebcn","Spain"
"domp_9","United States"
"don_jakusha","Japan"
"don_tech1","United States"
"dona_jeny","Brazil"
"donaldmorry9q","Viet Nam"
"donaldpena34391","Nigeria"
"donbeyramaddan","Nigeria"
"dondaaaaaaaaaaa","Japan"
"dondon123forinv","Japan"
"dong7da7","Japan"
"dong83982017","Japan"
"dong_fz","Japan"
"dong_zhan94140","United States"
"dongfangjibai39","Hong Kong"
"dongfangxik90x","Viet Nam"
"dongglecherry","Korea"
"dongiveup_","Hong Kong"
"dongke1985","China"
"donglan19951","Hong Kong"
"dongmoom55","Hong Kong"
"dongsheng211","Europe"
"dongshig","Hong Kong"
"dongxiaojie99","Hong Kong"
"dongxue815","United States"
"donhamaki","Japan"
"donju_nroit","Southeast Asia"
"donkeyerqd","East Asia"
"donkixx","Japan"
"donnas0929","Japan"
"donnastewa9wgc","Turkey"
"donnettegrt9g0","Germany"
"donnibutera","Brazil"
"donniemcfe35174","Canada"
"donniy520","United States"
"donq1566","Singapore"
"dontbedummmb","Brazil"
"dontbefuckedup","Hong Kong"
"dontbesilent","United States"
"dontbetrue","Japan"
"dontblockmethxu","Japan"
"dontthugm3","United Kingdom"
"donut_siga","Japan"
"donutsx19","Taiwan"
"donvickky37","Africa"
"donyelldye1","United States"
"donyxman","Taiwan"
"doobeetioog","East Asia"
"dooner1224","Korea"
"dooseok_lee","United States"
"doppeldog","Taiwan"
"dora_omochi","Japan"
"doracccy","Taiwan"
"doragon2929","Japan"
"dorapika_1227","East Asia"
"doremi_masayan","Japan"
"dorenegrijtxg","Turkey"
"dorettawoi60034","France"
"doris131419","Singapore"
"dorostar2026","Taiwan"
"dorotaka0305","Japan"
"dorothathu75741","Taiwan"
"dorukismen","Turkey"
"dory_ts_1995","Japan"
"dostivei","United States"
"dotey","United States"
"dotori__2","Korea"
"dotu_336","Japan"
"double_joho","Hong Kong"
"doublebencofit","East Asia"
"doublefly14","United States"
"doublegrayblog","Taiwan"
"doublestad","United States"
"doudou331265499","Hong Kong"
"douerwa11","Hong Kong"
"douganow","Japan"
"dougb8705","United States"
"douglasbarr8ab","Turkey"
"douglasshi63623","United States"
"douglasziicka","Mexico"
"dougm_inglis","Canada"
"douguibitch","France"
"douseemycat","Japan"
"douyincatbnb","Southeast Asia"
"dov_wo","Hong Kong"
"downtownnews","United States"
"doyfollowbackk","Mexico"
"dozlecutchannel","Japan"
"dp520888","Hong Kong"
"dp8809527","China"
"dp_0x","North America"
"dpw4xflizruukbl","Japan"
"dqb22","Japan"
"dqn_muu","Japan"
"dqtx760","Singapore"
"dqzlllovefree","East Asia"
"dr0jfn1lwzzymwo","Japan"
"dr1090a","Taiwan"
"dr__pksingh","India"
"dr_nadia_memon","South Asia"
"dr_nft_bros_85","Japan"
"dr_sadist_ke_","Africa"
"dr_shirimaelite","South Africa"
"dr_westlake","Chile"
"dra_taxi","Japan"
"dracoinian79","Turkey"
"dracoshowumore","Taiwan"
"dracumeila","United States"
"dragoball1226","Brazil"
"dragon_lucky_","Japan"
"dragon_quest_50","Japan"
"dragone001","Hong Kong"
"dragonfly612","Viet Nam"
"dragonfly_paul","United Kingdom"
"dragonfruit2424","Korea"
"dragonhau66","Ecuador"
"dragonhearts2","Japan"
"dragonking18681","Macao"
"dragonmetals","United Kingdom"
"drai_nft","Japan"
"drake","United States"
"dralec12345","Japan"
"dralmarhan","Kuwait"
"drama2022fan","Japan"
"drastic_roy","Kenya"
"drawdown3_3","Korea"
"drawtraning","Korea"
"draydesmond","Nigeria"
"drbaeltz_otaru","Japan"
"drcdao","North America"
"drcurryrice","Japan"
"dre2kul","Africa"
"drealbankz","Nigeria"
"drealdannyel","Africa"
"dream20159","United States"
"dream_1zoe","East Asia"
"dream_mmw","Japan"
"dream_nova27","Spain"
"dream_rot","Japan"
"dreamagarone","Turkey"
"dreamback2012","India"
"dreamcheser56","Nigeria"
"dreamcrypto99","Hong Kong"
"dreamedfly","East Asia"
"dreameinarm","Singapore"
"dreaming_1028","Korea"
"dreamv1le","Japan"
"dreamworks","United States"
"dreamy6351","China"
"drewananan","Korea"
"drewndaisies","United States"
"drfortune718","United States"
"drfrensor","United States"
"drgiueyw","Hong Kong"
"drgwg","Japan"
"drhaitou","Japan"
"drikavascellos_","Brazil"
"drishtikone","United States"
"drive369_dao","Indonesia"
"drj_xi","Taiwan"
"drjames1177","Korea"
"drkathleenhall","United States"
"drmariemonroe","United States"
"drmiller172","Japan"
"drmrzhong","United States"
"drmusician1","Korea"
"dronelover_","Argentina"
"drpraxti","India"
"drrogercordova","South America"
"drromie","United States"
"drssatoshi","Turkey"
"drssn_42","Turkey"
"drstaone","South Asia"
"druids89667256","Hong Kong"
"drukariuki_ke","Kenya"
"drvictorvet","United States"
"drx_lck","Korea"
"dryden_octavia","United States"
"ds_nkt","Japan"
"ds_osaka","Japan"
"ds_techgeek","Singapore"
"dsgaert","Nigeria"
"dshenoym","Hong Kong"
"dshng192444","China"
"dsim1115","Korea"
"dsknzb","Germany"
"dslee3658","United States"
"dsm_btc","Hong Kong"
"dspleee","Korea"
"dsryiw","Indonesia"
"dss_ws14043","East Asia"
"dsshdh74872","Germany"
"dstomarmla","India"
"dsyaisyx","Japan"
"dsymobile4999","Japan"
"dsystemsen","Japan"
"dsz0805","Hong Kong"
"dt8927641212492","Japan"
"dt_pdx0822","Japan"
"dta23231","Korea"
"dtib3xsizj94042","Hong Kong"
"dtxnaidu","United States"
"dtyperetrogame","Japan"
"dtzy_88","Malaysia"
"du_dixi","Viet Nam"
"du_koop","Hong Kong"
"du_life888","United States"
"du_ming_","Korea"
"dua47904","Korea"
"duaizi1995","United States"
"dualacies","Estonia"
"duange6099","Taiwan"
"duanhjlt","United States"
"duanjutiantang","United States"
"duannanbei","North America"
"duanwangye66","Japan"
"duanyi66341674","Japan"
"duasopinioesbr","Brazil"
"dubai199999","Viet Nam"
"duckjilbwgcl","East Asia"
"ducth","Viet Nam"
"dudawaynee","Brazil"
"dudiaohan1","Hong Kong"
"dudoge168","Singapore"
"dudrms606","Korea"
"dududebem","Brazil"
"dudyoji","Korea"
"duendi149506","Hong Kong"
"duffybear99","Taiwan"
"duizhang__bnb","Hong Kong"
"dukebenjampm9t","Ghana"
"dukeharewood","United Kingdom"
"dulcorated","United Kingdom"
"dullahtheking2","Europe"
"dumchtdatcht24","East Asia"
"dumexlyffstyle","Africa"
"dumu_original","North America"
"dungsil_vr","Korea"
"dunkaruma","Kenya"
"dunkintern","United States"
"dunkmanofficial","United States"
"duns_luv","Nigeria"
"duo_yi61035","Hong Kong"
"duoduo95920292","Singapore"
"duohong44622","West Asia"
"duola_eth","Hong Kong"
"duolingo","United States"
"duongphat99","Viet Nam"
"dupsmedia","United States"
"durandbernarr","United States"
"durdukyereee","Turkey"
"dushe404","East Asia"
"dusk04270","Korea"
"dustin0308","United States"
"dutyge","North America"
"duu4","North Africa"
"duvyl6iv1qi7uqc","China"
"duwen2023","Belgium"
"duxiang1999009","North America"
"duxwebtt","Hong Kong"
"duyiwuer_only","China"
"duyizhangjianl1","China"
"dvd_token","United States"
"dvmbun","United States"
"dvwllz","East Asia"
"dwaekkit","Brazil"
"dwandewa","Malawi"
"dwbtc88","Japan"
"dwen_exchange","Hong Kong"
"dwhyet25772","United States"
"dwminima","East Asia"
"dwokc1","United States"
"dx39137505","Japan"
"dx5668001271893","Japan"
"dxfcvjjqmxw","United States"
"dxhusni","Africa"
"dxs1783","Taiwan"
"dxuwhn121059","China"
"dxxo_s_3_g","Japan"
"dy7300642245023","North America"
"dybettb","United Kingdom"
"dychen3","United States"
"dydx77","United Kingdom"
"dylanlaroche2","Hong Kong"
"dylanyu88","Taiwan"
"dynam_00289","Japan"
"dynamicwangs","Taiwan"
"dyonisjoon","Brazil"
"dyscr1993","Hong Kong"
"dyson_tom32","Japan"
"dysprosium751","France"
"dz24hour","China"
"dzaicest","Europe"
"dzji025","Japan"
"dztj6lwqk8kacq2","Japan"
"e1e8avx89n6zisg","Japan"
"e53qzn62254","Hong Kong"
"e62ek","Japan"
"e7yble","Japan"
"e_asahikawa","Japan"
"e_blue2022","Japan"
"e_eris2","Japan"
"e_mm_a_n_ue_l","Nigeria"
"e_page","United States"
"e_yamaguchi","Japan"
"eaapplet","Japan"
"eaboawe2","Japan"
"eachday_dietter","Japan"
"eaedf7_","Japan"
"eagleedward2022","New Zealand"
"eagleeyes39536","United States"
"eagleg0d","Japan"
"eaibrunu","South America"
"ealexo22910","Australia"
"eamonyiu","Japan"
"eania7230","Japan"
"eankt8ftstthyg3","Japan"
"earlybird_krym","Japan"
"earlybird_krym2","Japan"
"earn_going","Hong Kong"
"earthavong2p","United Kingdom"
"earthcurated","Europe"
"earvey_yue","Hong Kong"
"eason4y5d","Hong Kong"
"eason99o","Hong Kong"
"eason_liuyc","Hong Kong"
"east_web3","United States"
"eastcoast_one","Japan"
"eastla_news","United States"
"easton_pat","United States"
"eastweb3eth","Japan"
"easychain99","Hong Kong"
"easyhoou","Hong Kong"
"eater188888","United States"
"eaterla","United States"
"eatinggyoza","Japan"
"eatplantbasedte","United States"
"eaukot","Kenya"
"ebahuhansan","Hong Kong"
"ebi_kwlb_trhk","Japan"
"ebi_no_fly","Japan"
"ebidan_official","Japan"
"ebieb_torihiki","Japan"
"ebifurai_nakami","East Asia"
"ebitaso","Japan"
"ebiyakiritsugu","Korea"
"ebn7k8","Japan"
"ec265","Europe"
"ecalifornians","United States"
"ecareyo","United States"
"ecerasidi","Indonesia"
"echan_7777","Japan"
"echo190231","China"
"echo_invests","United States"
"echoblazer5406","Kenya"
"echocamel","Hong Kong"
"echoydug","Japan"
"echoyeinca","North America"
"eclecticradshow","United States"
"eclivsen","Peru"
"econ_kkk","Korea"
"ecoormrf","Singapore"
"ed5xgytoib82873","Taiwan"
"ed_collector","France"
"edacakmakxr0v","Turkey"
"edagodson0","Africa"
"edamamesiva","Japan"
"edaozvci4","Turkey"
"edbaker3000","United States"
"edbatista03","Brazil"
"eddiechengreal","East Asia"
"eddy_gudong","United States"
"eddyaman5","Germany"
"eddyw97","Canada"
"eden5336","Japan"
"edenb13218","United States"
"edgaralandough","United States"
"ediemaud29407","United States"
"edifierjapan","United States"
"edion_esports","Japan"
"edison_wong_","Hong Kong"
"edisonchu10","Malaysia"
"editbyjunior","United States"
"edith_wild84066","United States"
"edm_mde","Japan"
"edmsedms3","Japan"
"ednacurtolo","Brazil"
"edoaijsaputra","Korea"
"edouardl","Europe"
"edson98471431","Viet Nam"
"edtech_for_kids","Japan"
"eduardodsierra","Mexico"
"eduardomenoni","El Salvador"
"eduardotoledous","Brazil"
"edv6a5","Finland"
"edvandotomaz","Brazil"
"edward40e","United States"
"edward69544044","United States"
"edwardkilop","Taiwan"
"edwardthornton_","Singapore"
"edwardtwinz","Sweden"
"edwinai_systems","United States"
"edwinajane4376","United States"
"edwinkiptoon254","Kenya"
"edwinsifuna","Kenya"
"edwirgesnovaes","Japan"
"ee3b7rkvlhu9d4l","Japan"
"ee_willy","Africa"
"eee888eee999","United States"
"eeeqqqwww2426","Hong Kong"
"eejoylove","United States"
"eeqvkj941","United States"
"ees1475","Japan"
"efan707","Thailand"
"efm_station","Thailand"
"efrainne62740","United States"
"efrenfuentes352","United States"
"efsfmzpwjcesbd","United States"
"eg8ltrcxoy9w4vt","China"
"egaalice","Indonesia"
"egawainko630","Japan"
"egg_ehh","Japan"
"eggbuybot","South Asia"
"eggiekate","Malaysia"
"eggmario_","Korea"
"eghjkll","United States"
"egnay_iel","Italy"
"eguawilliam","Brazil"
"egwdhd","Malaysia"
"ehametsue","Japan"
"ehichioyaexcel1","Nigeria"
"ehii_jie","Nigeria"
"ehuanglu","United States"
"ei5bw","Japan"
"eibunsyagoods","Japan"
"eichangame8","Japan"
"eijingukeajin","Japan"
"eijishokai","Japan"
"eijunesound","Japan"
"eikosuya","Japan"
"eikousyuzou","Japan"
"eins0314_","Japan"
"einsteinyipie","United Kingdom"
"einzbern_1986","Japan"
"eitoforehead","United States"
"eiyoushugoi","Japan"
"eizofok","Hong Kong"
"ejhdhdhsj","Hong Kong"
"ejin32","Korea"
"ejio4r","Nigeria"
"ejn6prfuvbiklwj","Japan"
"ek5zunpiwadv9ho","Korea"
"ek9p0a","East Asia"
"ekcheungai","Hong Kong"
"ekdmsqmdl0715","Korea"
"ekoapriliana","Indonesia"
"ekomidoll","Japan"
"ekramymahmoud7","Egypt"
"ekrem_imamoglu","Turkey"
"ekremcetinkaya_","Turkey"
"ekuslot0214","Japan"
"el_diablllo_","Nigeria"
"el_gibaa","Colombia"
"el_sinore","East Asia"
"el_tilla83","South America"
"el_tragon_de_la","United States"
"eladgil","United States"
"elainalawrence0","Japan"
"elaine_rio","Brazil"
"elainel187506","Southeast Asia"
"elaines59410016","United Kingdom"
"elaineyang73","United States"
"elanjamex","Nigeria"
"elaramoonvale","Hong Kong"
"elarsage","Nigeria"
"elaynefrabgp","Canada"
"elbilei53149","East Asia"
"elchandler","United States"
"elchristao","Brazil"
"elclubnintendo","Spain"
"elder_plinius","United States"
"electbilzerian","United States"
"electrolyse4","Switzerland"
"elefant_716","Japan"
"elenabardyf","Nigeria"
"elenahugmx","United Kingdom"
"elenalin01","Viet Nam"
"elenevandeqdwh","Brazil"
"elenyeyemx","Mexico"
"eleonoresc54","Viet Nam"
"elephantswine","Canada"
"eleste_official","Japan"
"eleven877","United Kingdom"
"eleventhcy","Hong Kong"
"eleyashasao0","Bangladesh"
"elfloveherself","Singapore"
"elhand_nagoyait","Japan"
"elian__wang","Hong Kong"
"elidagomes_","South America"
"eliesczhaevt","Southeast Asia"
"elifmfg","South Asia"
"elifsenid3k","Turkey"
"elijahgilroy15","United States"
"elinaf9033","Italy"
"elisavillalba_","Caribbean"
"elisawei272649","Hong Kong"
"elisefolso71390","Hong Kong"
"elisierasakura","Japan"
"eliviassolo","Argentina"
"eliz_hightower","United States"
"eliza_beth_258","South Asia"
"elizabe19094886","Hong Kong"
"elizabe39138547","Japan"
"elizabethbvegm","United Arab Emirates"
"elk_wg","Japan"
"elkecolbenwa","United States"
"ellabee115","United States"
"elladeherrlc","Philippines"
"ellatech0","South Asia"
"ellenfl214","United States"
"elliana1031","Korea"
"ellidafjord","East Asia"
"ellie_lu_crypto","Japan"
"elliedurbantown","South Africa"
"ellyikonic","Portugal"
"elmundodejuanch","Colombia"
"elnachocrypto","Europe"
"elomi29076","Taiwan"
"elonaithan","North America"
"elone228","United States"
"elonexe1","India"
"elongzq","Canada"
"elonkely_","Japan"
"elonmusk","United States"
"elpatron9911","United States"
"else66888","Hong Kong"
"elsenxu823","Hong Kong"
"elstar4x","Germany"
"eltifa","United States"
"eltrovador09","Argentina"
"elvieevon67457","Hong Kong"
"elvinarykew8gc","United States"
"elvisptcb","United States"
"elvr_what_the","Korea"
"elwinyangs","United States"
"elwood_readz","United States"
"elygonzalezr2","Viet Nam"
"elzuyya","Japan"
"em_fola","Nigeria"
"emadgnia","Canada"
"emafallsapart","Brazil"
"emailcvi","Brazil"
"emailman2012","Hong Kong"
"emails404","Philippines"
"emanuelok3y","Argentina"
"emany_manuel","Nigeria"
"emdlce","United States"
"emelineped61","United States"
"emerfalen","Germany"
"emerson66840168","Brazil"
"emeruwakc","Africa"
"emfevereiro","Brazil"
"emikomehrhoff","United States"
"emilioferreira1","Viet Nam"
"emilpo_is_down","United States"
"emily200706","East Asia"
"emilyherrera","United States"
"eminarcissus","Taiwan"
"emirarslanm9v3","Turkey"
"emiroflagos","Nigeria"
"emirrygr","West Asia"
"emiya198450216","United States"
"emiyayang1","Hong Kong"
"emj_fennell","Germany"
"emma0vvw","Taiwan"
"emma18318454468","China"
"emmal6gm","Peru"
"emmanuel_rico","Hong Kong"
"emmap5aulaaro1","United States"
"emmaskii87","Nigeria"
"emmett_lu","Japan"
"emmm66666666","North America"
"emmmpymh","North America"
"emmrobbin","Japan"
"emmyreis1","Netherlands"
"emobility","Japan"
"emoboyzookeeper","United States"
"emogenemcc52862","Germany"
"emojiiii007","Korea"
"emonshi38","Japan"
"emoosoy427","Korea"
"emostay2","Hong Kong"
"empadinhatsctsc","Brazil"
"emperatriz_real","Brazil"
"empowerherglow4","Africa"
"emptyset3613502","Japan"
"emt_eth","East Asia"
"emudaiya_pr","Japan"
"emuitirou","Japan"
"emura_mmm","Japan"
"emwin144","United States"
"en2a0o0kle21480","Japan"
"enanyaning","North America"
"enby007","East Asia"
"enchanteizu","Japan"
"enclave38996829","Japan"
"encloudead","North America"
"encryptjustice","Australia"
"enct0214","Korea"
"end1018aki","Japan"
"endeavorem","United States"
"endfiat","Germany"
"endgls","Korea"
"endlessccl","Japan"
"endofreturnity","United States"
"endracehating","United States"
"endtimesark","United States"
"endy_yokosuka","Japan"
"enechananeee","Japan"
"enenduchika","Nigeria"
"energy727","United States"
"energyvn_","Viet Nam"
"enerjaetics","Indonesia"
"enesresmitr","Turkey"
"eng_china5","West Asia"
"engineeragency","Japan"
"engineeryapping","Indonesia"
"engrashtam123","Pakistan"
"engrsalamajibo1","Nigeria"
"engxant","Lebanon"
"enigma1085998","United States"
"enigmazero","Hong Kong"
"enjoutyuibot","Japan"
"enjoy3688","Thailand"
"ennui_crn","Japan"
"enoch4306","United States"
"enohito001","Japan"
"enoly_gay","East Asia"
"enriquerierae","Paraguay"
"ensonfun","Australia"
"enteroji","Japan"
"enticei","Japan"
"entradabooks","United States"
"entremandos","Spain"
"entropy84371124","Japan"
"envythegoon","Ireland"
"enxuexi","Japan"
"enze_sun","Japan"
"enzoomx","Italy"
"enzozhz","East Asia"
"eoaumno","East Asia"
"eok99999","Korea"
"eolk89","Japan"
"epiphawy","Brazil"
"epoch_0o0","Hong Kong"
"epp0110_","Japan"
"epridemore42060","Indonesia"
"eprnfeprnf_0w0","Korea"
"eqalarm","Japan"
"eqballahoori","Netherlands"
"eqlzz7","Japan"
"equal__miri","Japan"
"equal_love_12","Japan"
"equus_ferus4th","Japan"
"eraser5017","Japan"
"erblichervorsi","Europe"
"erciyuanha87431","Hong Kong"
"erekstudy","Hong Kong"
"eren0524","Japan"
"erensalihduman","Hong Kong"
"ergo1sum","United States"
"ergounx","Japan"
"erhnsahin7","Germany"
"eri_sakuram","Japan"
"eriashi_syacyou","Japan"
"eric13143331793","Germany"
"eric20050906","Hong Kong"
"eric85505769","United States"
"eric_alcaide","Spain"
"eric_dtidirect","Canada"
"eric_pqc","East Asia"
"eric_zzzw","Hong Kong"
"erica_liu66","Hong Kong"
"erica_mae_2000","Japan"
"ericapromo","South Asia"
"ericgudboy","Viet Nam"
"ericisw","United States"
"erickay66848460","Thailand"
"erickayieza","Kenya"
"erickwells","Germany"
"ericleekk","Argentina"
"ericmmatheny","United States"
"ericraddatz3","United States"
"erictrump","United States"
"ericy62545533","Japan"
"ericyue91634122","Hong Kong"
"erien_ai","Japan"
"erikakkinano39","Japan"
"eriko_nassyi","Japan"
"erikoataru","Japan"
"erikunchained","United States"
"erinn1117","Japan"
"eritz1010","Japan"
"erjie22","Hong Kong"
"erling","United Kingdom"
"ermaios","United States"
"ermaya1449563","Southeast Asia"
"ernest_goe","Malaysia"
"erneststarlight","Nigeria"
"eroiannnn","Japan"
"erolgorgec","Hong Kong"
"erosbrooke","Taiwan"
"eroswu6705231","Taiwan"
"error______06","Japan"
"ersandeliu","Japan"
"ersaproudman","Japan"
"ershi4920","Singapore"
"ertvalk","Greece"
"eruryie0v0","Japan"
"ervema","Japan"
"ervintrust","Canada"
"erwinwerner4","Germany"
"erwinwu000","United States"
"erwnmh","Japan"
"escapation","United States"
"escrevipontocom","Brazil"
"eshecker","United States"
"esjusman","Peru"
"eskyemath","United States"
"eslamhamied1","Hong Kong"
"esnidie","East Asia"
"esnupitete","Brazil"
"esotouric","United States"
"espipee_","Colombia"
"espllx","Japan"
"espn","United States"
"espnw","United States"
"espoircityluver","Canada"
"esportsjoshin","Japan"
"esprit_elite0","Senegal"
"essan_x","United States"
"essica108","Japan"
"essymuchemi","Kenya"
"estabaseyhtcw","Italy"
"estagiariovasco","Brazil"
"estefanavi2vgi","Philippines"
"estehobeng2","Indonesia"
"estellacar26779","France"
"esther47634386","Nigeria"
"estrvp","Thailand"
"esu_odara","Nigeria"
"etalephilip","Kenya"
"etamm1dxpzdygvf","Japan"
"etchen_btc","Hong Kong"
"eternal_winter0","Korea"
"eternalim_","United States"
"eth1132","Hong Kong"
"eth1136","United Kingdom"
"eth116688","Japan"
"eth174283","Hong Kong"
"eth200000","Hong Kong"
"eth245mt","Singapore"
"eth2miner477","Korea"
"eth_qing","Hong Kong"
"ethaar0n_","Japan"
"ethan140474","Hong Kong"
"ethan2049_ai","United States"
"ethan6xa7","Hong Kong"
"ethan88santosg","United States"
"ethan__fang","Southeast Asia"
"ethan_roy3","Pakistan"
"ethanchen213","Japan"
"ethanhu30581626","East Asia"
"ethanipkk","Japan"
"ethanwang07x","United States"
"ethanyu88","United States"
"ethb980","Hong Kong"
"ethcoin3","Viet Nam"
"ethelcainan","Philippines"
"etheliaeth","Southeast Asia"
"ether133550","Singapore"
"ether_fi","Cayman Islands"
"ethereanbull","United States"
"ethlige","Europe"
"ethnocent","United States"
"ethoshi_","United Kingdom"
"ethosrevival","United States"
"ethtomorow","Hong Kong"
"etienneklein","France"
"etimbuke11840","Nigeria"
"etnow","United States"
"etoetoe123","Japan"
"etoileartstudio","Japan"
"etol1079","Japan"
"etq0w","Japan"
"etscores2025","Korea"
"ettkevkhishvili","Georgia"
"etupirka004","Japan"
"eturky","Philippines"
"eu1uv9","Korea"
"eu_athy","Brazil"
"eu_one111","East Asia"
"eu_tata45","Brazil"
"euaanalu","Brazil"
"euak1550","Japan"
"euamoben10","Brazil"
"euamowasabi","Brazil"
"euclidian2718","Japan"
"eudaisiosilva","Brazil"
"eudsc74928272","Canada"
"eududalucena","Brazil"
"eujaqueleal","Brazil"
"eujia_6565","Japan"
"eukris10","Brazil"
"eun_grass_leaf_","Korea"
"eunicesmolenski","United States"
"eunissesh","United States"
"eunyexn","Korea"
"euphwriaw","Brazil"
"eurofounder","Poland"
"eusebioklien","United States"
"euynurcv","Singapore"
"evaa_solihaa","Greece"
"evaboraboston","United States"
"evabow4duv","United States"
"evacrmpdxb09fm","United States"
"evan_bitcoin","Japan"
"evan_oo","Japan"
"evancrypto17","Hong Kong"
"evandragonhuang","United States"
"evangelineybgh","Brazil"
"evanjpg_","Southeast Asia"
"evanmcclure17","United States"
"evans666666","Hong Kong"
"evanso_spyce","Africa"
"evanwritesx","United States"
"evanx1993","United States"
"evanxucnnc","Taiwan"
"evapatton71285","United States"
"evbtechnology","United States"
"evekoguce","Latvia"
"even366","Japan"
"eventsdex_miu","Ukraine"
"evercrosshearts","Japan"
"everettfish0408","Japan"
"everfollks","Brazil"
"everlyeverspud","Bulgaria"
"evermoonerc","United States"
"everspring606","China"
"everydaynohobby","Japan"
"everygreenwhere","Korea"
"everyone_to_me","Australia"
"eviefroggie","United States"
"evil_isnear","United States"
"evilcos","Japan"
"evilinside44","Australia"
"evnrr0","Japan"
"evoker04","South Asia"
"evol_draw","Japan"
"evolvesystem1","Japan"
"evonet1231","Japan"
"evonik_japan","Japan"
"evqzwu","East Asia"
"evren_jkstan","Brazil"
"evxwr3uojpxmt22","Japan"
"ewchu_chan","Taiwan"
"ewfiee","Brazil"
"ewind_dev","Singapore"
"ewiniar2401","East Asia"
"ex07za05sk","Japan"
"ex9vaqubf976249","Hong Kong"
"ex__shop","Japan"
"exaakly","Nigeria"
"exact665","Nigeria"
"excalasog","Nigeria"
"excjo","Netherlands"
"exe_arena_jp","Japan"
"exhuhu","Japan"
"exianshengde","East Asia"
"exilist_io","Korea"
"exitliquidityjp","East Asia"
"exobtc11","Singapore"
"exocija","Europe"
"exodus","North America"
"exorcise_reisho","Japan"
"exortando","Brazil"
"explorax_","Africa"
"exploreyucheng","China"
"explosiveapk","Taiwan"
"exprcode","Germany"
"exxggcssvhimmk","United States"
"eyekonicliv","United States"
"eyeofscottie","United States"
"eyeon_trade","India"
"eyii_lootxyn","Indonesia"
"eymenaslanmsyt","United States"
"eymencakmapdqc","United States"
"eymendogan4eu3","Turkey"
"eyzoeyoycaiqvs","United States"
"eyzthax","Southeast Asia"
"ezashidayoyo","Japan"
"ezekquel","Southeast Asia"
"ezgvustasa63403","Japan"
"eziolawliet","France"
"ezr_arch","East Asia"
"ezra040221","Korea"
"ezral245889","Hong Kong"
"ezraran__","East Asia"
"ezreallove0316","Japan"
"ezshine","Southeast Asia"
"ezu4n","Japan"
"f02ve4","Korea"
"f1","United Kingdom"
"f14_joan","Japan"
"f20709","Taiwan"
"f2pkv","Japan"
"f37984184248306","Hong Kong"
"f5qz6esjxd38448","Japan"
"f6h4zvsvljbxyt0","Taiwan"
"f6hqqq8iwozxhnm","Japan"
"f6markaz","Pakistan"
"f8ubaa","East Asia"
"f91zq1ge5q","North America"
"f____antastic","Korea"
"f__dueas","North America"
"f_liner_exp9102","Japan"
"f_masuo","Japan"
"f_miliyo","Japan"
"f_nakanohitoo","Japan"
"f_reading_only","Japan"
"fa1thfu11q","United States"
"fa_destra","United States"
"faadilhshaik","United States"
"fabrice_mayrand","Canada"
"fabrizioromano","Italy"
"fabsfab19","Brazil"
"fabulousmba","Nigeria"
"fabyycisneros","Viet Nam"
"fabyzazul","Mexico"
"facaidezuozuo21","Japan"
"face_less12","Nigeria"
"facendanen57253","India"
"facioliser","Brazil"
"facumiranda23","Southeast Asia"
"fade2black88","United States"
"fadhili_254","Kenya"
"fadichebli3","Lebanon"
"fagnerzin_","Brazil"
"fahad_lynx1","United States"
"fahkyou2341","Bahrain"
"fail_night64707","Netherlands"
"failrylivs","Singapore"
"fainawo","United States"
"fairy00700","Japan"
"fairy3_265000au","Japan"
"fairy_yucheng","China"
"fairyclub777","Hong Kong"
"fairycoeur","South America"
"fairyrescene","Brazil"
"fairysteroid","Indonesia"
"fairytalelily96","United States"
"faithhhu","East Asia"
"fakanye83409","Hong Kong"
"fakerpress","Hong Kong"
"falali2015","East Asia"
"falan37768","China"
"falcononchain","Eastern Europe (Non-EU)"
"faldbhol","Japan"
"falecidalais","Brazil"
"fallofrome","United States"
"fallonsado73283","United States"
"falsaffaf01","Singapore"
"fameexzhn","United Arab Emirates"
"familyman735","Canada"
"fan128168","Singapore"
"fanael1127","Japan"
"fanbuz_","East Asia"
"fance02338013","Singapore"
"fanchuan114514","Japan"
"fancydogec","Poland"
"fanfan1335895","Singapore"
"fanfeibp","Hong Kong"
"fanfu82946","United States"
"fanfulladev","Italy"
"fang_danie121","West Asia"
"fang_xiao59313","Canada"
"fangao798","Southeast Asia"
"fangchenxi5","China"
"fanglei0020","Greece"
"fanglunfang1","United States"
"fangoodogmk3","Taiwan"
"fangshimin","United States"
"fangshionist","Singapore"
"fangsifangsheng","Japan"
"fangxun2020","Taiwan"
"faninh16","Indonesia"
"fankaishuoai","North America"
"fanlin3398","Canada"
"fanlujun2247","United States"
"fanmarketnotes","Japan"
"fannaixiu","Japan"
"fanniemae","United States"
"fanofaliens","South Asia"
"fanqie16888","Hong Kong"
"fanren39053338","United States"
"fanshifu","United States"
"fanshigui8964","Netherlands"
"fansvoicejp","Japan"
"fantasy33097722","Japan"
"fantasycrimes","Brazil"
"fantasygamedev","Korea"
"fantomu_fish","Hong Kong"
"fantxu","Hong Kong"
"fanxiaopan33006","Singapore"
"fanxing001_btc","United States"
"fanxing2013","Myanmar"
"fanyang41031523","Japan"
"farah7abouelsel","United States"
"farahamir146","Egypt"
"farbaabdoulaye","United States"
"farmer_pink","Japan"
"faroutakhtar","India"
"farrah_yan","Hong Kong"
"farrahlast24806","Taiwan"
"farrahswerja","United States"
"farsideofmoonvy","United States"
"faru__game","Japan"
"fas283243674575","Korea"
"faslicht","Japan"
"fastestlap555","Japan"
"fastgridtrader","Japan"
"fate_geonh2","Australia"
"fatesf_anime_en","United States"
"fatestars_com","Singapore"
"fatguyzhang","Singapore"
"fatherdrifts","United States"
"fatihg4u","United Kingdom"
"fatimahill74421","Taiwan"
"fatlein","Singapore"
"fatmakandill","United Kingdom"
"fatmanplaydiec1","United States"
"fatmaozdemr6d9","Turkey"
"fatmasumyra","Turkey"
"fatmisegwj","Japan"
"fattaillabs","Korea"
"faunaworld99","India"
"faustinogapk","Turkey"
"faux11ennium","United States"
"fav_account08","Japan"
"favasahmed","India"
"favchi199937","Nigeria"
"faviolazalazar","Italy"
"favour15300","Nigeria"
"favour_ke1","Kenya"
"fawnlily98","United Kingdom"
"faycequevoudras","Hong Kong"
"faye_2773","Korea"
"fayelunaire","United States"
"fazure31_ruru","Japan"
"fbgbdtr61509","Korea"
"fbkmst","Japan"
"fbm_35","Japan"
"fbme33","Pakistan"
"fc1stk","Japan"
"fcbarcelona","Spain"
"fcbarcelona_es","Spain"
"fce__gogotanaka","Japan"
"fce_tc_miura","Japan"
"fcfszzn","Europe"
"fcfutu","Singapore"
"fchatapp","Malaysia"
"fchn161037","United States"
"fcp86113612","Singapore"
"fcxm","United States"
"fdgg141535","Korea"
"fear398","Japan"
"fear_not_you","Korea"
"feathergong","East Asia"
"featherkoibito","Korea"
"featherweit","Canada"
"febatista","Canada"
"febbywang","United States"
"fedelmid_g27","Korea"
"fedepontehq","Germany"
"feeblecadevar","North America"
"feed_4_future","Thailand"
"feelsruffo","Brazil"
"fefuza","Brazil"
"feg0430","Hong Kong"
"fei2411","Japan"
"fei_hop","Singapore"
"fei_zhai67653","Singapore"
"feifan7686","Hong Kong"
"feifei_io","United States"
"feifeihuifeia","Singapore"
"feigeshuo","United States"
"feiniao2025","Taiwan"
"feitianhuoji","United States"
"feixianghu","Hong Kong"
"feixiaohaocom","United States"
"feixingdehelanr","Hong Kong"
"feiyang83094348","China"
"feiyoufei8964","Korea"
"feiyu566","East Asia"
"feliardoo","Japan"
"felicepratz4","Indonesia"
"felichanxxx","Japan"
"felipaterrloao","United States"
"felipe_loop3s","Brazil"
"felipeursinho","Brazil"
"felixanton75096","Germany"
"felixharryobama","Taiwan"
"felixonmars","Hong Kong"
"felixxx2432","Taiwan"
"felohalamadrid","Nigeria"
"feltanimalworld","United States"
"feltonmerr70026","United States"
"fem27h0dztdrmmr","Japan"
"femdolliest","Brazil"
"femslave123","South Asia"
"fenestrane00","Indonesia"
"feng3696","United States"
"feng_btc","Japan"
"fengchch123","China"
"fenghe10100","Hong Kong"
"fenghuaxue1688","United States"
"fenghuaxueyuekk","Japan"
"fengkuangbiquan","United States"
"fengnan6666","Singapore"
"fengqi","Hong Kong"
"fengqingyang28","United States"
"fengshui6666","East Asia"
"fengshuishijuz1","United States"
"fengshuo233","Hong Kong"
"fengyangai","Japan"
"fengye12345hs","United States"
"fengyi30918","Taiwan"
"fenng","East Asia"
"fenqumeidie","North America"
"fer_m66","Mexico"
"fer_teamunidos","Mexico"
"ferchuvaa__","Mexico"
"ferdie_jhovie","Japan"
"ferguszwpjt","United States"
"ferhatozcann61","Turkey"
"ferhhazza","Viet Nam"
"fernand30779837","Mexico"
"fernando9x9","Taiwan"
"ferra_protocol","Southeast Asia"
"ferrinafang","Hong Kong"
"fersadualterna","United States"
"feuillechan","Japan"
"feyelo","United States"
"feyi1of1","Nigeria"
"feyiszn","Nigeria"
"feyzullah","Turkey"
"ff2jj7zyxcocmzk","China"
"ff45622","Japan"
"ff90876","Hong Kong"
"ff_takeshibuya","Japan"
"ffb8c6","Korea"
"ffeee_n15","Japan"
"fffhulir17","Hong Kong"
"fffishau","Taiwan"
"ffgg0704","Japan"
"ffnnaoto","Japan"
"ffred9x","Viet Nam"
"ffrich2025","Taiwan"
"ffvvydx38864","Hong Kong"
"ffxasuka","Japan"
"ffynya","Hong Kong"
"fgchiu","Taiwan"
"fghffff73074","Germany"
"fgho33456dfk","Japan"
"fgjjkks43676","United States"
"fh5ofc","Japan"
"fhaddad39","Japan"
"fhanatwst","Japan"
"fhly2021","Hong Kong"
"fhr20275546","China"
"fi56622380","United States"
"fiapp_pro","East Asia"
"fiction_finance","Australia"
"fidelasinhsfzr","United States"
"fides_ascensio","Southeast Asia"
"field1mason","Brazil"
"fifa201701","Japan"
"fightenwqac","Japan"
"figosheep007","United States"
"figueroa199012","Singapore"
"fihngtxun21","China"
"filhadacaju","Brazil"
"filhox_","Brazil"
"filmindependent","United States"
"filmnamtan_","Japan"
"filmthepolicela","United States"
"fils8888","East Asia"
"filtrpjmi","Brazil"
"fily79601331660","Mexico"
"fimallymove200","Korea"
"final_gorira99","Japan"
"finallylukko","United States"
"finance__nomad","South Africa"
"financeyf5","United States"
"finarl_coltd","Japan"
"findchain","Hong Kong"
"finding8964","North America"
"finecool_346p","Korea"
"finecut__","Korea"
"finekoh","Japan"
"finiyang","United States"
"finkd","United States"
"finnasu2023","Japan"
"finntsai88","Hong Kong"
"finyas449881","Kenya"
"fiona60057446","United States"
"fionanana77","North America"
"fireandbalance","United States"
"fireandstart","United States"
"firepunch17","Japan"
"first_okx","Japan"
"first_poteto","Korea"
"firstfour01","Hong Kong"
"firstladyborder","Dominican Republic"
"fiscalcaloria","Brazil"
"fish54423","China"
"fish8964","United States"
"fish_258","East Asia"
"fishcrackerr_","United States"
"fishing_dammy","Japan"
"fishjar","Singapore"
"fishkiller","East Asia"
"fishqqqqqqqqq","China"
"fisting_quanhu","United States"
"fit8e","Japan"
"fita_neng","Indonesia"
"fitfitrrrr","Korea"
"fitudao3788","East Asia"
"fixer82601","Singapore"
"fixk_fixk","Korea"
"fizyxchange","Nigeria"
"fizzanami56","Pakistan"
"fj8ehq28cmr9p57","Japan"
"fjhggoop4","United States"
"fjm35","Japan"
"fkey666","Japan"
"fkjcei8xtv2lrx0","United States"
"fklife48126","Singapore"
"fkr_icarus","Southeast Asia"
"fkscamlee","Japan"
"fkysly","Singapore"
"fl0983","Japan"
"flainvrc","Japan"
"flak_ka","Viet Nam"
"flapdotsh","Hong Kong"
"flashup_locomot","Japan"
"flatearth_tw","Japan"
"flaviacchaves","Brazil"
"flaviamsoares76","North America"
"flaviasalleses","Brazil"
"flavioaccardi","Italy"
"flaviobolsonaro","Brazil"
"flcjbtc","Hong Kong"
"fleovt","United States"
"flibbish_","United States"
"fliberar","Argentina"
"flinsnowife","Korea"
"flipaltx","Japan"
"flkrstudio","Indonesia"
"flofrasca","Argentina"
"floki_tr_","France"
"floor_ip","Japan"
"florabencoada24","Brazil"
"florida904boss","United States"
"floridapearl_","Europe"
"florinegol6qhs","Turkey"
"florineocoans","Germany"
"florisfok","Netherlands"
"floryncat","Bangladesh"
"flow_scale","United States"
"flowbygoogle","United States"
"flower202471991","Japan"
"flower66xx","Japan"
"flower_21_10","Korea"
"flower_comics","Japan"
"flowerbearhana","Japan"
"flowers_hurt","United States"
"flowers_tatiana","United Kingdom"
"flowman5780611","Japan"
"flowopsdaily","Hong Kong"
"flowrtyong","Southeast Asia"
"flowx_finance","Viet Nam"
"flp_desu","Korea"
"flrande","United States"
"fls_otc","East Asia"
"fltlgxgjkwcfnmo","United States"
"flunky1956","United States"
"flurry_67","Korea"
"flute0402","Japan"
"fluxlumia","China"
"flxrmkmklmw4tc","United States"
"fly_in_x","United States"
"flybirds17","United States"
"flyboooy","Kuwait"
"flydotio","United States"
"flyfisho0o","Japan"
"flyfly21x","Singapore"
"flyiiawei","Japan"
"flying80","Japan"
"flyingcatgm1","United Kingdom"
"flyingfrog926","China"
"flyingpetal472","Taiwan"
"flyingredants","Japan"
"flyingsakuraa","Singapore"
"flylaxairport","United States"
"flylocus","United States"
"flyme_z","United States"
"flyonetoone","United States"
"flyshawin","Hong Kong"
"flyun6","Spain"
"fm_akita","Japan"
"fm_gla","Japan"
"fm_murasaki","Korea"
"fmfabiomarques","Brazil"
"fmplan","Japan"
"fmybiz","Japan"
"fmyvgrtg","North America"
"fmzklily_35g","Japan"
"fn168com888","United States"
"fnf_finance","Australia"
"fnghung16","China"
"fngpng16","China"
"fngqng20","Hong Kong"
"fngshu909050895","United Kingdom"
"fngyun507350888","Hong Kong"
"fngzuzf","Japan"
"fnkn86826012","Korea"
"fnowwukill","North America"
"fnyaobo","Hong Kong"
"fnyn327518","Hong Kong"
"fo223223421198","China"
"fo3064903182573","China"
"fo3414534336326","China"
"fo_cool69206","China"
"foafalfjalf","Hong Kong"
"fof4725","North America"
"fofoqueibr","Brazil"
"fog61239790","Japan"
"foidfiend","Europe"
"foklouis144","Hong Kong"
"folanlv8341","Hong Kong"
"folklordsaveme","India"
"folksitons","Brazil"
"followcnrules","Japan"
"followcoin01","Hong Kong"
"folz1mbkdhmxstn","Japan"
"fomo_box","Hong Kong"
"fomoii","Japan"
"fomomo263039","Taiwan"
"fomopeek","East Asia"
"fomsky_wei","United States"
"foodbodyai","Europe"
"footballontnt","United Kingdom"
"for100124875023","United States"
"for7jm","Brazil"
"for_thelions","Korea"
"forbes","United States"
"foresight_news","United States"
"foresight_os","Japan"
"foreverkapok","Hong Kong"
"foreverlay106","East Asia"
"forexsignalsatc","Hong Kong"
"forexxx7","Taiwan"
"forgeday","East Asia"
"forget_x0","Bangladesh"
"forgetmenot1201","Japan"
"forgivenever","Greece"
"forkwww","Hong Kong"
"forlady_diet","Japan"
"forlikooo","East Asia"
"former_gyosho","Japan"
"formulasearch","North America"
"formyonlyseven","Brazil"
"forrstliu","United States"
"fortuna0818_","Hong Kong"
"fortune8868","Viet Nam"
"fortune_on_ac","Japan"
"fortunemagazine","United States"
"forvertm","United States"
"forward_ac","Japan"
"fosterhoud42401","United States"
"fotosdefatos","Brazil"
"foudingjun","Hong Kong"
"four_harrier","Japan"
"fourratleti","Africa"
"fourtwing_books","Brazil"
"fourz_airdrop","Korea"
"fowlersiby14014","United States"
"fox2020x","Southeast Asia"
"fox_laoy","Taiwan"
"fox_poshy","Thailand"
"fox_topicnews","Japan"
"foxbaby666","Hong Kong"
"foxjuly1foxjuly","United States"
"foxnews","United States"
"foxshuo","Taiwan"
"foxxcyb","Singapore"
"foxyhitsw","South Asia"
"fozpugiook8yltp","Japan"
"fp_heppokopapa","Japan"
"fp_hiro2001","Japan"
"fpfxp03","Brazil"
"fplgambit75","United Kingdom"
"fpsinternetinc","United States"
"fpss_tastetv","Korea"
"fq_hu7","Japan"
"fquakkk_","United States"
"fqxkfmlxcjausjc","Canada"
"fraey0","Nigeria"
"fraklinver57092","India"
"franci2070","Viet Nam"
"francis08540324","Brazil"
"francisnela1","Viet Nam"
"franfran1005","Korea"
"franhalimstb","United States"
"frank09884107","United States"
"frank141258","Japan"
"frank_opinion_","United Kingdom"
"frankekn","Taiwan"
"frankfeng415","Southeast Asia"
"frankja13243465","United States"
"frankleo888","Singapore"
"franklinleonard","United States"
"franklinsh92123","United States"
"franktianxie","United States"
"franktseng3","Taiwan"
"frankwang3927","Southeast Asia"
"franky7","Hong Kong"
"frankyang3110","Hong Kong"
"frankzeng2020","Canada"
"frankzm","South America"
"franloiacono","France"
"fransbras1","Brazil"
"franticrblx","United States"
"franziskas53583","Taiwan"
"fraserpricee","United Kingdom"
"frbmyc2c6c5d4ve","Taiwan"
"frdm198","Japan"
"fred65343879","Hong Kong"
"fred834567","Hong Kong"
"freddy3283","Australia"
"freddy_willy","United States"
"frederica214064","Curaçao"
"frederick58","United States"
"frederick_mist","Hong Kong"
"frederikotxo","Turkey"
"fredom11","Uganda"
"fredrickchen02","United States"
"free25925","Japan"
"free2668","Japan"
"freeanalyticspr","Japan"
"freearkshaw","United States"
"freeatsushi","Japan"
"freeborn_001","Africa"
"freedom7771111","United States"
"freefengzhizi30","Hong Kong"
"freelancehiyoko","Japan"
"freemanslul1gc","Japan"
"freemansun8","Canada"
"freenature67021","China"
"freenbecky02021","Taiwan"
"freenismyworld7","South Asia"
"freespiritadev","Japan"
"freestyle_error","United States"
"freeway460","United States"
"freezing_wolf","Japan"
"freita_mm","Ghana"
"freitaseneida","Brazil"
"freiyscha","Philippines"
"fresh_classics","Japan"
"freshesmarcus","Africa"
"freshmanshams","United States"
"freshyoungng","Nigeria"
"freytagnic31212","Thailand"
"freyteamjp","Japan"
"friedrich1411","Germany"
"friedunyun","United Kingdom"
"friend_pogg","Taiwan"
"friend_tutuliu","Hong Kong"
"frieren_pr","Japan"
"frieznoshake","United States"
"friskironfistm","Japan"
"frknrsk_8","Japan"
"frog20035440074","China"
"frogggol","Korea"
"from_55_","Japan"
"from_koj","East Asia"
"frost12ryan","United Kingdom"
"frottingwitpals","United States"
"fruitfulcn","Hong Kong"
"frxiaobei","United States"
"fsfleetinglife","Japan"
"fskdeli","Netherlands"
"fsks55","United States"
"fsmama2021","Japan"
"fsmkpu","Korea"
"fsubutch","United States"
"ft5effg4jrlcoem","Japan"
"ft_merchant05","United Kingdom"
"ftaiya","Japan"
"ftb__vrc","Japan"
"ftbryooona","Japan"
"ftchinese","Japan"
"ftftft333love","Korea"
"ftmotrader6699","Germany"
"ftwbitcoin911","Singapore"
"ftxfan","Japan"
"fubaorb23","United States"
"fubukiamiii","Hong Kong"
"fubukibot8964","Japan"
"fucho02","South America"
"fuckanthropic","Southeast Asia"
"fucktg","North America"
"fuckxegg2","Hong Kong"
"fuegoalsur","Argentina"
"fuelmeupcc","Australia"
"fuentes_brayan2","United States"
"fufujiangshi","North America"
"fufuusdt","Korea"
"fuga_suzunari","Japan"
"fugvfsv12314142","China"
"fuji33step_go","Japan"
"fuji67600543","Japan"
"fujii_hiroki758","Japan"
"fujikizai1945","Japan"
"fujio9coach","Japan"
"fujipreofficial","Japan"
"fujiprize","Japan"
"fujishou_tasan","Japan"
"fujiwara96576","Netherlands"
"fuka_hiai","East Asia"
"fukafukaoage","Japan"
"fukuchan1967","East Asia"
"fukugaku_jinji","Japan"
"fukumizonpapa","Japan"
"fukupy_biz","Japan"
"fukurou_card","Japan"
"fukushi_1223","Japan"
"fukushima36","Japan"
"fukutencyo","Japan"
"fukuzawa_naoto","Japan"
"fulihojd8","United States"
"full_moon80","Japan"
"fullmoon0401","Japan"
"fulxv9r","Hong Kong"
"fumi7659","Japan"
"fumietakabashi","Japan"
"fumiharu_1201","Japan"
"fumijasdaf","Japan"
"fumishan1212","Japan"
"fun2ush012","India"
"fun8an","Japan"
"fun_voting_19th","Japan"
"fun_with_hashir","Pakistan"
"funclosure","Hong Kong"
"fundyape3659","United States"
"funiuni","Japan"
"funklicia","Africa"
"funkyvip4","United States"
"funleyuan","Taiwan"
"funny_monkey3","Japan"
"funnyarena58","Ghana"
"funokai","Japan"
"funwaritor64040","Japan"
"funzblossom","Korea"
"fuouls","Korea"
"fuqi_0s","Germany"
"furan86999","Hong Kong"
"furinaloverr69","North America"
"furu1_amyamato","Japan"
"furutsukiouki","Japan"
"furuya_0122","Korea"
"fuse_10","Ghana"
"fusionobital","Japan"
"futa_tick","Japan"
"futagamifarm","Japan"
"futufriends","Hong Kong"
"future123_ip","Hong Kong"
"future1834949","China"
"futuresun_","Japan"
"futurewfadnavis","India"
"fuu_828","Japan"
"fuuka1223","Japan"
"fuuka_psycology","Japan"
"fuuuuuuf28","Japan"
"fuwari3333","Japan"
"fuyo_8","Japan"
"fuyu_aipr2","Japan"
"fuyu_floating","Japan"
"fuzhenhao27149","Hong Kong"
"fuzhouopera","Hong Kong"
"fuzii_nft","Europe"
"fuzminaedyw","Japan"
"fuzzipapi","Nigeria"
"fvpwhchpjvwjmol","Singapore"
"fvubkoomixilgf","United States"
"fwi76541057","United States"
"fwkn_no1","Japan"
"fwteam","United States"
"fx72789","Japan"
"fx_lukes","Brazil"
"fxdw9527","Hong Kong"
"fxgeckofxnews","Japan"
"fxinflap","Hong Kong"
"fxmqs","Singapore"
"fxtrader","Singapore"
"fxxky_71","Japan"
"fxy9110","United States"
"fy__hubs","Africa"
"fya8l","United States"
"fyj678","Japan"
"fymarafi54","Southeast Asia"
"fysgdsk","Korea"
"fz1899","East Asia"
"fzd19990831","Hong Kong"
"fzhenghu","Japan"
"fziplebrzzpsnp","United States"
"fzlloxz","Japan"
"fzninf","Indonesia"
"g023dev","Canada"
"g10xh05","Korea"
"g1128andg1113","Hong Kong"
"g1vyk4","Japan"
"g1xmzlhyxb37749","Japan"
"g27iubnlrt65310","East Asia"
"g6lv7n","Taiwan"
"g8o8gk","Japan"
"g_eco_nagoya","Japan"
"g_f00d","North America"
"ga123456e","East Asia"
"ga29h17","Japan"
"gabbuke","Kenya"
"gabibunnyy","Brazil"
"gabirel12345","United States"
"gaboxdev","Colombia"
"gabriel00666030","Brazil"
"gabrielar96_","Mexico"
"gabrielg_tj_jw","Colombia"
"gabriellav82877","United States"
"gabrieloguda","Kenya"
"gabrieltoleda12","France"
"gabslealdev","Brazil"
"gabu108oki","Japan"
"gaby_utz","United States"
"gabyatuuu","United Arab Emirates"
"gabymar8681","Viet Nam"
"gabysalcedov","Colombia"
"gacha_nchan","Japan"
"gachi_yellow","Taiwan"
"gadgetsshiksha","India"
"gaeldubois8","United States"
"gaffneyjon21385","United States"
"gaga10081215","Japan"
"gaga_saiyo","Japan"
"gahakyun","Japan"
"gaichen0428","United States"
"gaiden1977","Iraq"
"gailharrod77410","United States"
"gajendra_s01","India"
"gajjusay","India"
"gakimaru_102","Japan"
"galaxy1025850","Japan"
"galaxyatpeace1","United States"
"galb875655","Nigeria"
"galdanly","Hong Kong"
"galileo_sancha","Japan"
"galin_denev","Bulgaria"
"galxyforever","Brazil"
"gama_kun","Japan"
"gamann77","Japan"
"gamble1527","Japan"
"gambler_nobu0","Japan"
"gamdori_11","Korea"
"gamdoxhue","Korea"
"game01tm","Japan"
"game_idaa","Japan"
"game_ition","Japan"
"game_unimushi8","Japan"
"gamefialpha","Taiwan"
"gamefieye","Japan"
"gamemakersjp","Japan"
"gamemo2con","Japan"
"gamewithnumber","Australia"
"gamewoganbaru","Japan"
"gameyarimasyou","Japan"
"gamzaverycute","East Asia"
"ganbarou_toyama","Japan"
"ganbin_kickpa","Korea"
"ganchengw","United States"
"ganesh__raikwar","India"
"ganeshvighe1","France"
"ganf2022","United States"
"gangminseo23872","Korea"
"gangzhao1979","Canada"
"ganimedes_01","Japan"
"gannoptionchart","South Asia"
"ganyao66423","Japan"
"ganziboy11","Korea"
"gao_chuan16699","China"
"gao_zibo","United States"
"gaodengming","Japan"
"gaofei52100","Singapore"
"gaofei_99","United States"
"gaofeiyangikao","Singapore"
"gaofeng1073305","Japan"
"gaoheadmaster","Hong Kong"
"gaoqian2580","United States"
"gaoyu200812","United States"
"gap2026_dev","Hong Kong"
"gap_lab","Singapore"
"garabi71","Korea"
"garasya1104","Japan"
"garbagerare","United States"
"gardeni75580710","Japan"
"garfunkel2003","China"
"gargeyas","India"
"gark9191","Spain"
"garo1014az","Japan"
"garoaxxbizn1i","United States"
"garrettnev74560","United Kingdom"
"garrettvaughnn","United States"
"garrix_wong","Hong Kong"
"garrulous_abyss","France"
"garry_roost","Korea"
"garupan","Japan"
"gary80777163","Hong Kong"
"gary_liu2024","Australia"
"garyclinton32","Hong Kong"
"garydu18","United States"
"garylee777888","Taiwan"
"garyu97","Japan"
"gas1688","Hong Kong"
"gasi_yeon","Japan"
"gasolinaowl","Africa"
"gatapi21","Japan"
"gate","Europe"
"gate_kol26","Taiwan"
"gate_launch","East Asia"
"gate_livezh","United States"
"gate_luqingxiao","United States"
"gate_mina","East Asia"
"gate_supporthq","North America"
"gate_winston","Japan"
"gatearabic_","West Asia"
"gatedex","North America"
"gatefutures","East Asia"
"gatha_iludida","Brazil"
"gatopascasio","Colombia"
"gatsunami","Japan"
"gatta9707_","United Arab Emirates"
"gaudia_mama","Japan"
"gaudivita","Korea"
"gaudy168","Taiwan"
"gauravmehrotra1","India"
"gautamprarena","India"
"gavin527722","Viet Nam"
"gavinyin","United States"
"gawrgurakawaii","Japan"
"gay135man","Japan"
"gazelle_capital","Japan"
"gazezhibai","Korea"
"gb_2015_","Japan"
"gbnbzg2hsz7349","United States"
"gbongpink","Viet Nam"
"gbtargaryen","Brazil"
"gcfarijkjm","Brazil"
"gcfbyjks","Brazil"
"gcfmeeting","Brazil"
"gcrews_novelty","Japan"
"gcsbtc","Hong Kong"
"gcsheng","United States"
"gcwesteros","Singapore"
"gd778866","Hong Kong"
"gdgd160449","Korea"
"gdhhth4vfa6iqmf","Japan"
"ge5138874330792","Korea"
"geatalent","Malaysia"
"geauxlsubsbl","United States"
"gebixiaowang555","Japan"
"geeding46006","India"
"geedow_","Africa"
"geekcatx","Taiwan"
"geekinfoanime","Japan"
"geekwz365","Hong Kong"
"geesehowardt7","United States"
"gegedahwasa","Brazil"
"gegegujjj","Korea"
"gegewu1985","Hong Kong"
"gegewu203","Singapore"
"gehlv7a","Japan"
"gekkal109335418","United States"
"gekouenbide1","Hong Kong"
"gele_master","United States"
"gelinmason85802","United States"
"geme_maniac","Japan"
"geminitfwang","United States"
"gemithy","Hong Kong"
"gen01234567","Japan"
"gen20010716","Japan"
"genai_llc","Japan"
"genba_shigoto","Japan"
"genchan_cheese","Japan"
"gendanai","Japan"
"genecom_inc","Japan"
"geneki_junbi","Japan"
"geneless_hmu","Japan"
"general_voices","Japan"
"generalchiva_","Mexico"
"genesisstrcnhp","Australia"
"genesiswhale0","Bangladesh"
"geng1324","Hong Kong"
"gengdaj","United States"
"gengz1_","United States"
"gengzishunli","North America"
"geniexbtz","Romania"
"geniusgoty","Hong Kong"
"genkai_0119","Japan"
"genkai_gyantyu","Japan"
"genkai_renkin","Japan"
"genkaipapan","Japan"
"genkiofgenki","Japan"
"genmatatuki","Japan"
"gensosuikodensp","Japan"
"geocodepr","Japan"
"geolaeg73617145","East Asia"
"geomecian","Japan"
"geon1lo","Korea"
"geonewsin","Finland"
"george_lee6","Australia"
"george_w_ddd","United States"
"georgetradesol","Nigeria"
"georgewatt0406","Taiwan"
"georgianneriolo","United States"
"geostudio_t","Japan"
"geoy09","Nigeria"
"geraldbejerano","United States"
"geraldiner64275","Germany"
"geralt239411","Southeast Asia"
"geranoderosso","Japan"
"gerardoriveera","Hong Kong"
"gercek_bu_2","Turkey"
"gerdiman39579","United States"
"gergelimes","Brazil"
"gerlmarket94471","United States"
"germanmartinezv","Paraguay"
"gerongeater_14","Korea"
"gerrard8848","United States"
"gesoikuo3","Japan"
"gessaim","Japan"
"getangus","United Kingdom"
"getaskclaw","United States"
"getbluegoya","Korea"
"getdownpeo","United States"
"getgnu","Turkey"
"getmilk","Hong Kong"
"getrich_inalpha","Southeast Asia"
"getrightnews","United States"
"gettenberg1804","Italy"
"gettrwenwu222","United States"
"geulsagwa25825","Korea"
"geumpu95","Korea"
"geung322435","Korea"
"gewail_ai","Japan"
"gewuerleo","United States"
"gextutyan","Japan"
"gezhe_","Japan"
"gezixinhao2026","East Asia"
"gf7vision","East Asia"
"gfirenhote","East Asia"
"gfpah3mwln4ia3v","Japan"
"gfvbmtvexrdbr5","United States"
"gfzch0193520","China"
"gg776650","Singapore"
"gg_0xxx","United States"
"gg_gilbert_","United States"
"ggaarroo","Japan"
"ggb122882","Japan"
"ggboyclub","United States"
"ggbtty","United States"
"ggman123452","Southeast Asia"
"ggobukssi","West Asia"
"ggomespfc","Brazil"
"ggqap4dqed68632","Japan"
"gguoss","Hong Kong"
"ggvs_0212","Japan"
"ggxnekgkjekjaeh","Japan"
"gh1stsol","United Kingdom"
"ghassanvar93981","Thailand"
"gheannyl","Brazil"
"ghekor","Germany"
"ghjk5557","Japan"
"ghmlawlaw","Korea"
"ghnulluv","Korea"
"ghostehill","United States"
"ghostof_francis","Nigeria"
"ghostsacrament","Brazil"
"ghostscoin","Taiwan"
"ghu01501378","Hong Kong"
"gi11uastxo36654","Japan"
"gi_tuitagi","Brazil"
"gianna53267657","United States"
"giannikazakis","United States"
"giannis0603","Ghana"
"giantcutie666","Canada"
"giantcutie777","United States"
"giants9fighters","Japan"
"giantsjabira","Japan"
"giclixs","Thailand"
"gif96722885","Japan"
"gig_ecolabo","Japan"
"gigachadcoins","Japan"
"gigagiga100000","Japan"
"gigggit","Indonesia"
"giginator_","Australia"
"gigiweex","Hong Kong"
"gigiwithai","Panama"
"gigiz_eth","United States"
"giianca08","Belgium"
"giki336989","China"
"gikoism","Korea"
"gilani_khuram","Pakistan"
"gilbertoojeda","Hong Kong"
"gill_hal83169","United States"
"gilroymcke88170","Thailand"
"gimhaju19721842","Korea"
"gimseog49822410","East Asia"
"gimsulyeon60996","Korea"
"gimyeolae81666","Korea"
"gina_tirani","Singapore"
"ginaietasios","United States"
"ginaxu15","Spain"
"ginger19990420","Hong Kong"
"gingeroo_0330","Korea"
"ginnacgm48thfan","Thailand"
"ginzayabaton","Japan"
"gion_ai_lab","Japan"
"gioofertas","Brazil"
"gir_die","Antigua and Barbuda"
"girafales15","Brazil"
"girenxabiel1023","Japan"
"girlgym67","Southeast Asia"
"girlwithtatts_","United States"
"girlyamadeo","United States"
"gisaku_","Japan"
"gise_aerigigi","Japan"
"gisetlle","Southeast Asia"
"gissa_eth","Europe"
"gist_sophie","United Kingdom"
"gisterotf","Nigeria"
"gitsprototyping","Japan"
"givenkampala","Uganda"
"givlizbrey","Brazil"
"givmesomeheight","Hong Kong"
"giwa921t","Japan"
"giwwotgiwwot","Korea"
"giza98440963","United Arab Emirates"
"gizdusumandnode","West Asia"
"gizelle021696","South Africa"
"gizyutsukk","Japan"
"gj4f558dyotxqlb","Japan"
"gjlopeztejano59","United States"
"gjz010","Japan"
"gk130409","Japan"
"gk70186636","United States"
"gk_hra","Japan"
"gkclxx","East Asia"
"gkdpfla1476","Korea"
"gkellymediapr","Nigeria"
"gkev1n","Hong Kong"
"gku98x","Japan"
"gkxspace","United States"
"gladsto18525129","Japan"
"gladysibars33","Argentina"
"gladyswanga","Kenya"
"glamgobert","Japan"
"glamreel","India"
"glawinson","United States"
"glay_t3ko","Japan"
"glennsblin","Taiwan"
"gliang9","Japan"
"glideapps","United States"
"glimpses_light","Brazil"
"glitterpixely","United States"
"glmaliofficial","India"
"globalgoodness_","Nigeria"
"gloomyromi","United States"
"gloriadavila90","Mexico"
"gloriahamesu","Canada"
"gloriajamegmp3","United States"
"gloriawang9510","China"
"glory9glory","Nigeria"
"glory_whore","Hong Kong"
"glossyl3","South America"
"glowmidy","Brazil"
"glowrain_b","Korea"
"glsir213036","Hong Kong"
"glueovo","Korea"
"glyndadantubx","United States"
"glyxpx0o","Japan"
"glzhcx","Hong Kong"
"gmanlittle","United States"
"gmanoti","Kenya"
"gmfarcaster","United States"
"gminds_","Africa"
"gmk_onlineevent","Japan"
"gmmahim9","Bangladesh"
"gmmtv","Thailand"
"gmng13798117","China"
"gmniao","Singapore"
"gmosign_jp","Japan"
"gmsweetpotato","Taiwan"
"gmve4cc","Japan"
"gmwallethk","Australia"
"gnaixwh","Singapore"
"gngjush1","Japan"
"gnivre6","Japan"
"gnrjb395","Japan"
"gnu_ango","Japan"
"gnutecockney","United States"
"go1dshado","Korea"
"go2kgao","Japan"
"go_seven_","Singapore"
"go_sh84782","Hong Kong"
"go_yma","Japan"
"goalpunks","Hong Kong"
"goalwirehq247","Nigeria"
"goan999999","Southeast Asia"
"goated_21","Nigeria"
"gobiman8","Taiwan"
"gobkxpz","Japan"
"goc1061328","Singapore"
"gocachure","Japan"
"gocccccci","Japan"
"gochorevolucion","United States"
"god77774","United States"
"god_of_ai7","Japan"
"godardjugger","France"
"godblessban","Hong Kong"
"goddy_254","Kenya"
"godfather530615","Netherlands"
"godfather_220","Nigeria"
"godfoxxx","United States"
"godot_gate","Japan"
"godrealmx","United States"
"gods_02_sab","Japan"
"gods_g0d","Japan"
"godsaveobadiah1","Nigeria"
"godson_umo63005","Nigeria"
"godtierlss","Philippines"
"godwind82","United States"
"godwinfootbaxh","Nigeria"
"godzwana124","South Africa"
"goechulcha97670","Korea"
"gogejessfu","United States"
"gogo123239","United States"
"gogo_artmake","Korea"
"gogodokukinoko","Japan"
"gogotripdad2026","Japan"
"gogowin77","Korea"
"gojoh_koho","Japan"
"gok6h","Japan"
"gokceac0","Japan"
"gokiteai","United States"
"gokkun_kabu","Japan"
"goldenbattalion","United States"
"goldgleeix","Japan"
"goldmansachs","United States"
"goldmanstash","United States"
"golf4591","Hong Kong"
"golfdigestjapan","Japan"
"golgremio","Brazil"
"goliwn1","Japan"
"gomes_ssa","Iraq"
"gomezjessica264","Singapore"
"gomson1219","Korea"
"goncalvesduca","Brazil"
"gongbak_study","East Asia"
"gongbugogoring","Korea"
"gongbxek","Korea"
"gongfutu123","Hong Kong"
"gongnosu","Korea"
"gongzhangchen64","United States"
"gongzhidu","East Asia"
"gono1020982","Hong Kong"
"gontamuscle","Japan"
"gontarou0027254","Japan"
"gonzalesmustafa","Turkey"
"gonzalitoluquez","Viet Nam"
"gonzapplepie","Mexico"
"goo0ner10","Japan"
"good_signals","United Kingdom"
"goodengineer7","Japan"
"goodlucklyy","East Asia"
"goodlucky1110","Hong Kong"
"goodming258","Hong Kong"
"goodneighbor520","North America"
"goodnessuc00","Nigeria"
"goods_trade__","Japan"
"goodscollect","Japan"
"goodstorytori","United States"
"goodwinthegoat","United Kingdom"
"goodyynesss","United States"
"goofichyck","United States"
"google","United States"
"googleaistudio","United States"
"googledeepmind","United Kingdom"
"googoogoogoo102","Korea"
"gooit_official","Japan"
"gooner0523","Japan"
"goootaaan","Japan"
"gorden_sun","United States"
"gorigori_gaishi","Japan"
"gorillasky999","Japan"
"gorillataxjp","Japan"
"gorillax1000","Korea"
"gorin_6","Japan"
"gorinkai_5","Japan"
"gorioon_enan","Japan"
"goripara_kenji","Japan"
"gork","United States"
"goromsy","Japan"
"gosantamonica","United States"
"goshenggo","Japan"
"gosho1031","Japan"
"gossypiumindic","Korea"
"got7_ourloop","Korea"
"gota_kun","Japan"
"gotabi_jp","Japan"
"gotank454045","Japan"
"gotogaishi","Japan"
"gotounaru2023","Japan"
"gotsumorimainic","Japan"
"goudantiantian1","United States"
"goufazer","East Asia"
"goufazer110","East Asia"
"goukikuchi","Japan"
"goupenguin","Hong Kong"
"gousujiayou","Taiwan"
"gouveiapen","Brazil"
"governornanok","Kenya"
"gownchng160714","Hong Kong"
"gox1544821","Taiwan"
"goxionjing","Hong Kong"
"goya_daikichi","Japan"
"gp8yr","Japan"
"gpmomca","Japan"
"gpsma2025","Singapore"
"gqcoin","Hong Kong"
"gqdk0qovev45854","Japan"
"gqqmayan","Japan"
"gr0si","Japan"
"gr2egoryjonatha","North America"
"gr__mtc","Korea"
"grace_4america","United States"
"gracesicle","United States"
"gracewang1688","Hong Kong"
"gracexm2010","United States"
"gracie777999","Hong Kong"
"gracker_gao","United States"
"graewoonha","Korea"
"granapfelsaft","Germany"
"grandguignol96","Japan"
"grandmapokke","Japan"
"grandpark_la","United States"
"grant0098913641","Taiwan"
"grantmartyn1","Australia"
"grantmercer512","United States"
"granvilleewq","France"
"graouledino","France"
"grapeot","United States"
"grasysgrasys","Japan"
"gratian20031","Singapore"
"graveparkh","Japan"
"gravityempire28","Nigeria"
"gray4860","Korea"
"graynotelab","North America"
"grc5_sz","Japan"
"grc_7777","Hong Kong"
"grd5828","Japan"
"great_bystander","Japan"
"great_onee","Nigeria"
"greatrafi1924","India"
"greatstorycorey","United States"
"gredrosestudio","Malaysia"
"greedai2023","Japan"
"greekboy4sure","United States"
"green55782361","United States"
"green_meloberry","Japan"
"greenhandwe","Japan"
"greenwhite20727","Canada"
"greenxhee","Korea"
"greg_theduck","United States"
"gregorywhoover","United States"
"gregrrich","United States"
"grenadefart","Ireland"
"greymon114514","Singapore"
"grg69413088","Cuba"
"griersonis56293","Thailand"
"griff1330","Brazil"
"griffiesky22658","Italy"
"grisaia99807634","Japan"
"griseldafr30443","United States"
"grishahq","United States"
"grkazo","Finland"
"grkcdjanfhv76sz","Japan"
"grok","United States"
"grovestud","Ireland"
"grovexlistingbm","Philippines"
"growler180","United Kingdom"
"growofficial10","Brazil"
"growthtint","Japan"
"grpcxchuceyd8ac","Japan"
"grrowl","Australia"
"grs123_","Japan"
"grutuleticia","Japan"
"grvt_io","Singapore"
"gsm739","United Kingdom"
"gsoeboer","Korea"
"gsvkapoor","India"
"gt_1376","East Asia"
"gt_80044633","Japan"
"gtg10010","Japan"
"gtguapp","Kenya"
"gtmz9j","Singapore"
"gto2026summer","Japan"
"gtoratoratorag","Japan"
"gtqhyovnmizhgr","United States"
"gtvxoi","East Asia"
"gu1995_","United States"
"gu_i_92","East Asia"
"guachi1897874","Hong Kong"
"guaiguaieth","Hong Kong"
"guanchao_trade","Germany"
"guangrong0222","United States"
"guangzhou_daily","Hong Kong"
"guanmo_ai","Singapore"
"guansheng_ai","Japan"
"guanxinji7788","Hong Kong"
"guanyuhan426","United States"
"guardian_kawaii","Japan"
"guayjose90239","Indonesia"
"gubing19","China"
"gucci86824","Nigeria"
"guccistarboi","Africa"
"gucxxxxxx","United States"
"gucyril","East Asia"
"gud_fortune","Japan"
"guemomel","United States"
"gugugudeee","Korea"
"guguliu293222","North America"
"guguzx6","Hong Kong"
"guhmlb","Brazil"
"guhype","Hong Kong"
"guidaunuxljh3","Singapore"
"guidetomars","Australia"
"guidu64","United States"
"guiecamposs","Brazil"
"guigui884036111","Hong Kong"
"guiilltyasin","Canada"
"guijiewan","Singapore"
"guilang8","Hong Kong"
"guilbertka61852","Viet Nam"
"guilhermeborda2","Brazil"
"guilleconcafe","South America"
"guilledoma","Paraguay"
"guillerminrmkic","France"
"guillermoo56167","Argentina"
"guilopesmac","Brazil"
"guilty_glutton","United States"
"guishou_56","United States"
"guitariste_fou","France"
"guivermiguel","Argentina"
"guiyuiuy19d","Pakistan"
"guizu9452","Japan"
"guk2472","United States"
"guli1832604","China"
"gulistanyazr","Hong Kong"
"gulnarnorthwest","Hong Kong"
"gumiesn","Indonesia"
"gumponchain","East Asia"
"gunbameeee","East Asia"
"gundykurt77874","Taiwan"
"gunesligunlerfb","Turkey"
"gunjungz4","Korea"
"gunma_senkyo","Japan"
"gunneljohn","Ghana"
"gunsvknrvbqff2","United States"
"gunyagmichim","Korea"
"gunyuqun141927","Singapore"
"guo39620055","United States"
"guo_bu22306","China"
"guodiyong1","Hong Kong"
"guodongzha70807","United States"
"guohezu92327494","Singapore"
"guohui5236","Hong Kong"
"guomin184935","Korea"
"guoqianhli","Japan"
"guoyuanchao100","Singapore"
"guoyuktsn8m","United States"
"guoyukyc","South Asia"
"guraymdayo","Japan"
"guri_211121","Japan"
"gurneygoojapan","Japan"
"guru_maru_","Japan"
"guruversex","Southeast Asia"
"guseir","United States"
"gushen88888","Hong Kong"
"gussan_ymfc","Japan"
"gussanpo902","Japan"
"gustavio7a0","Saudi Arabia"
"gustavogtfla","Brazil"
"gustavoipadilla","Argentina"
"gustavotuitaa","Brazil"
"gustysate48","Indonesia"
"gutenberg1450","India"
"gutoubeng1","East Asia"
"guxinghanyi","United States"
"guydealership","United States"
"guysunny1","United States"
"guyu1219","Hong Kong"
"guyufeng23","United States"
"guzhoududiao","United States"
"guzibiji","Japan"
"gv_guillee","Paraguay"
"gvgi164276","Hong Kong"
"gvnmutula","Kenya"
"gw49221300","Canada"
"gwancool","United States"
"gwenmartin3737","United States"
"gwenysbryd","Viet Nam"
"gwglory1","Japan"
"gwhalechain","Taiwan"
"gxhmui8abv16998","East Asia"
"gxhwzdypcd11460","Japan"
"gxming1981621","Taiwan"
"gyakuyubaba","Japan"
"gyanchubu","Japan"
"gyanitrick","South Asia"
"gyejeongna75384","Korea"
"gyeoulmeow","Korea"
"gylq520","Hong Kong"
"gymconquer","Japan"
"gymlog_30s","Japan"
"gyng0409","Japan"
"gyo_n","Japan"
"gyourmoon","Brazil"
"gypsy13100","Canada"
"gyt0101","United States"
"gyueiji","Japan"
"gyuha10","Korea"
"gyuri_426","Korea"
"gyuunabeya","Japan"
"gyx188","East Asia"
"gz321123","United States"
"gzc703459","Hong Kong"
"gzxiguan88","New Zealand"
"h08lgccdoczmzeu","Japan"
"h0txx_","Japan"
"h18f1ekikvvog5q","Japan"
"h1metake","Japan"
"h1nato","Japan"
"h20_jw","Japan"
"h27n27k02","Japan"
"h33hyeon","Korea"
"h3ndriksj","United States"
"h4ki_2628","Japan"
"h4shkat","India"
"h5dvqcokhs8rjhw","Japan"
"h5erin","Brazil"
"h95814206","Singapore"
"h_2001826","Japan"
"h___xun","Korea"
"h__jian","United States"
"h_artistlifekr","Australia"
"h_chris233","United Kingdom"
"h_inazuki","Japan"
"h_lk39","Malaysia"
"ha_en__","Korea"
"ha_inh24324","Viet Nam"
"ha_li48341","Japan"
"ha_ru_0801","Japan"
"habaday_o0","Japan"
"habeu_d","Korea"
"habib12hr","Bangladesh"
"habibalrhmnpti","South Asia"
"habibkojak65981","Morocco"
"habukishigeo","Japan"
"hacci3699","Japan"
"hachaaaaaare","Japan"
"hachi_co_888","Japan"
"hack4cn","Japan"
"hackdeacon","United States"
"hacken2006","United States"
"hacker0x01","United States"
"hacker_fuckvc","Japan"
"hackernews","United States"
"hades__ai","Japan"
"hadesallspark","Canada"
"haeparu_","Korea"
"haerivnkang","Indonesia"
"haeum1006","Korea"
"hagane_hatsu","Japan"
"hagetemo","Japan"
"hagoromo_exp","Japan"
"hagure6256","Japan"
"hahazwei","Japan"
"hahlolhah3","Malaysia"
"haibaracrypto","Singapore"
"haibingt48420","Hong Kong"
"haichuanzhitou","Hong Kong"
"haider1","Pakistan"
"haileyevel81823","Viet Nam"
"hailihaha114542","Japan"
"hainchu21","Japan"
"haishin_navi","Japan"
"haishineru","Japan"
"haiteng_okx","Hong Kong"
"haito_is_dream","Japan"
"haitou_seikatsu","Japan"
"haiw022","Hong Kong"
"haiwaiyunjumin","United States"
"haizz12345h","Malaysia"
"hajas1004","East Asia"
"hajimatrauma","Korea"
"hajime_sino7","Japan"
"hajimepon","Japan"
"hajimesyacho","Japan"
"hakidameland","Sweden"
"hakimieiqbal","Germany"
"hakmgpt","West Asia"
"hako72503460","Japan"
"hakuikoyori","Japan"
"hakumadreamroad","Japan"
"hakutukiyoni","Japan"
"hal19660413","Japan"
"hal_harmony76","Japan"
"halamadridmas15","Spain"
"halcyon_66","Hong Kong"
"halcyondayscome","Japan"
"haldanesca52639","Turkey"
"halfdayvacation","Japan"
"halfis_0314","Japan"
"halfyyy09","Hong Kong"
"halha1hal","Japan"
"hali66069","China"
"halibnb","Finland"
"haliluya8911","Philippines"
"hall_missy49751","United States"
"hallerockboy","Japan"
"halleycataldn","Viet Nam"
"hallkimber56249","Cambodia"
"hallo_lobotomy","Japan"
"halnana0801","Japan"
"halodomm","Singapore"
"halshiwon","Japan"
"halto310","Japan"
"haluklevent","Turkey"
"hama_no_bba","Japan"
"hama_sidefire","Japan"
"hamadass_kure","Japan"
"hamammm4","Japan"
"hamanopenguin","Japan"
"hamao73","United States"
"hamaxx1","Argentina"
"hamayan_keiba","Japan"
"hamei888","East Asia"
"hamiyakotone","Japan"
"hamkiyimba1","Uganda"
"hammadh42886717","South Asia"
"hammmnft","Japan"
"hampton_me4470","China"
"hamsomejames","Taiwan"
"hamu_nekokaburi","Japan"
"hamunyaptra","Japan"
"hamza92100","France"
"hamzaozkanq7hn","United States"
"hamzasenzkc8","Turkey"
"han12sara","Korea"
"han83914539","Hong Kong"
"han_gate","East Asia"
"hana14ki","Japan"
"hana_2004y","West Asia"
"hana_o_chan","Japan"
"hana_oba","Japan"
"hana_to_chiyo","Japan"
"hana_yuukaa","Taiwan"
"hanaharu_8713","Japan"
"hanaichiban8787","Japan"
"hanakotarou_vr","Japan"
"hanamaru112423","Japan"
"hanamaruuuchan","Japan"
"hanano_sono","Japan"
"hanapyonkoupyon","Brazil"
"hanarimomiji","Japan"
"hanarina0","Japan"
"hanashita_toneo","Japan"
"hanazyren77","Hong Kong"
"hanbaguibg","North America"
"hanbindimples","Brazil"
"handabin6","Korea"
"handelashmutt","Hong Kong"
"handingchen","East Asia"
"hands_nagoya","Japan"
"handz18","Japan"
"hanesakimiku","Japan"
"haney53067","Mexico"
"hangseng_","Japan"
"hangsoco2","United States"
"hangzone11","Hong Kong"
"hanhanbtc","Japan"
"hanhanxue521146","United States"
"hanheshijie","United States"
"haniidere","North America"
"haniwa_810_89","Japan"
"haniwa_mvp","Japan"
"hanjh406","Korea"
"hanjm131","Korea"
"hanjukuotome","Japan"
"hank1818118","Hong Kong"
"hank767900","North America"
"hankang20000313","Korea"
"hanksen26","United States"
"hanlidv","Hong Kong"
"hanmantui","Hong Kong"
"hanmingg","Philippines"
"hanmirrae","Latvia"
"hann7712","United States"
"hann_kiki","Hong Kong"
"hannacharlean","United States"
"hannah_mbunabor","Nigeria"
"hannahisaa4ldg","Italy"
"hannahmwall","United Kingdom"
"hannahpencjkwr","United States"
"hannan85856","United States"
"hanniexelhae","Philippines"
"hanonlife","Japan"
"hanpanai_tnpr","Korea"
"hanpaopao001","Japan"
"hanpaopao99","United States"
"hanqing1120","Taiwan"
"hanruivo","Brazil"
"hanseol_0913","Korea"
"hansjiqing","Hong Kong"
"hansolo0225","Japan"
"hanson2118","North America"
"hansraj55253307","India"
"hantaiume","Japan"
"hante0323","United States"
"hanxiao01464654","China"
"hanxilgf","Japan"
"hao_jiu","Singapore"
"hao_shai59541","China"
"haochen9701","Singapore"
"haodudeheshang","United States"
"haoge_hk","United States"
"haolai77301","China"
"haominghuang","United Kingdom"
"haora43401","United States"
"haoran_tang97","United States"
"haoshitv","United States"
"haosun45999","China"
"haowei80803","United States"
"haoxinqing01","China"
"haoyul33574","Hong Kong"
"hapicchihapicch","Japan"
"hapiryon","Japan"
"happiness_1024","Taiwan"
"happy13766","China"
"happy20250912","Singapore"
"happy5757428804","China"
"happy968ywin","Japan"
"happy_ending426","Japan"
"happybeargg","Southeast Asia"
"happyface1022","Singapore"
"happyflf_jacob","China"
"happyhaha0302","Hong Kong"
"happyhappy____1","Japan"
"happylifelaugh","Japan"
"happyluckytime8","Japan"
"happynapx","East Asia"
"happyoko07srfb","Japan"
"happypigchen","China"
"happyporter4","Hong Kong"
"happyqq_ai","United States"
"happysky3721","United States"
"happytingan","Taiwan"
"happywuhu","China"
"happyxuy","Japan"
"harada_shotaro","Japan"
"haraex_24","Japan"
"haramitu_jp","Japan"
"haran05051124","East Asia"
"harayayoiii","North America"
"harborml","United Kingdom"
"hardboiled11133","Japan"
"hariko0202","Japan"
"harin_0216","Korea"
"harish202us","India"
"harrellryan1","United States"
"harriessteele","United States"
"harrinho21","United States"
"harrison_ogonna","Nigeria"
"harrisonitsme","United States"
"harrycomeflebo","Italy"
"harryhorse18234","Japan"
"harrylin1024","Japan"
"harshagundal","United States"
"harshithlucky3","India"
"hartchris12","United States"
"haru20220902","Japan"
"haru_312907","Japan"
"haru__haru0426","Japan"
"haru_chp","Japan"
"haru_mina1206","Japan"
"haru_u0711","Japan"
"harubobo_san","Japan"
"harudisney_0426","Japan"
"haruetakeda","Japan"
"haruka1111r","Japan"
"haruka54658828","Taiwan"
"haruka_no_sake","Japan"
"haruka_ruquia","Japan"
"haruka_vocal","Japan"
"haruki_xxx","Japan"
"harumakidaizin","Japan"
"harumi207","Japan"
"harumiikenken","Japan"
"harumiroku118","Japan"
"haruquarium","Japan"
"harusaka302504","Japan"
"harusameyafuuko","Japan"
"harusan0707","Japan"
"harusumeshi","Japan"
"harutm2317","Japan"
"haruyaco","Japan"
"harveychang4181","Taiwan"
"harxeuphoria","Southeast Asia"
"hasan_nftox","Bangladesh"
"hasanaydinauf5","United States"
"hasandemirh8fh","United States"
"hasandoganwjr8","Turkey"
"hasankayazxbp","Turkey"
"hasanydn","Turkey"
"hasep500","Japan"
"hasetsuyo67pi","Japan"
"hashcoin0","Singapore"
"hashgraphonline","United States"
"hashi19901011","Japan"
"hashikure0702h","Japan"
"hashkey_capital","Japan"
"hashmishah2050","Pakistan"
"hasibur74548341","Bangladesh"
"haskap1017","Japan"
"haskeem88","United States"
"haskell_pro","North America"
"hassanomarh","Kenya"
"hassy_gunners","Japan"
"hassymagic_kai","Japan"
"hasszhz","United States"
"hata_nk3","Japan"
"hataraking_2022","Japan"
"hatarakumairu1","Japan"
"hatluvb","Japan"
"hato_yama_poppo","Japan"
"hatoba_holosuki","Japan"
"hattiesimolkl","United Kingdom"
"haubay_","Singapore"
"haulbyy","Indonesia"
"hava_dm85610","Japan"
"havey_oswald","Japan"
"hawhay","Viet Nam"
"hawkarmy_zzhmy","United States"
"hawkemdownchris","North America"
"hawking197428","Belgium"
"hawkymisc","Japan"
"hayafunekuroiwa","Japan"
"hayaikaname","Japan"
"hayakawa1022mak","Japan"
"hayaokishufu","Japan"
"hayarai_1212","Japan"
"hayashid0518","Japan"
"hayata0244","Japan"
"hayes_jesse","Iraq"
"hayukoo233","Japan"
"hayuru_rainwell","Japan"
"haywoodjod68421","United States"
"hayzed_sol","Africa"
"hazefurr","South Asia"
"hazejji","Japan"
"hazelhagga96899","United States"
"hazemmostafa535","Egypt"
"hazenlee","Japan"
"hazimi999","Singapore"
"hazuki_is_1","Japan"
"hazuki_tsumugu","Japan"
"hazz18hazz","Indonesia"
"hb_add","Iraq"
"hb_lito","United States"
"hb_okx","Japan"
"hbgeng","Hong Kong"
"hbj_r77032","Brazil"
"hbp_ep","Japan"
"hchs_akiba","Japan"
"hchs_takamatsu","Japan"
"hchssapporo","Japan"
"hcjceo_hagiwara","Japan"
"hclyiesggluqpt","United States"
"hcm8xoz8ji76390","Japan"
"hcs_only","Taiwan"
"hcse3jpocy0knyo","Japan"
"hcy41549571","Japan"
"hd_nvim","United States"
"hdd46313937","Southeast Asia"
"hdh725199693743","Hong Kong"
"hdhdvzh","Southeast Asia"
"hdhhhhkjhsj","United States"
"he8888666625","Finland"
"he_feng90578","United States"
"head12_screw","United States"
"head7877","Hong Kong"
"healing1013","Korea"
"healthyhoss","United States"
"heart2trust","North America"
"heart_mnt","Japan"
"heartm99","Japan"
"heartthrob0532","China"
"hearttouch23","China"
"heatherleigh032","United States"
"heatherramtfbc","Turkey"
"heathertrumpet","North America"
"heatman_exe","Japan"
"heavent0208","Korea"
"hebigami","Japan"
"heche111","Hong Kong"
"hecheng100guo","Colombia"
"hechizodiluna","South America"
"hedonismbot13","East Asia"
"hedychesteud33","Denmark"
"hee0416jun","Korea"
"hee_u222","Japan"
"heejoo04","Korea"
"heflrs3nmanrv08","Japan"
"heheh20018","United States"
"hei520111","Viet Nam"
"heiansaiten","Japan"
"heishuing","North America"
"heisjayblends","Africa"
"heiskoco2","Nigeria"
"heisog","Nigeria"
"heiwushij","Hong Kong"
"heixiongjing33","United States"
"heizolshao","United States"
"hejin23875519","China"
"hejushang8","Hong Kong"
"hekrzatlblsl0a","United States"
"hekun0929","China"
"helainewarqem","Nigeria"
"helcyonspb","Hong Kong"
"helen_maga99","United States"
"helena960630","China"
"helenhillpibw","Turkey"
"helenmartigbvi","Turkey"
"helenpeteraegn","Turkey"
"helenshawnlee1","Canada"
"helenzh53635331","Hong Kong"
"helgadelioeb9","United States"
"hello_sp500","Japan"
"hellochenyong","United States"
"helloh1n1","East Asia"
"hellominhang19","Japan"
"hellonewzzy","Hong Kong"
"hellosuoha","Korea"
"hellowikies","Hong Kong"
"helloxiefang","United States"
"help35710585","Singapore"
"hem13t","Hong Kong"
"hemebit","North America"
"hemera769","France"
"henanjinlian","Japan"
"hendrycks","United States"
"heng94080","United States"
"hengieheng","United States"
"henigett","Taiwan"
"henriccl","Brazil"
"henrichnguyen","Viet Nam"
"henrik_on_hl","Germany"
"henrikardi","Indonesia"
"henriquelopess6","Brazil"
"henry2ch","Nigeria"
"henry615871032","Germany"
"henry_chi_dave","Nigeria"
"henry_fx02","Africa"
"henryartx","South Asia"
"henrym678","Canada"
"henrysalva13","India"
"henryy54001","North America"
"henryzhangheng","Singapore"
"henzolee13","Nigeria"
"heo8boy","Brazil"
"hephatw","Taiwan"
"hepingli3","Hong Kong"
"heprin777","Japan"
"herbocuk","Turkey"
"heriko_torio","Japan"
"heritage_hoop","United States"
"hermanrandall_","United States"
"hero_girl_sora","Japan"
"hero_hello_hi","Japan"
"hero_of_3dome","Japan"
"herock","Hong Kong"
"herpessupport_h","United States"
"herresmee27110","United Kingdom"
"herrjinn","Germany"
"herryzhengai","Hong Kong"
"hertz52_jin","Korea"
"hesamation","Italy"
"heshaohua18003","United States"
"heshou55115","United States"
"hesoinoshishi","Japan"
"hetaojingjing","China"
"hewan_ai","North America"
"hewei22511","Hong Kong"
"hex_jjung","Korea"
"hexiu164893","United States"
"hexmaniacaelita","United States"
"hextheblitz","Slovenia"
"hey_riaz","Bangladesh"
"heyartzy","Europe"
"heydenjenny","United States"
"heydravon","United States"
"heyfrankbuilds","Malaysia"
"heyits1ricky","Africa"
"heynowheynownow","United Kingdom"
"heyweili","United States"
"heyyehao","Japan"
"hezhenren123","Indonesia"
"hezhi8524","United States"
"hf0rc1rxo59406","Hong Kong"
"hf800522988","Taiwan"
"hf87v5","United States"
"hfkmtzchl3yt8nt","Korea"
"hfsdr8246","United States"
"hfsr_official","Hong Kong"
"hg72923","China"
"hgfdvb_hff","Egypt"
"hggvd393107","Japan"
"hgreen88203","Canada"
"hgrxjouwokqhob","United States"
"hgt__pokeka","Japan"
"hgttun","Japan"
"hh_hsjb","Brazil"
"hhaaookk","Japan"
"hhdd420","Southeast Asia"
"hhedy666","United States"
"hhisnothing","Taiwan"
"hhkr006","Japan"
"hhmu1a","East Asia"
"hhshengy13391","Japan"
"hhyemmu","East Asia"
"hi19399511","Japan"
"hi4ric_","Japan"
"hi7ta0851","Japan"
"hiapi_ai","United States"
"hiba114514","Japan"
"hibiki_misora11","Japan"
"hibikin81583679","Japan"
"hibomm147888","China"
"hibtc37","Singapore"
"hibtchinese","Singapore"
"hicker_moledao","Hong Kong"
"hiddenleaf607","United States"
"hide_uma","Japan"
"hideakiisobe","Japan"
"hideakiyamada8","Japan"
"hideki_shacho","Japan"
"hidemaru_6","Japan"
"hidephoto_2021","Japan"
"hidesuke0928","Japan"
"hidropower507","Panama"
"higashida_naoki","Japan"
"higashimurameim","Japan"
"higashinoneko3","Japan"
"higehigecoyg1","Japan"
"higeurarara","Japan"
"high_leveragefx","Japan"
"high_rank_cat","Japan"
"high_tower3rd","Japan"
"highighig","Japan"
"highschoolads","Japan"
"highsucroses","United States"
"hight69055","Hong Kong"
"hihi_q","Philippines"
"hihihi_poke","Japan"
"hihojan10","Japan"
"hiiiiichan1417","Japan"
"hiikao517","Japan"
"hiiragi_poke13","Japan"
"hiit_00","Japan"
"hiitan328","Japan"
"hiiwantbewish","Taiwan"
"hijaredyae","Germany"
"hijingjingzhou","China"
"hijiujiang","United States"
"hikari7774","Japan"
"hikari_tsai","Taiwan"
"hikaricrysta","Japan"
"hikarin69733801","Japan"
"hikaritoys","Japan"
"hikaru0985","Japan"
"hikaru_naras","Japan"
"hikerukigasuru","Japan"
"hikikomoriutu","Japan"
"hikjljb","Hong Kong"
"hikkoshizamurai","Japan"
"hikonishi5","Japan"
"hikou50maruwa","Japan"
"hilaryopli64684","Viet Nam"
"hilbertspaess","United States"
"hilton__london","United States"
"hima1212hima","Japan"
"hima_photo","Japan"
"himadainagon","Japan"
"himalaya_bear1","United States"
"himanankaomaera","Japan"
"himebonni","North America"
"himeka_marketns","Japan"
"himepiyo","Japan"
"himerutatsumi24","Japan"
"himezzang_","Korea"
"himi_gyuya","East Asia"
"himinbobo487913","China"
"himizu_raika24","Japan"
"himymuse","Korea"
"hina01424","Korea"
"hina_natsu_love","United States"
"hinahina2022","Japan"
"hinakochihiro","Japan"
"hinalice_trhk","Japan"
"hinannaka1127","Japan"
"hinata53","Japan"
"hinata53ban","East Asia"
"hinatahimarii","Japan"
"hinatan_tsz0204","Japan"
"hinatariadesu","Japan"
"hinato_y","Japan"
"hinayuki611","Japan"
"hindu_voic","India"
"hinnoak3121","Japan"
"hintpot_life","Japan"
"hioritohda","Japan"
"hiperfocoemser","Brazil"
"hipinkyyy5799","Viet Nam"
"hiply0625","East Asia"
"hippo_no_yume","Korea"
"hipxhiparchive","Korea"
"hiraethyleman","Japan"
"hiraigooner","Japan"
"hiraisin0826","East Asia"
"hirame_6979","Japan"
"hiramilemon_sg7","Japan"
"hiraokakogyo","Japan"
"hirarin_alst","Japan"
"hirarin_pool","Japan"
"hiratahideo","Japan"
"hiraweb3","West Asia"
"hiro0204fukuoka","Japan"
"hiro32jp","Japan"
"hiro41512","Japan"
"hiro8712","Japan"
"hiro_75_58_aki","Japan"
"hiro_game1002","East Asia"
"hiro_hiro7119","Japan"
"hiro_piro_max","Japan"
"hiro_satoh","Japan"
"hiro_uraaka8","Japan"
"hiroaka_mi_love","Japan"
"hiroakabeast","Japan"
"hiroakisekiguch","Japan"
"hiroe_yoshida","Japan"
"hirohiro330m","Japan"
"hirohirokun123","Japan"
"hirokix202","Japan"
"hiromaro555","Japan"
"hiromasa_z_z","Japan"
"hiromitsu_un","Japan"
"hironobu_puti","Japan"
"hironor34859444","Japan"
"hiropedal5","Japan"
"hiroponberryx_x","Japan"
"hirose_yoshi","Japan"
"hiroshi0147","Japan"
"hiroshimadayoo","Japan"
"hiroshimaminato","Japan"
"hirox246","United States"
"hiruobi_tbs","Japan"
"hiryan0x","United States"
"hisa111abc","Japan"
"hisa37ouen","Japan"
"hisaeecholove","Japan"
"hisevenih","Japan"
"hisohn","India"
"hisrottingflesh","United Kingdom"
"historiassonar","Turkey"
"historybaoye","United States"
"hisui72639","Japan"
"hisui_madoka","Japan"
"hisui_milk","Japan"
"hita0811","East Asia"
"hitaki_16","Japan"
"hitako_himazin","East Asia"
"hiti5san","Japan"
"hitlergrandson2","Kenya"
"hitohana_care","East Asia"
"hitokotoboyaku","Japan"
"hitomiplus_enju","Japan"
"hitomura_sub1","Japan"
"hitongliang6666","Hong Kong"
"hitopn_","Japan"
"hitopon999","Japan"
"hitoritabiken","East Asia"
"hitsucha_n","Japan"
"hitsujimaru_ai","Japan"
"hitsujinotomo","Japan"
"hitsukirei","Taiwan"
"hittcimurabito","Japan"
"hitu1499551","Japan"
"hitugi_0_","Japan"
"hiu_ayaya","Japan"
"hiviggie","United States"
"hiwise_aigc","Japan"
"hiwowo1984","United States"
"hiyoctrl","Japan"
"hiyokolazy","Japan"
"hiyokomame_ill","Japan"
"hiyonano_my","Japan"
"hiyoo0_","Korea"
"hiyou_","Japan"
"hizihaogege","Japan"
"hj667737550","Korea"
"hj_in_hj_in","Japan"
"hj_nyung","Korea"
"hjc4869","Australia"
"hjjkk17w","North America"
"hjjnadia","United States"
"hjjuli","Korea"
"hjkaba08","United States"
"hjmammydragon","Japan"
"hjxege","Japan"
"hjy91195851","China"
"hk331212","Bangladesh"
"hk510317","Korea"
"hk_522_","Japan"
"hkdaole","Taiwan"
"hkdz1c2vwg90388","Japan"
"hkkosir","Hong Kong"
"hkoldstu","Singapore"
"hkqnb","United States"
"hkr__sn_","Japan"
"hksekaie","Japan"
"hkstephensyy","Taiwan"
"hkvps07","Malaysia"
"hlavicons","Viet Nam"
"hlelo0308","South Africa"
"hlipiec93017","United Kingdom"
"hljheb8989","New Zealand"
"hlqhcagiaqi5nz","United States"
"hlwang888","Hong Kong"
"hlxf99","Japan"
"hmaxlf9","Japan"
"hmd_knzw","Japan"
"hmingcoin","Korea"
"hmk1c7","Japan"
"hmly2011","Japan"
"hmmemeb","United States"
"hmmmmmm1458","Korea"
"hmyk029","Japan"
"hn_ci6","Japan"
"hnb2fd","Japan"
"hncr_agurogura","Japan"
"hnd_excel_tokyu","Japan"
"hnmfckjixv90073","Japan"
"hnqng128575","East Asia"
"hnzh239805","Hong Kong"
"ho_repoyo","Korea"
"hoang_son_90","United States"
"hobarek","Japan"
"hobby_hell","Japan"
"hobby_sosaku","Japan"
"hobonomercy","United States"
"hodl5x","Hong Kong"
"hoegerstel43040","United States"
"hoepsmvazvre2xh","Japan"
"hoggbylgja","United States"
"hohob333","Korea"
"hohoho645","Japan"
"hoikunochikara","Japan"
"hojyomaru","Japan"
"hok_tori20","Japan"
"hokkaido_gurume","Japan"
"hokkaifuji","Japan"
"hokkoriclip","Japan"
"hokkoritentyou","Japan"
"hokurikubank_jp","Japan"
"hokuto7sei7ken","Japan"
"holaholahalloo","Indonesia"
"holawong","East Asia"
"hollanovballs","United States"
"holleking58680","East Asia"
"hollyrindler","United States"
"hollywoodbowl","United States"
"hollyxpress","Hong Kong"
"hololive_dreams","Japan"
"holtrwau","Portugal"
"holycrossmark","Ireland"
"holyostickkupp","United States"
"holyseraph_","Hong Kong"
"homechef637","Korea"
"homeoffice9812","Japan"
"homesickvtuber","Taiwan"
"hommezhang","Japan"
"honda_k_investe","United Kingdom"
"honehoneyoshi4","Japan"
"honey94909829","Germany"
"honey_tky","Japan"
"honeybeemh3","Japan"
"honeycookie_pr","Korea"
"honeydewmoon","Hong Kong"
"honeymary0428","Japan"
"hongchuantouzi","Turkey"
"hongfu8766","United States"
"hongfufe","Europe"
"hongitomi","Japan"
"hongk918","Hong Kong"
"honglin_lawyer","United States"
"hongming731","United States"
"hongnguyennh1","Viet Nam"
"hongren001","Hong Kong"
"hongseshentou","United States"
"hongshen6666btc","Japan"
"hongsheng_hz","Singapore"
"hongshixiang520","China"
"hongshuji","Philippines"
"hongtrudics","United States"
"hongtuweiye82","Hong Kong"
"hongyichen111","Singapore"
"hongyishi2","Singapore"
"hono414141","Japan"
"hono_03011","Japan"
"honoge_","Japan"
"honohono_3373","Japan"
"honoikazuthi","Japan"
"honoki1229","Japan"
"honokichi41","Taiwan"
"hoodoussman","Europe"
"hoodrat_shit91","United States"
"hoodyliu","Japan"
"hoojhuice","Japan"
"hoole1997","United States"
"hoolu_vtuber","Taiwan"
"hooni94_","Korea"
"hooverinst","United States"
"hope_12023","Guadeloupe"
"hopeabsent","Japan"
"hopedanjuma6","Nigeria"
"hoppechanapp","Japan"
"horaceolif39519","United Kingdom"
"horand303","Japan"
"horawrtix","Southeast Asia"
"horizondpx","France"
"horizonnotes_pr","Japan"
"horizonwirehw","Pakistan"
"horn_gal","United Kingdom"
"horsezhanbin","Japan"
"horuszz","Viet Nam"
"hosdrugs","Hong Kong"
"hoseaopetidb","Italy"
"hoshiamairo","Japan"
"hoshino_iroha10","Taiwan"
"hoshino_koucha","Japan"
"hoshino_sasaki","Japan"
"hoshinowanda","Taiwan"
"hoshiya_azusa","Hong Kong"
"hoshiyu_02","Japan"
"hosinoaman","Japan"
"hosinokaede0717","Japan"
"hosmanpuerto","Colombia"
"hossainriad64","Bangladesh"
"hostqq","United States"
"hot_in4","Korea"
"hot_water_atu","Korea"
"hotate0708","Japan"
"hotbabyrebao","Japan"
"hotdodo9999","Korea"
"hotel_edmont","Japan"
"hotel_emisia_sp","Japan"
"hotelsuite_yg","Japan"
"hoteltourism_ih","Japan"
"hotlot346676","Japan"
"hotmailfromsh","Thailand"
"hotmouthshellyy","United States"
"hotrubiace","Japan"
"hots1802","Brazil"
"hotstarkoko","United States"
"hotsuke","Japan"
"houbunji","Japan"
"houdong1990","East Asia"
"houg1069","Taiwan"
"houki_mochi","Japan"
"houmanhemmati","United States"
"hounddeli","Taiwan"
"hourei","Japan"
"hourui86742553","United States"
"houseporn___","Europe"
"houstondude2023","North America"
"houzuki_shizuku","Japan"
"hoveykrist80257","United States"
"how96344999","Hong Kong"
"howaitrei","Japan"
"howard7092","Taiwan"
"howie_serious","Singapore"
"howlshot","United States"
"howtoprompt__","India"
"hoyaminabe","Japan"
"hoynfi562061","Hong Kong"
"hp20071992","India"
"hp_creation","Japan"
"hpan742163","Australia"
"hpbo__o","Japan"
"hpe","United States"
"hppzyy","Taiwan"
"hputzek","Germany"
"hqgmg00kvken5yo","Japan"
"hqinjarsy","United States"
"hqly_99","Japan"
"hqwalkerpoole","Brazil"
"hqydzgmcm993096","United States"
"hr_navi","Japan"
"hrademan66499","Canada"
"hrishikeshbang8","Japan"
"hrmnjk_","Japan"
"hrpurin0128","Japan"
"hrrydomengao","Brazil"
"hrttljawcn2mek","United States"
"hrvolley1","Japan"
"hrw28805616","China"
"hs040115","China"
"hs_takahashi","Japan"
"hsfhljfdps7x86k","Japan"
"hsfyftbsa","Hong Kong"
"hshinaga_1998","United States"
"hsingxxx","Hong Kong"
"hsinlee9","United States"
"hsishsugsi","Japan"
"hskz1453","Japan"
"hsmw2027cwzy","Japan"
"hsongi_ww","Korea"
"hss_shiuan","Taiwan"
"hsuanminglin","Taiwan"
"hsuunkle36409","Hong Kong"
"hsw_trade","Japan"
"hswcyd","United States"
"ht_antholic","East Asia"
"ht_tigers","Japan"
"htaina_551","Japan"
"htb_kuma","Japan"
"htcbbwblse4tty7","Japan"
"htest001","Korea"
"htethtetsukyi","Thailand"
"hto__id","Japan"
"htoranosuke","Japan"
"htrzac","Hong Kong"
"htx_molly","Hong Kong"
"htxresearch","Korea"
"hu9892888","China"
"hua888888888888","East Asia"
"hua_juan_","Hong Kong"
"huachen69367616","Singapore"
"huachengxiaoliu","United States"
"huahua20000304","China"
"huahua_btc","Japan"
"huahuazo","East Asia"
"huahuojiang_","Taiwan"
"huaiqingyan","Taiwan"
"huaiyanglang","Japan"
"huajiao_daliao","United States"
"huan_hua64480","China"
"huang2024","Hong Kong"
"huang3feng","Canada"
"huang52807","China"
"huang6180","Japan"
"huang74541934","United States"
"huang78421","Taiwan"
"huang82545","Taiwan"
"huang99242","East Asia"
"huang_di61461","United States"
"huangbaozhen","Singapore"
"huangboss117281","Japan"
"huangguodrama","Taiwan"
"huanghuiwy","Japan"
"huangjiataoo","Japan"
"huangkaoya","Hong Kong"
"huangliang3913","East Asia"
"huangluwei1993","United States"
"huangmason666","East Asia"
"huangmi12916508","Japan"
"huangmingmo","Taiwan"
"huangqiao00","United Arab Emirates"
"huangshangninz","Indonesia"
"huangyiwei47729","China"
"huangyofa","Japan"
"huanjue2026","United States"
"huantan1219","China"
"huanxian_","Taiwan"
"huasheng1143831","Japan"
"huashengeth","Hong Kong"
"huashijw","Germany"
"huavuong102","Viet Nam"
"huawei52592570","Singapore"
"huaxa125","Japan"
"huaxiadadi5000","China"
"huaxiapeople","East Asia"
"huayaoyu","Germany"
"huayi613268","United States"
"huayu_sakura","Taiwan"
"huazhan67110623","Singapore"
"huba_cn","Japan"
"hubaiwan_fx","Japan"
"hubert69344104","United States"
"hubin923","China"
"hubuhui2025star","Singapore"
"hucfreeaihub","Spain"
"hud7ic57fj04gli","United States"
"hudiegupiao","Japan"
"hudieli1","China"
"huerto82","Japan"
"hugajx","Korea"
"hugeerf","East Asia"
"hugezuzi","Korea"
"huggingface","United States"
"hughaunhts","United States"
"hugii6","Canada"
"hugo88049441","China"
"hugoamarilycxb","Paraguay"
"hugojosiasqutv","France"
"hugolaborati1","Argentina"
"huhaowen520","Taiwan"
"huhgyhs","Hong Kong"
"huhu1611349","Japan"
"huhuhang","East Asia"
"huhuhuhu1978","United States"
"huihhws","United States"
"huihuizn","Hong Kong"
"huijiejie888","Japan"
"huitiemesix","Hong Kong"
"hujay41187","East Asia"
"huldaplieg0z","United States"
"hulu_design","United States"
"hululu88815","East Asia"
"human_number7","Japan"
"human_omiya01","Japan"
"humanacademyit","Japan"
"humankag","Japan"
"humans_of_ev","South Asia"
"humanupgrade_","Taiwan"
"humensgift","Japan"
"humoni_moonix","Taiwan"
"humourgabonais","France"
"hunalson","Singapore"
"hundefuhrer24","United States"
"hundred_league","Japan"
"hungrng96842013","East Asia"
"hungry_twitt","Hong Kong"
"hungxkn579947","Hong Kong"
"hunnolgo","Korea"
"hunter_weiss","United States"
"hunterbiden","North America"
"hunterbrow61237","Germany"
"hunternalyst","Indonesia"
"hunterx2507","Viet Nam"
"hunx5p","Korea"
"huo_zi53196","China"
"huocai777","Hong Kong"
"huochaichuhai","Singapore"
"huoke_judy","United States"
"huokj77","Hong Kong"
"huolijun_2025","United States"
"huomaoaaaaa","China"
"huoshan007","Hong Kong"
"huouo908070","Japan"
"huowangbtc","Hong Kong"
"huping1","United States"
"hurrrtslikehell","Japan"
"huseyinyilikve","United States"
"huseyinyilpqvb","Turkey"
"hussain79801090","Kuwait"
"hutun1314","United States"
"huuhaomobile","Viet Nam"
"huwiderup","Viet Nam"
"huxiu60533","United States"
"huxtableee","United States"
"huyakikiju","North America"
"huynhlaogia","Viet Nam"
"huyushiro14","Korea"
"huzaimbashir","India"
"huzaofeng","United States"
"huzhongli1","Singapore"
"huzhouagi","United States"
"hvacgroypers4","United States"
"hvmsindbqbtz0xe","Korea"
"hw32drx0sxyn8dk","Japan"
"hwangbin","Hong Kong"
"hwangjagi77918","Canada"
"hwangsblog","Brazil"
"hwasan_rang","Korea"
"hwawol_21","Korea"
"hwdmitriy","Taiwan"
"hwdstd","United States"
"hwojabhqx5ttfyt","Japan"
"hwwaanng","Hong Kong"
"hx0000001","Japan"
"hxi33m","West Asia"
"hxiaoming658","Taiwan"
"hxinshng3275181","China"
"hxm594520","Japan"
"hxmxy","Singapore"
"hxnnico","Germany"
"hxqls888","France"
"hxr001","United States"
"hxteng82","Malaysia"
"hxx743207","Japan"
"hy1118s","Taiwan"
"hy9788","Japan"
"hy_plus","Japan"
"hyakkano_anime","Japan"
"hyakki_gameroom","Japan"
"hyax1_","Japan"
"hybeautiful_","Hong Kong"
"hyclove1","United States"
"hydravatar","Hong Kong"
"hydrogenfueture","United States"
"hyerang_dkjh","Korea"
"hyerxyeee1","North America"
"hyh1564069","United States"
"hyhello0801","Pakistan"
"hyimam1","United States"
"hylarucoder","United States"
"hynava_","Brazil"
"hynfvyh3wkhwltk","Taiwan"
"hyo_nn0n","Korea"
"hyogohassin_sun","Japan"
"hyouean","Japan"
"hyourou33","Japan"
"hyp3rbreak","United States"
"hyperagentapp","United States"
"hyperdashkichi","Japan"
"hyperliquid_hub","Southeast Asia"
"hyperx_trade","Southeast Asia"
"hypnochromiaa","Czech Republic"
"hysilenee","Indonesia"
"hysm_czsb","Hong Kong"
"hyty4000","Japan"
"hyun_1616","Korea"
"hyun_o18793","Korea"
"hyunholhol","New Zealand"
"hyunining","Korea"
"hyyu_1","East Asia"
"hyyuan99","Korea"
"hyzatu","Japan"
"hzhongnan1946","China"
"hzw90141984","United States"
"hzwht5wmc8ygpad","East Asia"
"hzxuang","United States"
"hzyumoku62509","Japan"
"i0nbond","Korea"
"i2b2qmlqdf13725","Japan"
"i2srx","Korea"
"i4ygzei2y3wsn9y","Japan"
"i4zopf30kmksr0n","Japan"
"i5m_o","Japan"
"i6ycvjqdm0wc5ej","Japan"
"i77go","Japan"
"i7sion","Japan"
"i8heart","Indonesia"
"i8p3q558ybotcb9","Japan"
"i9tmh0hgx669145","Japan"
"i__am__stupid__","Australia"
"i__m06192","Japan"
"i__qzzz","Japan"
"i_d","United Kingdom"
"i_don97809","United Kingdom"
"i_o126","Japan"
"i_panpi","Japan"
"i_vilaca","Brazil"
"i_zakka","Japan"
"iabhay_pratap","India"
"iae0324","Japan"
"iaejubaa","Brazil"
"iam678","Japan"
"iam__lanza","Caribbean"
"iam_bosunrankin","Nigeria"
"iam_caroln","Africa"
"iam_kante","Kenya"
"iam_kritika_","India"
"iam_mr6","Thailand"
"iam_notenote","Thailand"
"iam_paulas","Nigeria"
"iam_trulyadarsh","India"
"iamarjun99","India"
"iambhymbo","Nigeria"
"iambrejin","Kenya"
"iambriblanco","United States"
"iamcora13","Singapore"
"iamcrispy_wiz","Nigeria"
"iamdanha","Japan"
"iamdjlion","Nigeria"
"iamemily2050","North America"
"iamfinance65","Nigeria"
"iamfrommars5","Southeast Asia"
"iamheitingar","Africa"
"iamhiro32","Japan"
"iamjagatjit45","India"
"iamjerricbis","Africa"
"iamjondaye","United States"
"iamkon_","Japan"
"iamkvng9ite","Nigeria"
"iamleannmuller","Ukraine"
"iamliquidhorn","East Asia"
"iamlux_givemecs","Korea"
"iammou__srkian","India"
"iamnenehargoe","Ghana"
"iamok_89","France"
"iamoreoluwaa","Nigeria"
"iampiyu18","India"
"iamsapex","Uganda"
"iamtonyzhu","United States"
"iamttega","Nigeria"
"iamwafula1","Africa"
"iamyamada89","Japan"
"ianai_lab","Southeast Asia"
"ianli75491149","Canada"
"ianraeliv","Brazil"
"iantingl","Taiwan"
"ianwhitt","United States"
"ianzo0","United States"
"iaomw","Hong Kong"
"iar614","Pakistan"
"ib1gymnast","United States"
"ibadirli21592","Hong Kong"
"ibara_rose_","Japan"
"iboyce33634","United States"
"ibrahim28358192","Nigeria"
"ibrahimada32499","Nigeria"
"ibrakadabra_22","Turkey"
"ibrododo_","Nigeria"
"ibuprofen6778","Japan"
"ibxylp3fky99554","Japan"
"ica_nanamaru","Japan"
"icare2know","Africa"
"icatme","Singapore"
"iccevzy","Thailand"
"icchi_pinkliver","Taiwan"
"icczoefgko","United States"
"ice_snow001","Southeast Asia"
"icecream_555","Japan"
"icecreamnong","Singapore"
"iceface88","Japan"
"icequn0","United Arab Emirates"
"icercream38","Thailand"
"icespheremodel","Japan"
"icewell522","Taiwan"
"ichardrv","United States"
"ichi_ga_ig","Japan"
"ichiba_3","Japan"
"ichibankuji","Japan"
"ichieemy","Nigeria"
"ichigo08m","Japan"
"ichigo_hanezu","Japan"
"ichikita","Japan"
"ichina_news","Canada"
"ichinennet","Japan"
"ichipalloma","Korea"
"ichnolv","Japan"
"iconthagreat","Africa"
"icooperhero","United States"
"icp_chinese","Japan"
"icsyg163","Japan"
"ict8cte5nq9g1vz","Japan"
"ict_smaedala","Nigeria"
"icuxzv","Japan"
"icy11973","Taiwan"
"icytstudio","Taiwan"
"id3945_45","Korea"
"idaho_refuge","Japan"
"idajfaj","Japan"
"idalula13","Netherlands"
"idealistjoee","Nigeria"
"idennyfi","United States"
"idgaofan","United States"
"idioskobutachan","Japan"
"idisk1218","Japan"
"idkyabl3rn","United States"
"idle_marie","Japan"
"idolnasu_nyan","Japan"
"idonkeyliu","Japan"
"idoubaody","Australia"
"idwtisv2hs41854","Singapore"
"idzkx535","United States"
"idzre_13","Japan"
"iearth432","United States"
"iekanikani","Japan"
"ieneko_kabu","Japan"
"ieobserve","Taiwan"
"ieqr_","Mexico"
"ievancai","Hong Kong"
"ifa_wolf","Japan"
"ifazs21iyf3qnhy","Japan"
"ifbappliances","India"
"ifbmedia","Ireland"
"ifccod7391564","United States"
"ifckngmiley","Brazil"
"ifilippov99025","Netherlands"
"ifirstfrost","United States"
"ifpfn4","Japan"
"iga8888","Japan"
"igeekbb","East Asia"
"igg3n8","Japan"
"iggyhacks","United States"
"igluemodels","United States"
"ignaciorakn1","United States"
"ignismor94","Venezuela"
"ignit_bike","Japan"
"ignitelover","Brazil"
"igoodmaoning","United States"
"igorgostev","Palestine"
"igormdrs_r","Brazil"
"igorzij","United Kingdom"
"igreengod","South Asia"
"igu1855","Thailand"
"iguymahomie","Turkey"
"igwebuikereal","Nigeria"
"igwesylves32427","Nigeria"
"ih8mybitch","United States"
"ihai2017","China"
"ihaithamradhi","Bahrain"
"ihateyou_jodi","France"
"iho19646036","Japan"
"ihtt_hn","Honduras"
"iiamjeph","Africa"
"iiamshayshay","United States"
"iidesuyo8964","East Asia"
"iiha118","Japan"
"iii_ii___ii_iii","Korea"
"iiifreespirit","Hong Kong"
"iiiii706ooo_rr","Japan"
"iiiiitsuki111","Taiwan"
"iiiixxxooo","Japan"
"iiil25_1","Japan"
"iiiricaniii","United States"
"iiivan20","East Asia"
"iikemefule","Nigeria"
"iilp_q_x","Japan"
"iiml9_","Algeria"
"iiondo_official","Japan"
"iiotoku","Japan"
"iirthjrxwd4ova0","Japan"
"iitbombay","India"
"iitztimmy_fake","Singapore"
"iiuajnahz","Japan"
"iixkw5kdbx55879","Japan"
"iixmlgjiyuhvww","United States"
"ijebudaddy","Nigeria"
"ijustinshoodie","India"
"ik_00yn18","Korea"
"ikai_freedom","Hong Kong"
"ikao_02","Korea"
"ikarenon_829","Japan"
"ikarider_cos","Japan"
"ikasama717003","Japan"
"ike_index40","Japan"
"ikegpg","Japan"
"ikehberniechez","Hong Kong"
"ikemendesutomo","Japan"
"ikemesobb","Japan"
"ikeoji_moteoji","Japan"
"ikeubtw","Philippines"
"ikka_jp","Japan"
"ikki_genai","Japan"
"ikko8495674","Japan"
"iknwsz","Brazil"
"iko__hanamaru","Japan"
"ikoma_oji","Japan"
"ikooquitto","Brazil"
"ikriptomarket","Turkey"
"ikt4g","Japan"
"iku186","Japan"
"ikukyupapada","Japan"
"ikukyupuchimba","Japan"
"ikunlove666ikun","United States"
"ikunmanpower","Japan"
"ikura09070480","Japan"
"ikura_med","East Asia"
"ikwftbmkomhlkb","United States"
"ikyuji","Japan"
"ikyvue9wwn42221","Japan"
"il0veu________","East Asia"
"ilaevisaac","Israel"
"ilaseiya","Japan"
"ileanaschmbonj","Italy"
"ileenhaushhrah","United States"
"ilife_official","Japan"
"ilil_kuku","Japan"
"ilion547100","East Asia"
"ill_hate_s2","Korea"
"ill_lloy","Japan"
"illegalmoves","Indonesia"
"illgtubeerbaron","United States"
"illuminfti","Finland"
"illusionistruss","United States"
"illust_artjune","Japan"
"ilolling120","Korea"
"iloveivancest","United States"
"ilovek8s","Japan"
"ilovemekitty","Korea"
"ilovenindou","Korea"
"iloveokumino","Japan"
"ilovereze_","Korea"
"iluciddreaming","United States"
"ilusionista_san","Brazil"
"ilyasut","United States"
"im97pizza","Brazil"
"im_2tqx","Japan"
"im_9dong","Korea"
"im_limu","Korea"
"im_melodychann","Japan"
"im_morganwang","Taiwan"
"im_updater","Japan"
"im_yasmin_","Hong Kong"
"imaelite","Korea"
"imagibunny","United States"
"imagicagroup","Japan"
"imaima_61","Japan"
"imakarayataro","Japan"
"imasml_theater","Japan"
"imatrix2026","United States"
"imbaby_mom","Korea"
"imbabyaha","United States"
"imbutcherwillia","Japan"
"imcaimca","Philippines"
"imd8964","East Asia"
"imichaelhub","Japan"
"imjotdwaeda","Korea"
"imjustyanii","United States"
"imkkwoo","Canada"
"immannmy","Nigeria"
"immerse_code","Japan"
"immomonana","China"
"immortalikki","Hong Kong"
"immrk_x","India"
"immy_220","South Asia"
"immyeongwon1004","Korea"
"imnotgod","Singapore"
"imnotlennie","Argentina"
"imoccoo","Japan"
"imocone","United States"
"imozemhepeniel","Africa"
"impactofglobal","Germany"
"impalabbyy","Mexico"
"impassionyouth1","United Kingdom"
"improve_the_qol","Japan"
"imrababy","Africa"
"imraina","Netherlands"
"imrnv","Bahrain"
"imsahil_7","India"
"imsankyu","Hong Kong"
"imsharonw","Japan"
"imsushilkadam","India"
"imthat84499120","United States"
"imtheomega1","Ghana"
"imtweeting4me","Indonesia"
"imurallyson52","United States"
"imwsl90","Japan"
"imxiaohan","United States"
"imxlym","United States"
"imxn37","Japan"
"imyanboss","Japan"
"in927772","Hong Kong"
"in_chongs","Hong Kong"
"in_jelly_","Japan"
"ina_x_x__","Japan"
"inabaokaka","Japan"
"inaction0210","United States"
"inakano_sabu","East Asia"
"inakanohito333","Japan"
"inaldoalexandre","Japan"
"inaridaifuku","Japan"
"inashiki_city","Japan"
"inasonyeondan","Brazil"
"inayet1381171","Canada"
"inch__dusrhd","Korea"
"indevarrette","Southeast Asia"
"index9089","East Asia"
"indiawikifx","India"
"indic_god","India"
"indiedevming","Hong Kong"
"indiewire","United States"
"indigo_skynight","United States"
"indigox","Canada"
"indulge0930","East Asia"
"industrytechno","Japan"
"ine9ko","Korea"
"ineedlovemoremo","Singapore"
"ineedonebil","United States"
"ineffasgirl","United States"
"infantrydort","United States"
"infectqwq","Canada"
"inficheesy","Hong Kong"
"infiniteall_ai","United States"
"infinitefx_11","South Asia"
"infinityecho00","Korea"
"infinityofzero_","Korea"
"infisview","South Asia"
"info21016","Hong Kong"
"info_asty","Japan"
"info_imadoki","Japan"
"info_madfes","Japan"
"infoconnect_mie","Japan"
"infodof","Japan"
"infoekisin","Japan"
"infoshimonoseki","Japan"
"ingchi_","Korea"
"inge_hou","Taiwan"
"ingrambattles","United States"
"ingweilai","France"
"ini_msy0179","Japan"
"ining5555","Japan"
"initiald_pr","Japan"
"iniufill","Indonesia"
"ink_1226","Japan"
"inkfangx","United States"
"inki_to_uturo","Japan"
"inkyaolnoboyaki","Japan"
"inlayso","India"
"inline_int","East Asia"
"inmyeyes0420","Hong Kong"
"inner76602463","United States"
"innohurry_825","United States"
"innomad_io","United States"
"innovations_sun","Hong Kong"
"innovativefesta","Japan"
"inohiro200412","Japan"
"inoriba1","Japan"
"inouebraid","Japan"
"inr__o129","Japan"
"insafian570256","Pakistan"
"insatiatecravin","United States"
"inshort_1","Korea"
"inside_code_00","Japan"
"insideoutinvest","East Asia"
"insight_alchemy","United States"
"insight_sua","Korea"
"insightmanager","United Kingdom"
"insiuuu","Korea"
"insomnialk","Hong Kong"
"institches2003","United States"
"intai1112","Taiwan"
"intcyberdigest","Europe"
"interesting_ail","United Kingdom"
"intern_coinup","Hong Kong"
"internbrah","North America"
"internitiez","Philippines"
"interr_x","Hong Kong"
"inthusea","Australia"
"intjyan","East Asia"
"inugami_vt","Taiwan"
"inugamikorone","East Asia"
"inui2011","Japan"
"inukaimomomi","Japan"
"inunoray_da_1","Japan"
"investmingx","United States"
"investscholar","Hong Kong"
"invincibletoto","Korea"
"invisiblebui","United States"
"inwelove","Korea"
"io_data","Japan"
"ioagck0l84vqyje","Japan"
"ioid000","United States"
"ioio8_8","Korea"
"ioldsg9","Japan"
"ionaschank1hy9","United States"
"ionkanojo","Korea"
"ionming101","Canada"
"iori1027","United States"
"iori_love_miffy","Japan"
"iori_nurse","Japan"
"iori_wh","Taiwan"
"ios09ta","Japan"
"ios_app_startup","Japan"
"iosbtc","East Asia"
"iosdhm148519461","Japan"
"ipakin","United States"
"ipamss","Mexico"
"iparvel56536","South Asia"
"ipatho1","Japan"
"ipaulcanada","Canada"
"ipfs15","Japan"
"ipiipisan","Japan"
"ipollocn","Hong Kong"
"ipomzzz","Brazil"
"ipopen","Hong Kong"
"ipowdotai","Singapore"
"ippuku_en","Japan"
"iprpltksru1qi0b","Japan"
"iq_fumiqn","Japan"
"iqdvov6fl4upi01","Japan"
"iqiuxian3","China"
"iqm7b5nyhcb4ixi","Japan"
"iqquimas","East Asia"
"ir_mero24","Japan"
"irapersa","Southeast Asia"
"irdescent0126","North America"
"ire0flife","Africa"
"iremtanlak","Turkey"
"irene__0313","Korea"
"irfndi","Southeast Asia"
"iriam_nano","Japan"
"irielasilvie","Germany"
"irinamyagkova24","Iraq"
"iris_wuge","Korea"
"irissurrey52462","United States"
"irlhachily","France"
"irm_momo_usagi","Japan"
"irmafodenqv8","Kenya"
"irmknz","Turkey"
"irodori_girl","Japan"
"iroha_trhk1","Japan"
"irohass__","Japan"
"iroiloha","Japan"
"ironabc","Australasia"
"ironamegu","Japan"
"irq_6z","Japan"
"irshadali7639","India"
"irudeus369","Japan"
"iruletrenches","Japan"
"irvanbobb","Indonesia"
"irw_1l","Korea"
"irys_en","East Asia"
"is09shu0112","Japan"
"is_bigbread","Japan"
"isaacmujica685","Panama"
"isabela28235856","Paraguay"
"isabellagjoizo","France"
"isabelletkrause","United States"
"isabermudzz","Colombia"
"isacalexcrf2","Brazil"
"isaiasrojossvx","Brazil"
"isaiaswyer16010","Indonesia"
"isaura46571713","Viet Nam"
"isaval8003","Brazil"
"isg_1884","Japan"
"isha_t_t_","Japan"
"ishaqbaig___","Pakistan"
"ishidattc_cat","Japan"
"ishiikeishi","Japan"
"ishikawadess","Japan"
"ishimoto4","Japan"
"isiahpavlas","Canada"
"isidrapott44654","Germany"
"isikawaimpact","Japan"
"isinomaki39","Japan"
"isituking","United States"
"islamadeya","Hong Kong"
"islandxbvf","United States"
"ismaelr77859620","United States"
"ismanheim","Brazil"
"ismatbloch","South Asia"
"ismee_111","Taiwan"
"ismo_2022","Africa"
"ismyruffo","Brazil"
"isnail","United States"
"isnoto4","Indonesia"
"isnowzerocovid","Australia"
"isokchun","Singapore"
"isolation8964","Taiwan"
"isono_sn85","Japan"
"isophiajoseph","Nigeria"
"isozi_camp","Japan"
"isra122800","India"
"israel_dola","Nigeria"
"israhadi_hasan","Indonesia"
"issiki_kyoto","Japan"
"ist_me_victor","Brazil"
"istar_usea","China"
"isukichikaleta","Southeast Asia"
"isurugiratone","Japan"
"isuzu1790495","Japan"
"iswangchu","United States"
"isx_ul","East Asia"
"isy0uswagger","United States"
"isynkr_67","Viet Nam"
"isyumauri","Japan"
"isyyyx","Brazil"
"iszumeu","Korea"
"it_bro_niiyan","Japan"
"it_kki","Korea"
"ita844085084861","Hong Kong"
"italo_americano","Italy"
"italotuita","Brazil"
"itaru_whale","East Asia"
"itfpzhrb1i","United States"
"ithinkshow","Japan"
"itigopurin_0105","Japan"
"itineny_3_7","Japan"
"itirousyun","Japan"
"itisluv_0820","Japan"
"itismywishh","Korea"
"itkigymsteik","Japan"
"itmusejeon","Brazil"
"ito_abby","Japan"
"itochin_1015","Japan"
"itokodai23051","Japan"
"itolindoo","Brazil"
"itoshun_illust","Japan"
"itozaki_mai","Japan"
"its__muze","Nigeria"
"its_lakshya_ai","India"
"its_oduor","Kenya"
"itsadd4","Malaysia"
"itsallabouttim4","Saudi Arabia"
"itsaxolote","Mexico"
"itsazeena","India"
"itsbangp","Brazil"
"itsclorizz","United States"
"itseljah","Kenya"
"itsheeseungie","Portugal"
"itsjusttu_","Viet Nam"
"itslollyok","United States"
"itsme_yukiii","Philippines"
"itsmeakarih","Brazil"
"itsmehstls","Brazil"
"itsmrself","Nigeria"
"itsnxnajaem","Brazil"
"itsphilip_wgmi","Belgium"
"itsucli_chiba","Japan"
"itsuki_vrchat","Japan"
"itsxjos","Spain"
"itwillbe_sage","Korea"
"itxmaggei","South Asia"
"ity97725607","Japan"
"itz_hardeybolar","Nigeria"
"itzdanie__","India"
"itzmeybee","Brazil"
"iuxwvv","Japan"
"ivaaq238","United States"
"ivan_protreid","United Kingdom"
"ivanalog_com","United States"
"ivanfomo","East Asia"
"ivanhoe01594581","North America"
"ivanightrayx3","Mexico"
"ivanlai24166415","Hong Kong"
"ivanlovening","Hong Kong"
"ivanzhu1476881","Singapore"
"iveeq1840293","Hong Kong"
"iveyzen","Sweden"
"ivinypro","Africa"
"ivory_tomarry","East Asia"
"ivq58","Japan"
"ivsrbo","Brazil"
"ivvyzzicollia","South America"
"ivy43_eve","Viet Nam"
"ivyqyfu","Japan"
"ivyy_hughes","United States"
"iw1shyouw1ll","Korea"
"iw6xek","Japan"
"iwannafindtruth","Japan"
"iwanomi","Japan"
"iwateniikitai","Japan"
"iwcnpb1scr16226","United States"
"iwin_0909","Japan"
"iworosee","Philippines"
"iwueu8eufcpovy2","Japan"
"ix9wq","East Asia"
"ixblprmof1xdkgk","North America"
"iya8uk","Japan"
"iyeona734373","Korea"
"iyeonghwan71927","Korea"
"iyinghuo","Italy"
"iyo08w","Japan"
"iyonada471401","Japan"
"iyuiyun","Japan"
"iyuli131230","Korea"
"iywdjfiff76ixst","Japan"
"izayoi32gtr","Japan"
"izayoimarin","Europe"
"izelonca","Romania"
"izgctstkm","Japan"
"izhengran","China"
"izlmp","Japan"
"izqiah","United States"
"izsokae","Philippines"
"izsw1993","France"
"izu2og","Korea"
"izuizu2023","Japan"
"izukihiromi","Japan"
"izumi69","Japan"
"izumi_kurage_","East Asia"
"izumiizumitsuki","Japan"
"izumo_reika","North America"
"izxdayl7bch3dwr","Japan"
"j0jxo","Japan"
"j0mar4k","United States"
"j1999bd","Japan"
"j2_st6_61115","Japan"
"j31883junior","Congo"
"j4bs0li","Korea"
"j4ck_w4n9","Singapore"
"j4en4n","Korea"
"j5zycxsss00","Japan"
"j81579664","China"
"j9mxlooubw51094","China"
"j_a_buendiapty","Panama"
"j_canel1030","East Asia"
"j_clop22","United States"
"j_dowsing","Japan"
"j_foerst","United Kingdom"
"j_moooop","Japan"
"j_srjsee_qkml","East Asia"
"jaa_yahaan_se_","Pakistan"
"jaaf_official","Japan"
"jaat_176","India"
"jaboukie","United States"
"jabumobi02","Korea"
"jaci_0727_vvv","Taiwan"
"jack24klove","United States"
"jack37769772","Taiwan"
"jack_fluxai","Japan"
"jack_raines","United States"
"jackb_hklab","Japan"
"jackboy88","Indonesia"
"jackchen214","Japan"
"jackee_man","United States"
"jackgui14","Hong Kong"
"jackhuang47","Singapore"
"jacki9327","India"
"jackiecaguimbal","Germany"
"jackiechoo2021","Southeast Asia"
"jackieedo3","Japan"
"jackiehage888","Hong Kong"
"jackiepric78938","Taiwan"
"jackimorocygg","United States"
"jackisharbckd1","Philippines"
"jackleecong","United States"
"jackleevip2017","United States"
"jackli492964862","United States"
"jacklondon778","United States"
"jackmoralecec","China"
"jackmountiesir","United States"
"jackookk","United States"
"jackruox","Japan"
"jacksaisites","Sweden"
"jackslowfucku","Taiwan"
"jackson77li","United States"
"jackson81386914","China"
"jackson_yuuuu_","Japan"
"jacksontome","Brazil"
"jacksuxdix","United States"
"jackwalker466","United States"
"jackwongypeng","Japan"
"jackyetsum","Hong Kong"
"jackyi_ld","Hong Kong"
"jackyvtr","Côte d'Ivoire"
"jackywine","Japan"
"jackywxsz","United States"
"jackyy2ma","United States"
"jackyyu519","United States"
"jackzhang123vip","North America"
"jackzhengcn","North America"
"jackzho7941435","Canada"
"jacob43817149","Canada"
"jacob5henyey","United States"
"jacobsben","United Kingdom"
"jacobxu18","Singapore"
"jacobymealer","United States"
"jacqualinexylg","United States"
"jacqueline1yn2","Kenya"
"jacqulineg60515","Turkey"
"jacurat777","Japan"
"jadaslaysss","United States"
"jade34957228367","Australia"
"jadedev888","Hong Kong"
"jadenameculture","North America"
"jaderimrim","Japan"
"jadtrrguson","Korea"
"jadwigacaringi","France"
"jaededstill","Indonesia"
"jaeemri3","United States"
"jaelemplio","Japan"
"jaeminsmileyy","Indonesia"
"jaerhuam","Korea"
"jafarsathiq","Canada"
"jagbdt2025","United States"
"jagdish_7808","India"
"jags0923","India"
"jagurajagurasu","Japan"
"jahyeon84","Korea"
"jailbird0127","Japan"
"jaime_mame","India"
"jaimep58404","France"
"jaimesolis","United States"
"jainiverth","Colombia"
"jairviana","Brazil"
"jaisinghrahhr8","India"
"jaiswalkeerti","East Asia"
"jajas_bad_logic","Taiwan"
"jajito10","Spain"
"jake222969","Malaysia"
"jakebuuu","Hong Kong"
"jakelyneloiola_","Brazil"
"jaker_q","Hong Kong"
"jakesucky","United States"
"jakevin16","Japan"
"jakevin7","United States"
"jakey17474276","United States"
"jakobgreenfeld","Germany"
"jakubberka123","British Virgin Islands"
"jal4737","Japan"
"jalen20260216","United States"
"jalisaavari","United States"
"jam79922967","North America"
"jam91613","Singapore"
"jamaalsimotfa","France"
"jamallflagunner","Brazil"
"jamalneill09k","United Kingdom"
"jamarwa_","Kenya"
"jamc0tis","Korea"
"jamee_now","United States"
"james6751460462","China"
"james_trftrf","Taiwan"
"jamesaspen777","United States"
"jamesde95700128","Ireland"
"jamesfloveiv","United States"
"jamesleevc","United States"
"jamesmalsawm","South Asia"
"jamesmv49","United States"
"jamessonicemi","East Asia"
"jamestjlee","United States"
"jameswands90221","United States"
"jamie_mabinogi","Japan"
"jamiefox1ubo","Colombia"
"jamoma","Nigeria"
"jamomatech","Nigeria"
"jamshadriaz","Peru"
"jamstarrt","Japan"
"jamu_10_01","Japan"
"jamu_bomber","Japan"
"jan_kumavrc","Japan"
"jan_vitek_dsa","Czech Republic"
"janb1062545","Poland"
"jane14247308","Kenya"
"jane17564283","Hong Kong"
"jane3island","Japan"
"janeedwardklpx","Turkey"
"janefkyalo","Kenya"
"janenbrgbb","Hong Kong"
"janescottaz9i","Turkey"
"janex0609","Singapore"
"jangbb666","China"
"jangdaehun31310","Korea"
"janguerra173368","Nigeria"
"jani_jenus","Viet Nam"
"janice10475","United States"
"janicelunch3kj","United States"
"janieblackx7c","Brazil"
"janiellycunha21","Viet Nam"
"jank0vic","Japan"
"jankeesvw","Netherlands"
"janusfilms","United States"
"jaoiscure","South America"
"japan_club_info","Japan"
"japan_nobunaga","Japan"
"japannext1","Japan"
"japansp2025","Japan"
"japduckhoo","East Asia"
"japhamster","Japan"
"jarcys_dion","Brazil"
"jarrad_sol","Australasia"
"jarrettjac2589","China"
"jarvis11x","North America"
"jasmark","United States"
"jasminanft","Hong Kong"
"jasmine02727806","Turkey"
"jasmine13130749","Southeast Asia"
"jasmine201515","Canada"
"jasmine50012486","Turkey"
"jasmine56420766","China"
"jasmine_snow703","Japan"
"jasmineyu6","Japan"
"jasmynbeknowing","United States"
"jason1314195","Hong Kong"
"jason27873170","United States"
"jason3_qin","United States"
"jason46296294","Canada"
"jason60704294","Japan"
"jason77135561","United Kingdom"
"jason__ui","Nigeria"
"jason_binance","Singapore"
"jason_liu0101","United States"
"jason_u20","Guatemala"
"jason_wealthai","United States"
"jasonanavitarte","United States"
"jasonc_dev","United States"
"jasoncharlie12","United States"
"jasonelsom","United Kingdom"
"jasonholiman1","United States"
"jasonjooooo","Hong Kong"
"jasonlee49415","United States"
"jasonliucrypto","Hong Kong"
"jasonwang1211","Hong Kong"
"jasonwang13322","United States"
"jasonweth","United States"
"jasonwilli9r2e","Turkey"
"jasonzenggo","United States"
"jasonzx","Southeast Asia"
"jasp_d4ark","Brazil"
"jasperd85","United States"
"jaspergrasyz5h","Germany"
"jaspherestoya","Indonesia"
"jastin1270082","Hong Kong"
"jatanacharya","India"
"jato_pr","Japan"
"jattaouil","Netherlands"
"javidmovar47","India"
"javieerrcm","Spain"
"javierfreedo","United States"
"jaxxchen003","North America"
"jay30494","Singapore"
"jay898989646464","East Asia"
"jay_investnotes","United States"
"jayalan1122","United States"
"jaybert888","Japan"
"jayden51888","Singapore"
"jaydenv8v","Australia"
"jayfrazz","United Kingdom"
"jayjayr01","Nigeria"
"jaylenngx","United States"
"jaymefranklin16","United States"
"jaymeng123","Hong Kong"
"jaymes_saunders","United States"
"jayn_yue","Philippines"
"jayprakashind7","India"
"jaystubbolo","France"
"jaytel","United States"
"jaywong1987ok","Hong Kong"
"jayzilon","Nigeria"
"jazminpedefl","Germany"
"jb17jjjj","Hong Kong"
"jb_long","United States"
"jbgx9phonb19410","Japan"
"jbk8ub","Japan"
"jbordges67332","United States"
"jbs_eyebrow","Japan"
"jcast_news","Japan"
"jcastrey76122","United States"
"jccmiyamoto","Japan"
"jchang1993jp","United States"
"jcmongol","United States"
"jcoderh","Southeast Asia"
"jconorgrogan","North America"
"jcozop1226","Japan"
"jcpkinugawa","Japan"
"jcy0407","Hong Kong"
"jda666abc1","Japan"
"jdasad77","France"
"jdcs_2022","Japan"
"jdj5vlzbsb21682","Japan"
"jdjdjj32945","Taiwan"
"jdkj111","Japan"
"jdms4r","Japan"
"jdmwjgg11","Japan"
"jdongseng","Thailand"
"jdpetejr","Brazil"
"jdshenghuo","Australia"
"jdwdj0721","North America"
"jdwu123","Hong Kong"
"je0nkwang","Korea"
"jean71580868975","Japan"
"jeanlinkou50275","United States"
"jeanpaulkouak","Venezuela"
"jeanpoundafe1","Costa Rica"
"jeason_kim","North America"
"jechti307","United States"
"jedeeai","United States"
"jediknights","Japan"
"jeehyunsung","Korea"
"jeffeckersley","United States"
"jefflijun","Canada"
"jeffmaruff89977","Japan"
"jeffnfa","United States"
"jeffrey16360884","United States"
"jeffshaufelber1","Brazil"
"jeffson772010","United Kingdom"
"jeffthomaslive","Thailand"
"jegrfi0sl9tv3xm","Japan"
"jejejiju95575","Southeast Asia"
"jejukkozile","Korea"
"jejumin5","Japan"
"jeliassanchez2","United States"
"jellicomi","United States"
"jelluber","Korea"
"jellycookiecup","Korea"
"jellyfish910511","Taiwan"
"jellytat95","Hong Kong"
"jencarlson1","United States"
"jenffchen","Japan"
"jenfresw","Brazil"
"jenhmint","Korea"
"jenimeow__","Philippines"
"jenn198930","United States"
"jennat919","Korea"
"jennefepark","Brazil"
"jenners515y","Netherlands"
"jennielore93785","United States"
"jenniesats","Malaysia"
"jenniferbai99","Singapore"
"jenniferpe20922","Taiwan"
"jenniferzeng97","United States"
"jennychinglamk","Viet Nam"
"jennyeva1661","United States"
"jennyjennnny78","Ukraine"
"jennylpollard","India"
"jennyyen248","Viet Nam"
"jennyyy_jjj","Viet Nam"
"jensenhuang","United States"
"jensenhuo","North America"
"jenthompso1550","Japan"
"jeny49423547","China"
"jeonghandrafts","Philippines"
"jeonjkreem","Morocco"
"jeonleetogether","Japan"
"jeonpurpurina","Brazil"
"jeonsmrvl","Brazil"
"jeonsolitude","Brazil"
"jeonsttar","Brazil"
"jeonwarz","Brazil"
"jeremybtc","United Arab Emirates"
"jeremydboreing","United States"
"jeremyoharris","United States"
"jeremywadek9","Ecuador"
"jerome_wong99","Korea"
"jeromec50180","United States"
"jerrankingmedi9","Nigeria"
"jerrodpetr94806","Taiwan"
"jerry0708232642","Hong Kong"
"jerry_galaxy","North America"
"jerryl60941347","United States"
"jerrymartituat","Turkey"
"jerrymillekr5t","Turkey"
"jerrywrighg0se","Turkey"
"jes943125191011","France"
"jesikacherrys","Korea"
"jesse56896694","United States"
"jesse_gatelive","Japan"
"jesse_walk43206","Thailand"
"jessen_01","Hong Kong"
"jessgiuliano","Europe"
"jessica43247299","United States"
"jessica66yb7","Bangladesh"
"jessica82017059","Viet Nam"
"jessica_web3_","Japan"
"jessicacc05","Japan"
"jessicadan76981","United States"
"jessicalcmrg","Brazil"
"jessicao316191","United States"
"jessie43638092","United States"
"jessie_tob15958","United States"
"jessiefrangipa1","Taiwan"
"jessieieiecccc","United States"
"jessiesmimikyu","Brazil"
"jessikahenfcm","Germany"
"jessvsmartins","United States"
"jessy_mtn","Japan"
"jessyshen","United States"
"jestcome","United States"
"jesus14god","United States"
"jesus2094253257","United States"
"jesuscardiel_","Spain"
"jesuskillidup4","Canada"
"jetblack6aruzi6","Japan"
"jett_turner06","United States"
"jettatepez73564","United States"
"jetthuu","Singapore"
"jewel__yanagi","Korea"
"jewel_cafe","Japan"
"jewelbee0884","Japan"
"jewelblacksheep","Japan"
"jewellflic3s","United States"
"jeyhiyukk","Philippines"
"jeypp12ds859421","Japan"
"jff_football","United States"
"jfhhhguv","Taiwan"
"jfpuget","France"
"jfunfunfun","United States"
"jfwrk","Hong Kong"
"jfx60zdmaraoxxw","Japan"
"jfzcoe","Japan"
"jgadsen635","Canada"
"jgroup552","China"
"jh0sbk0mclzuarl","Japan"
"jhardy88684","United States"
"jhdxhl","United States"
"jheioff","Japan"
"jhenrgc","South America"
"jhimmibhob","United States"
"jhk1highlight","Japan"
"jhl0vedj","Korea"
"jhlopu","East Asia"
"jhonconst_44","Mexico"
"jhondennisxiud","Singapore"
"jhonny86363909","Brazil"
"jhonny_pv71","Colombia"
"jhonp24","Chile"
"jhopecomics","Brazil"
"jhoseoknows","Brazil"
"jhosetoba","Colombia"
"jhp7942n","Japan"
"jhss1455","Japan"
"jhu_agnes","Brazil"
"jhuger77185","Canada"
"jhxvii","Philippines"
"jhyysnd0","Hong Kong"
"ji8526802628635","United States"
"jia30094zhang","United States"
"jia9791036","Japan"
"jiaao_wu","Canada"
"jiabaowu1898201","Japan"
"jiahaoliu1","United States"
"jiajiachan3","Japan"
"jialin143102","Hong Kong"
"jialu1996","Japan"
"jiamidna","Hong Kong"
"jiamimaodashu","East Asia"
"jiamixianfengwa","Hong Kong"
"jiamixiaomao","East Asia"
"jiamixingtuan","United States"
"jiandan0909","China"
"jiang_kev","United States"
"jiangbiehe555","China"
"jiangchenglin88","United States"
"jiangd0g","Viet Nam"
"jianghelaoyu","United States"
"jiangjiangli01","China"
"jiangme69268455","China"
"jiangnanzong","Hong Kong"
"jiangping1986","United States"
"jiangshuo0703","China"
"jiangx68993","Hong Kong"
"jiangxiaohui577","Japan"
"jiangxiaotao","United States"
"jiangxichilli","China"
"jiangxuwang","China"
"jiangyelab1","Singapore"
"jiangzhuoer2","Hong Kong"
"jianingxiong","United States"
"jianjia97758868","China"
"jiankeb15709","United States"
"jianling_maher","United States"
"jianlvup","East Asia"
"jianlvya","Korea"
"jianmu123","Japan"
"jianquan_z47803","Hong Kong"
"jianrose9","China"
"jianx116307","Japan"
"jianyi99","Hong Kong"
"jianyu_gao","East Asia"
"jiao693_","China"
"jiao_newlife","Japan"
"jiaodieerzai","United States"
"jiaojiaojio","North America"
"jiaotuke","Japan"
"jiaozi1272797","Taiwan"
"jiawenchao688","Hong Kong"
"jiayouya3","Taiwan"
"jiazhebeikuoji","Japan"
"jiazhenjason","United States"
"jibon71557820","Bangladesh"
"jibonweb3","Bangladesh"
"jidianvpn","Hong Kong"
"jiechen966","Japan"
"jieke3338","Southeast Asia"
"jielijian","United States"
"jienafo","United States"
"jienibushi","Korea"
"jieruibtc","Hong Kong"
"jiewangsss","United States"
"jieyi_ai","Hong Kong"
"jiggukye","Brazil"
"jighare","United States"
"jiguangbi","Japan"
"jiguangxin","Hong Kong"
"jihoz_axie","United States"
"jihuang02026178","Cambodia"
"jihuayu123","North America"
"jiji113337","East Asia"
"jijicorner","Europe"
"jikang0901","Korea"
"jil_ma_cpa","Japan"
"jim688726887779","Germany"
"jim_lee012","East Asia"
"jimeng0211","Singapore"
"jimghost391533","Germany"
"jimin1best","Japan"
"jiminezjr05","United States"
"jiminvth","Brazil"
"jiminwood","Argentina"
"jimmietaitcwam","France"
"jimmmuy_tt","Hong Kong"
"jimmy57011358","Hong Kong"
"jimmy_qw","United States"
"jimmy_vibecodes","Hong Kong"
"jimmycarsttle","United States"
"jimmychen1979","United States"
"jimmyfallon","United States"
"jimmyrevived","Hong Kong"
"jimmyrqtn","Japan"
"jimmysea1314520","United States"
"jimmyshequ","Japan"
"jimmytoocean","Korea"
"jimnjue_","Kenya"
"jimohuoshan","Singapore"
"jin_m0220","Korea"
"jin_to__","Japan"
"jinangsanger","South Asia"
"jinanni2024","United States"
"jinbaiyinh29668","East Asia"
"jinchenma_ai","United States"
"jindianziai","Singapore"
"jindn251009","China"
"jinduobao123456","Southeast Asia"
"jing562583","China"
"jing63768","North America"
"jing7141","Hong Kong"
"jing_msx","Singapore"
"jingambr","Japan"
"jingbaow898","Japan"
"jingchengxxyy","Japan"
"jingdwi1","North America"
"jingge132331","Japan"
"jinghuabtc","Japan"
"jingjiebtc","North America"
"jingjing_li","United States"
"jingjinggnlng1","United States"
"jingkongl2","Singapore"
"jingluo77","Taiwan"
"jingluotouji","Hong Kong"
"jingming_landai","United States"
"jingmngyu638785","China"
"jingouafei","Hong Kong"
"jingoujiaofu","Singapore"
"jingouwang888","Japan"
"jingqing_z16832","East Asia"
"jingwangtalk","Japan"
"jingxi66","Japan"
"jingxiangjx06","East Asia"
"jingyi_cro","Japan"
"jingyn3135371","Thailand"
"jingzhe24","United States"
"jinhyeon929","Korea"
"jinjinice","Japan"
"jinjinyaofacai","Japan"
"jinkun_love1204","Japan"
"jinli_lg","Singapore"
"jinlingzi2026","Australia"
"jinlongdiao","Canada"
"jinmu9","Hong Kong"
"jinriqinghe","China"
"jinrui_no_h","Japan"
"jinsang_sonnim","Korea"
"jinsefinance","Austria"
"jinshuai_peng","China"
"jinsoda123","Japan"
"jintonicass","Brazil"
"jinxjiu","Hong Kong"
"jinyouyouhou","China"
"jinzaibp","Japan"
"jinzhangwlax","Hong Kong"
"jiongma1987","China"
"jipsa00","East Asia"
"jiroucaigou","Japan"
"jiruttqk","Guatemala"
"jisouwww","Hong Kong"
"jitome14","Japan"
"jitttt____","Belize"
"jiu_lu90233","China"
"jiubux","Japan"
"jiucaimuge","Thailand"
"jiucaitalk","Hong Kong"
"jiuhuangbuhuang","East Asia"
"jiujiang1103","Korea"
"jiujiu9990","Singapore"
"jiujiujuju_","North America"
"jiushiyio5","United States"
"jiuyou175077","Japan"
"jiwowowa","Korea"
"jixing8888","Japan"
"jixiofng450094","Hong Kong"
"jixiongrou0307","Hong Kong"
"jixzhang","United States"
"jiyngxing15","United States"
"jizhengguang","Malaysia"
"jizsooy","Brazil"
"jizzchair","United States"
"jj_juju924","Japan"
"jjabgusamz","Korea"
"jjaygentleman","Hong Kong"
"jjayojjayo_","Korea"
"jjchizzy","Ireland"
"jjdiazmachuca","Mexico"
"jjj8677","Taiwan"
"jjjhbbcc3","Italy"
"jjjiiiooo221","United States"
"jjk2065075","South Asia"
"jjkislover_","Brazil"
"jjoooongbaaa","Korea"
"jjora____","Korea"
"jjuvffujnjkmml","Hong Kong"
"jk_pyong_love2","Japan"
"jkagstd","South America"
"jkaperol","Brazil"
"jkcareuca","Brazil"
"jkepper4","Hong Kong"
"jkids58","Indonesia"
"jkkk_trader","Hong Kong"
"jksnupy","Brazil"
"jl7w2jkdifbmluw","Korea"
"jlinstudio","Taiwan"
"jlkun8899","Singapore"
"jlucas","United States"
"jlzsraysxz","United States"
"jmadmart","United States"
"jmdanihonkeiei","Japan"
"jmefaces","Brazil"
"jmehta65","India"
"jmelon589","United States"
"jmgojp","Japan"
"jminnp0202","East Asia"
"jmjkkkm","Brazil"
"jmlls888","Hong Kong"
"jmmgyirm","Japan"
"jmndbqd","Japan"
"jmorreart","Caribbean"
"jms6646688","United States"
"jmssocks","United States"
"jmtqjmwtjmwt","Japan"
"jnbyng454710","Hong Kong"
"jnc258","Hong Kong"
"jnccvy","Brazil"
"jnghyunlyrics","Brazil"
"jngnchnfng48268","China"
"jngyn28913959","Hong Kong"
"jnh1342257","Hong Kong"
"jnhn166786","Singapore"
"jnkkbqf718949","Singapore"
"jnkongz","United Kingdom"
"jnuoboy","Hong Kong"
"jnwon04","Japan"
"jo32","Hong Kong"
"jo_danjanaiyo","Japan"
"joan90716","Taiwan"
"joaniebolante","United States"
"joanm12180","United States"
"joannalong98897","United States"
"joansheilla","Africa"
"joaodogoias","Brazil"
"joaomazocante","Brazil"
"joaopallo","Brazil"
"joaopedrodemac5","China"
"joaoqueiroz152","Brazil"
"joat_designer","Nigeria"
"job_hunt_28","Japan"
"jobberryfactory","Japan"
"jobnoll","Korea"
"jobterritorial","Croatia"
"jocelynpet54793","United States"
"jocelyntowweeh","Viet Nam"
"jocelynyrmd","Hong Kong"
"jocxgarden315","Japan"
"jodirennaql","United States"
"jodubois_walnut","East Asia"
"joe_candy","Japan"
"joe_hirose","Japan"
"joe_onething","Europe"
"joeeversonart","United States"
"joeghannam1","United States"
"joejbenton","United States"
"joejohnsondc","United States"
"joejorgina25496","United States"
"joelacrocker","United States"
"joelchristian05","Africa"
"joelchuma3056","Kenya"
"joeleak1","United States"
"joellecantvme","Germany"
"joemangrum","United States"
"joensmoon","Viet Nam"
"joeoltmann","United States"
"joephillipsai","North America"
"joereform","United States"
"joerut","United States"
"joes__crypto","Taiwan"
"joetsu_rapid","East Asia"
"joetsui36","Canada"
"joewaweru_","Kenya"
"joey1821508","Germany"
"joeydeepworld","United States"
"joeyip74","Hong Kong"
"joeyisbest1235","Ireland"
"joeyjia11","Japan"
"joeylu0627","Taiwan"
"joeyvalenzuela","United States"
"joeywang001","Japan"
"joezhuo777","United States"
"jofyxu","North America"
"johanandrespezo","Ecuador"
"johannenis76088","United States"
"joharinconidm","United States"
"john322226","Nigeria"
"john86954287628","Germany"
"john_1024x","Hong Kong"
"john_abdul7725","United States"
"johnagi168","United States"
"johnalex35197","United States"
"johnandbtc","Hong Kong"
"johndutton0412","United States"
"johnennis","United States"
"johneylee3","Germany"
"johnhes89454834","United States"
"johnjnr444","Nigeria"
"johnleo16234011","United States"
"johnliu830925","United States"
"johnlone246312","East Asia"
"johnnybonek9r2","Japan"
"johnnywalker420","Japan"
"johnqiaohua","Korea"
"johnscharts","United States"
"johnsmithuxlj","United States"
"johnsofish62852","United States"
"johnson428","Japan"
"johnsonlay70702","Japan"
"johntapdgg","Indonesia"
"johnternus","United States"
"johntorres8asc","Turkey"
"johny5frank","United States"
"johny_xie","North America"
"joierosenbbzz","Netherlands"
"jojo85871961","Japan"
"jojo_b43","United States"
"jojo_rockman","Hong Kong"
"jojopope2001","Japan"
"jojotarogame","Japan"
"joker65070659","United States"
"joker_hooper","Japan"
"jokerhutao__","Singapore"
"jokiekeonx","Taiwan"
"joko1086","Japan"
"jokoboy138356","Japan"
"jolandaule69753","India"
"jon7678","United States"
"jona9hmh","Southeast Asia"
"jonathan_f32966","United States"
"jonathan_moia","Brazil"
"jonathanchan007","Taiwan"
"jonathanjaqvvv","Turkey"
"jonathanjboyd","United States"
"jonathanryll","United States"
"joneessn","Japan"
"jonpinkus","United States"
"jonsonalma58922","United States"
"jonylin007","United States"
"joo_zani","Brazil"
"jooclubies","Brazil"
"joohooneysz","Brazil"
"joox__music","Hong Kong"
"jordan85840487","United States"
"jordancjjr","United States"
"jordanemmons22","United States"
"jordanjdavis79","Turkey"
"jordanjohnkrls","Turkey"
"jordihays","United States"
"jorge_pote61103","Argentina"
"jorgesanchez855","Argentina"
"jos314159","Japan"
"josamfizzy","Nigeria"
"josbop","United States"
"josechuvem","Bolivia"
"josefinamaowii","Canada"
"josegonzaloque1","Guatemala"
"joseign20963703","Spain"
"joseiseven","Japan"
"josejoh19636658","United States"
"joselynkqsbl","Spain"
"joseph_agy94977","Ghana"
"joseph_vi6","United States"
"josephinewji","Thailand"
"josephinewye","Moldova"
"josephn03526767","Kenya"
"josephrobe95061","United States"
"josephurms4mw","Taiwan"
"josephuscanada","Canada"
"josesolza21347","South America"
"josette82312","United States"
"josewang235338","Spain"
"josh_fx0","Africa"
"joshintas","Japan"
"joshm","United States"
"joshpnamm","United States"
"joshua_junhua","United States"
"joshuaatangge","United States"
"joshuagray0mci","Turkey"
"josiep2022","United States"
"jospecial21","Japan"
"josq3d","United States"
"jostesjon","Portugal"
"josu25892746","Peru"
"josydasilva2","Viet Nam"
"jota125062","Brazil"
"jotuk6771","Switzerland"
"joushouga","Japan"
"jovanjoel7","Uganda"
"jovetutu","Japan"
"jowesdaniel","Colombia"
"jownug3c9odau8t","Japan"
"joxhyoer15","United States"
"joy1dy","Singapore"
"joy_ppp_","Japan"
"joy_rich168","Singapore"
"joybill1194479","Japan"
"joycelilacheng","China"
"joycescott64yo","Turkey"
"joyee666999","Japan"
"joyjuliet_ai","Africa"
"joylindberfvc1","Russian Federation"
"joyliumacro","United States"
"joymagic96","Japan"
"joyrap","Japan"
"joyriderm","South Africa"
"joyvelours","Brazil"
"jozo57766968399","United Arab Emirates"
"jp05231028tk","Japan"
"jp225m","Singapore"
"jp_vocaloid","Japan"
"jp_xxss","Japan"
"jpatzhao","United States"
"jpeg_dilettante","United States"
"jpk8qrnecu8j9im","Japan"
"jpmizuha","Japan"
"jpn_itossan","Japan"
"jpn_tcg_center","Japan"
"jpradach1","Colombia"
"jpx_225","Japan"
"jqiaoqiao2003","Lesotho"
"jqy_sw","Japan"
"jr5_crypto","Germany"
"jr_0x1","United States"
"jranjeahcard","Hong Kong"
"jrburbara","Honduras"
"jrdgs54213336","Japan"
"jrgl1011","Hong Kong"
"jrm58506966","United States"
"jrrwyghpjdql2g0","Japan"
"jrsyum60wz15488","Taiwan"
"jrtj5826","China"
"jruocheng20779","Hong Kong"
"jryt872qe5jhx74","Canada"
"jsb3ex_ryuat","Japan"
"jsbbklm","Japan"
"jses_eng","Japan"
"jsh3pump_","Korea"
"jshuai59687","Japan"
"jsonsp22174","United States"
"jsp26180807","Japan"
"jspujji","United States"
"jstone05110919","Canada"
"jsvix","Brazil"
"jtc_f16","Japan"
"jtcoding","North America"
"jtitor17","United States"
"jtjordan920","United States"
"jtl19971224","East Asia"
"jtown_net","Japan"
"jtsc8412","United States"
"jtwawwgxa0w3tle","Taiwan"
"ju1fy","Japan"
"ju2sky_030","Korea"
"juadi84673761","Indonesia"
"juan0ii4","Japan"
"juan8amen","Mexico"
"juanjia36839","Japan"
"juanjoselucas7","Argentina"
"juanjosorilluch","Spain"
"juanpasilva07","Colombia"
"jubaopeng_jp","United States"
"jucapithan","Brazil"
"jucdjustin","United States"
"juckcility","Southeast Asia"
"judeguox","United States"
"judexchukwu","Africa"
"judgejj7","United States"
"judith689653725","Germany"
"judithjenkjmsr","Turkey"
"judo2322","Korea"
"judo_web3","Yemen"
"judy17777","Malaysia"
"juejinxiaoke","Taiwan"
"juesaiquan","Singapore"
"jueshengshenlan","United States"
"juga_btc","Southeast Asia"
"jugemu_rain","Japan"
"juggernautcoll1","Taiwan"
"jugpromarketer","Japan"
"juicerandjuice","Korea"
"juichiyajapan","Japan"
"juicysamich","United States"
"juju__yu__ul","Japan"
"jujuju_9095","China"
"jujujudy16","Japan"
"jukan05","Korea"
"juleemehel42051","Taiwan"
"julesisbest","East Asia"
"julia_n_castro","Brazil"
"julia_trading","Japan"
"juliaevee","Pakistan"
"julianaqd_","Colombia"
"juliansolo424","Peru"
"julianweisser","United States"
"julieflorembmg","Turkey"
"julien_c","France"
"julietheadamson","Japan"
"julietteghfamp","Germany"
"juliewi35501830","United States"
"julilimbur23607","Canada"
"juliobmelo","Canada"
"julissac9377","Indonesia"
"juliusnkenchor","Africa"
"jumao_3321","Hong Kong"
"jumpapol","Southeast Asia"
"jumperz","Tunisia"
"jun1010jun0202","Japan"
"jun1forreds","Japan"
"jun666xx","Hong Kong"
"jun_rtoa","Japan"
"jun_song","Korea"
"junaduffy","Japan"
"junairez","Japan"
"junajimina","Japan"
"juncai2006","East Asia"
"juncheyue","Japan"
"june_social","Japan"
"juneenft","Indonesia"
"junetsu_i","Japan"
"junexus_indie","Hong Kong"
"jungkookclairo","Brazil"
"jungkookpavao","Brazil"
"jungtae9999","Korea"
"jungwonmydear","East Asia"
"juninhodraws","Brazil"
"junior77rrn","United States"
"juniorb71454743","Brazil"
"juniorbachchan","India"
"juniordf40","Nepal"
"juniordip0","Africa"
"junipersiev","United States"
"junjunnihonshi","Japan"
"junk_0721","Japan"
"junkjion29","Japan"
"junko_crypto","Japan"
"junlin20314","Taiwan"
"junlin42808","Hong Kong"
"junon_seito_24","Japan"
"junonyuki","Japan"
"junqi82640662","United States"
"junscupid","Mexico"
"junseokunn","Japan"
"juntaowang","United States"
"junwang52559710","Hong Kong"
"junwayan1","Indonesia"
"junyi9526","Hong Kong"
"junyingzhang2","North America"
"juqvdoo","Brazil"
"juridicupop","Brazil"
"jurinyanluv_","Japan"
"jurlycat","Southeast Asia"
"jusslaugh1","South Asia"
"just_ticket","Germany"
"just_unique0","Africa"
"just_xeth","Japan"
"justapow","Thailand"
"justcuzmengmeng","Taiwan"
"justdream","United States"
"justforcecilia","Malaysia"
"justin391169161","United States"
"justinbrady","United States"
"justinfucn","Japan"
"justinleei","United States"
"justinopsflow","Europe"
"justinrose99","United Kingdom"
"justinsuntron","Taiwan"
"justitaia","Korea"
"justloveabit","Singapore"
"justmeme_four","Qatar"
"justpat","United States"
"justsoai","Singapore"
"justusagaba4","West Asia"
"justy_ar","Argentina"
"jutjoy_ceo","Japan"
"jutoca_kanna","Japan"
"juutilainan","Japan"
"juuuniy","Korea"
"juvaniacudo","Macao"
"juxiliu789","United States"
"jvbizas8n419540","Japan"
"jvh_g5","Japan"
"jw351416349","United Kingdom"
"jwhitettu","United States"
"jwiesel13","United States"
"jwonifil","Southeast Asia"
"jwsang2","Hong Kong"
"jwskyj919","Japan"
"jwtpjndjptx514","Japan"
"jwxyzang56555","East Asia"
"jx36031991","Singapore"
"jx_pengli","Hong Kong"
"jxdwinter","East Asia"
"jxinaxe","Korea"
"jxing88888","Japan"
"jxjx2081310","Japan"
"jxnlco","United States"
"jy4wtlnpcqpchlf","Japan"
"jyang4682","China"
"jykepljmiknqhr","United States"
"jynne007","East Asia"
"jyosho_taro","Japan"
"jyu_zn","Japan"
"jyueki_p","Japan"
"jyukara168","Japan"
"jyukuseiniku26","Japan"
"jyuniikiru","Japan"
"jywuisverykind","Taiwan"
"jyyyyil","Hong Kong"
"jzh969969","Singapore"
"jzhen72937","North America"
"jzhou6661","Hong Kong"
"jzx0000001","Japan"
"jzy360","Hong Kong"
"jzyt2q6qrg89geb","United States"
"jzzdf5rec6at6bu","Japan"
"k01540617","Japan"
"k0972855387","Taiwan"
"k0_ni_","East Asia"
"k14_loa","Japan"
"k1_tkm","Japan"
"k1bou_soume1619","Japan"
"k1istopher","Hong Kong"
"k1prunning","United States"
"k25_930","Japan"
"k2coinking","Hong Kong"
"k30472246","Japan"
"k32k32k32k32","Hong Kong"
"k362687","Hong Kong"
"k4tsey3","Malaysia"
"k4yexa","Japan"
"k52423180","Japan"
"k691753888","Japan"
"k6jonjrlwhj5tfr","Japan"
"k78o39","Japan"
"k830224","Korea"
"k8_ur1","Japan"
"k9237012468303","Japan"
"k_23sotsu","Japan"
"k_81892","East Asia"
"k__a__0409","Japan"
"k__jubeat","Korea"
"k_ak_ak_akkk","Japan"
"k_coto_r","Japan"
"k_daisuke0115","United States"
"k_grajeda","Mexico"
"k_kk_s_k","Japan"
"k_popyear","Japan"
"k_r_0709","Japan"
"k_s_m_su","Japan"
"k_schlich","United Kingdom"
"k_shu1206","Japan"
"k_skchan1202","Japan"
"k_tatuya_o","Japan"
"k_tax_i_06","Japan"
"k_teamdot","Japan"
"k_thankyou82","Japan"
"ka190512","Japan"
"ka594594","France"
"ka621__grouses","Japan"
"ka6yaku","Japan"
"ka926493","Japan"
"ka__2434","Japan"
"ka_mo_ri_da_26","Japan"
"ka_s2o0","Japan"
"ka_za_ki","Japan"
"kaandemirynyf","Turkey"
"kaandogancdkr","Turkey"
"kaatan222","Japan"
"kaaz0121","Japan"
"kabaisa_jr","Germany"
"kabetes11","Africa"
"kabiscoiteira","Brazil"
"kabita_216","Japan"
"kabu_100million","Japan"
"kabu_ken65","Japan"
"kabuchin_buppan","Japan"
"kabuild2025","Japan"
"kabujazz251","Japan"
"kabukichi_fire","Japan"
"kabunushi_rider","Japan"
"kabupants","Japan"
"kabuprincess1","Japan"
"kabuqin31225264","Hong Kong"
"kaburakko_saku","Japan"
"kabutocrock","Japan"
"kabutozei","Japan"
"kachiko39444035","Japan"
"kaciepiotr83680","India"
"kaciesusanef","United States"
"kacoms_official","Japan"
"kaduto4","Japan"
"kaeruoomura","Japan"
"kaetyanya","Japan"
"kaeyadaisuki","Korea"
"kaga_needs_buff","Malaysia"
"kagagaga_ga","Japan"
"kagaku_o","Japan"
"kagami_hikaru_","Japan"
"kagayaki358","Japan"
"kage_yun611","Japan"
"kageromonkey","Japan"
"kago2026","Japan"
"kagurano_atorie","Japan"
"kaguya167sd","Japan"
"kah_thing","East Asia"
"kahlil_xx","Nigeria"
"kai1_eth","Hong Kong"
"kai325ovo","Malaysia"
"kai365800","Hong Kong"
"kai866","Japan"
"kai_manifold","United States"
"kai_nimo02","Southeast Asia"
"kaibabr","Brazil"
"kaiche_official","Japan"
"kaidoushun_wife","Korea"
"kaif9998","India"
"kaigaidenkiclub","Japan"
"kaigaitoushibiz","Europe"
"kaihsiang_chang","Taiwan"
"kaihuo89463","China"
"kaiiii_trhkiii","Japan"
"kaiju_no_1123","Korea"
"kaikuas","United States"
"kain_obk","Japan"
"kairii0928","East Asia"
"kairy___0","Korea"
"kaitai_ishii","Japan"
"kaitlynben9a","Germany"
"kaitofuuma","Ireland"
"kaiware_magic","Japan"
"kaiyuanliu04","United States"
"kaiyuto115115","Japan"
"kaizuu__u","Southeast Asia"
"kaka","Brazil"
"kaka33027","Australia"
"kaka_memeup","Hong Kong"
"kakaholahola","Hong Kong"
"kakaluotew45042","Hong Kong"
"kakaokakokoa","Japan"
"kakapvysi5","Japan"
"kakaricho_eigyo","Japan"
"kakeri_rkrn","Japan"
"kakikumamimu","Japan"
"kakitama_monst","Japan"
"kakkowaraitoys","Japan"
"kakubijolab","Japan"
"kakuya_manga","Japan"
"kal2iscgu160669","Japan"
"kal_mrt","United States"
"kalajeancljeh","United States"
"kalatve1x","Nigeria"
"kale243222","Hong Kong"
"kaleidorider_en","East Asia"
"kalijahsmith1","Hong Kong"
"kalilkalilkai","Taiwan"
"kalla9999","India"
"kalonpixel","Singapore"
"kalshi","North America"
"kalyeojun_","Japan"
"kamalaharris","United States"
"kamalinderj","United States"
"kamallochanm","India"
"kame_gold","Japan"
"kamecih","Japan"
"kamekurahobara","Japan"
"kamennokishi_1","Japan"
"kameso_21","Korea"
"kameyamakizai","Japan"
"kami0000inori","Japan"
"kamifuku51092","Japan"
"kaminaga_hisui","Japan"
"kamino_son","Japan"
"kamishirotooto","Japan"
"kamityan_0903","Japan"
"kamiumach","Japan"
"kamoa_capital","Australia"
"kamomirudesu","Japan"
"kamononegizou","Japan"
"kamotorasan","Japan"
"kamrul_hos883","Korea"
"kamsanuey36","Thailand"
"kamuikamui2013","Japan"
"kamuiworksjp","Japan"
"kan02933606","Hong Kong"
"kana36151","Japan"
"kana76125","Japan"
"kana_819jujutsu","Japan"
"kana_buppan","Japan"
"kana_pute1107","Japan"
"kanade24318162","United States"
"kanae_fk8pr2","Japan"
"kanagawa_tmr","Japan"
"kanakonoka11211","Japan"
"kanam202304","Japan"
"kanam202305","Japan"
"kanamalkxly","Japan"
"kanamreborn","Japan"
"kanaria_jint08","Japan"
"kanata4869","Japan"
"kanata_zatta_","Japan"
"kanawalkie","Japan"
"kandasan_gt","Japan"
"kandatahiro0929","Japan"
"kandicehawmb","New Zealand"
"kandisrueh53324","Thailand"
"kane_kuragami","Japan"
"kaneko_anti1","Korea"
"kang53440576","Malaysia"
"kang_kangjun","Hong Kong"
"kangyu8964","United States"
"kangzi_vc","Japan"
"kanhaigg","Japan"
"kankanwpc","Japan"
"kanmimitsu","Japan"
"kannachizome","Japan"
"kannupradhan5","United Kingdom"
"kano__321","Japan"
"kanon_121","Japan"
"kantanmap","Japan"
"kantele_hodo","Japan"
"kantele_news","Japan"
"kantengyunyuu2","Japan"
"kantum_yokohama","Japan"
"kantyievv","North America"
"kanura3939","Japan"
"kanvis_chen","United States"
"kanzakireina_","Japan"
"kanzhongguo","Viet Nam"
"kaonosuke48","Japan"
"kapistaken","Kenya"
"kapiyamakapiko","Japan"
"kara30yj3","Bangladesh"
"karagianne60820","Germany"
"karamelo_87","Dominican Republic"
"karanchudasama_","India"
"karasantaw","United States"
"karatdao","United States"
"karbshev","United States"
"karen3103734357","Hong Kong"
"karenbassla","United States"
"karencivil","United States"
"karenntyapi","Japan"
"karenzh30739159","United States"
"karenzsitha420","Viet Nam"
"kareylevehcb","Indonesia"
"karianevries","Canada"
"karina_myvenus","United States"
"kariya_satoru","Japan"
"karldeninnw22n","United States"
"karllee830","East Asia"
"karlslog","Japan"
"karlvounash0t","United States"
"karlwuckert","United States"
"karlywinthjdz","United States"
"karnina","Indonesia"
"karollcosmo","Brazil"
"karonduvabzs","Viet Nam"
"karoren96","United Kingdom"
"karou2rikon","Japan"
"karozeng_","East Asia"
"karpathy","United States"
"karrienandez","United States"
"karriwang888","Hong Kong"
"karrythele7565","Viet Nam"
"karsonclemonss","United States"
"karubonwaito","Japan"
"karufe_trade","Japan"
"karukukrkrpa","Japan"
"karux_official","Japan"
"kasaikokyuki","Japan"
"kasanelab","Japan"
"kase_sublease","Japan"
"kase_trhk","Japan"
"kasenwhitlww","United States"
"kashabaisilver","Malaysia"
"kashidotcrogame","United States"
"kashima461","Japan"
"kashimoichi","Japan"
"kashinath4786","India"
"kashinoki1122","Japan"
"kashxtkps","Netherlands"
"kasimuabuu98","France"
"kasserrr9527","United States"
"kasumi_koi_2","Japan"
"kasumi_luxuria","Japan"
"kasumiixs","Macao"
"katagiriue","Japan"
"katarina_411xx","United States"
"katd357g4","South Africa"
"katebarnes28","Hong Kong"
"kateberlant","United States"
"katediary1","Japan"
"kategoestech","United Kingdom"
"katerineta30649","Taiwan"
"katherine1198","Hong Kong"
"kathlineo82256","Turkey"
"kathy100971","United States"
"katiecampbell26","Albania"
"katiecanaday20","United States"
"katilamarriete","North America"
"katsurin_1014","Japan"
"katsurolle","Philippines"
"katsusaito7","Japan"
"katte_asamushi","Japan"
"kattenisurebaii","Japan"
"katthanson","United Kingdom"
"kausar81901420","Bangladesh"
"kauzojp2","Japan"
"kavin_meng","East Asia"
"kaw1640","Japan"
"kawa090109","Japan"
"kawa_taku623","Japan"
"kawaguchi_natsu","Japan"
"kawaii_happyred","Japan"
"kawaii_nigh2dkm","United States"
"kawaiiqueens2","Brazil"
"kawaiis2yukikun","Japan"
"kawamoto_unsou","Japan"
"kawasaki1145","Hong Kong"
"kawauso_0226","Japan"
"kawawadiana8964","United States"
"kawazuya_desu","Japan"
"kawdlw","Brazil"
"kawhqa8","Japan"
"kaworo13","Japan"
"kay2289123","United States"
"kaya_trhk","Japan"
"kaylaredin2c9","United Arab Emirates"
"kayrebeccablgq","United States"
"kayu1803","Japan"
"kazaaa04","Japan"
"kazaguruma1989","Japan"
"kazamairohach","Japan"
"kazamarandoselu","Japan"
"kazamidori_pk","Japan"
"kaze_hiro","Japan"
"kazecreations","Malaysia"
"kazeemolaw5802","Nigeria"
"kazemediaa","Philippines"
"kazemidorin","Japan"
"kazemotsu0616","Taiwan"
"kazewata","Japan"
"kazki0412","Japan"
"kazoku_bekkan","Japan"
"kazpen666","Japan"
"kazu_ngk","Japan"
"kazuakixx08","Japan"
"kazuha1251","Japan"
"kazuhiroday999","Japan"
"kazuki7344","Japan"
"kazuki_honya","Japan"
"kazukiti020322","Japan"
"kazuma_thinking","Japan"
"kazumagu1126","Japan"
"kazumi_man10","Japan"
"kazuminami_02","Japan"
"kazusan_1g","Japan"
"kazuyanoco","Japan"
"kazwestpc5","Japan"
"kazzyuzanft","Malaysia"
"kazzzz520","East Asia"
"kb5706","Singapore"
"kbfimujexg5nwy","United States"
"kbubi2","Japan"
"kbuc_cc","Japan"
"kcalb1999","Singapore"
"kcanary777","Japan"
"kcbjccf4fbxbfzv","Hong Kong"
"kckhaili","Viet Nam"
"kcr5mm4jwn","Malaysia"
"kd_emc","Japan"
"kderosie12105","Thailand"
"kdhanko","Poland"
"kdnbmb","Israel"
"kdsfgfyag","Japan"
"ke_ba57088","Singapore"
"ke_be30517","Japan"
"ke_bnr34","Japan"
"kecaid","Japan"
"kedashu","United States"
"keeshakleir8d8","United States"
"keesymictana","Africa"
"kef7hjc","Japan"
"kefan0x","Singapore"
"kefuxiaohe","Hong Kong"
"kegare__akarin","Japan"
"kegoio","United States"
"kehan5858","Hong Kong"
"kehenrya8","Singapore"
"kehkqfn0yer2ugf","Japan"
"kei1098048","Japan"
"kei16infj","Japan"
"kei20151996","Japan"
"kei_57561398908","Japan"
"kei_din","Iraq"
"keiba_ai_hime","Japan"
"keiba_sakidasi","Japan"
"keibalovejp5896","Japan"
"keibasniper69","Japan"
"keihinpark","Japan"
"keiko01278874","Japan"
"keiluvo622","Japan"
"keimahiru","Japan"
"keiopensdoors","United States"
"keiosfc","Japan"
"keiotsusin_71_s","Japan"
"keiotushinyo","Japan"
"keirintomo","Japan"
"keirokamioka","Japan"
"keisha_0305","United States"
"keisleeping","Japan"
"keisuketin83","Japan"
"keithrphmd","United States"
"keithst01409436","United States"
"keity_enewiy","Japan"
"keji715","United States"
"keke0810_","Taiwan"
"keke202106","Taiwan"
"keke45755352","China"
"keke_v3","Korea"
"kekexiao9","Taiwan"
"kekeya88","Hong Kong"
"kela9000","Cambodia"
"keladeevibez","Nigeria"
"kelaiende","Southeast Asia"
"kelala_r","United States"
"kelechiweb","Nigeria"
"kelefiefuck","United States"
"keleniubi91","Hong Kong"
"kelh8elonmusk","Canada"
"kelin_hunt","Singapore"
"kelliwaldronnn","United States"
"kelly88eth","Japan"
"kellylam175","Hong Kong"
"kellynguyen2608","Viet Nam"
"kellyofweb3_","Africa"
"kellytong26","Singapore"
"kelmand1","Southeast Asia"
"kelproll1","Japan"
"kelseydingmd","United States"
"kelulungongzuo","Hong Kong"
"kelvind1712","Malaysia"
"kemarionhender2","United States"
"kemomimito","Japan"
"ken33809","Taiwan"
"ken92789626","Japan"
"ken_kmak8542","United States"
"ken_maru51021","Japan"
"ken_mind_log","Japan"
"ken_ryuzaki0606","Japan"
"ken_shafa","Hong Kong"
"ken_w3b3","Southeast Asia"
"kenacrosstril","Brazil"
"kencyan_777","Japan"
"kendallozkiu9","United States"
"kendaryll","Singapore"
"kender4020","Malaysia"
"kendomon131603","Korea"
"kenechukwugreg","Nigeria"
"kengbuj81302z","United States"
"kengguanglong","Japan"
"kengordon","United States"
"kenichi_mase","Japan"
"kenken77600759","Japan"
"kenkenhokahoka","Japan"
"kenkochan05","Japan"
"kenkyukenkyu2","Japan"
"kenmaln_aka","Japan"
"kenmei_hagiwara","Japan"
"kenminchannel","Japan"
"kenneth_binda","Canada"
"kennetharreche","United States"
"kennethmejiala","United States"
"kennykeem","Kenya"
"kennylew28","United States"
"kennysu9598","Canada"
"kenp_sts","Japan"
"kenshou_yomogi","Japan"
"kenshun46","Japan"
"kenso131","Japan"
"kensukeyama0301","Japan"
"kentafoley","Italy"
"kentychans","Japan"
"kenw_2","Europe"
"kenway_wang","Canada"
"kenwotadesu","Japan"
"kenyattalee5l5","Canada"
"kenyslien","United States"
"kenz_1604","Southeast Asia"
"kepler22bian","Hong Kong"
"keqiyao66","United States"
"keralaparadize","India"
"kerberosron2","Japan"
"kermielove","United States"
"kerokeroke2021","Japan"
"keroro_abyss","Japan"
"kerrimusia63747","Italy"
"kerrydurso","United States"
"kerrylegit","Africa"
"kersey_kajikaji","Japan"
"kersstresa54686","Italy"
"kerstin_w_","United States"
"kerstinpur1b8u","France"
"keshi_0120","Japan"
"keshikiayame","Southeast Asia"
"keslaoto","Japan"
"kesogame","Japan"
"ketchup_kawai_j","Japan"
"ketchupppjt","Hong Kong"
"ketki_05","India"
"kettle_22","Japan"
"kevihaiceth","West Asia"
"kevin03214025","Taiwan"
"kevin20303030","Singapore"
"kevin51293903","China"
"kevin56651830","United States"
"kevin761015","Taiwan"
"kevin78101409","United States"
"kevinbrown2288","Hong Kong"
"kevindixon60032","United States"
"kevinflyj3745","United States"
"kevinhart4real","United States"
"kevinhumaxhu","United States"
"kevinkansas1","Indonesia"
"kevinllllllllll","Canada"
"kevinnbass","United States"
"kevinofglory","Hong Kong"
"kevinprbur","Germany"
"kevinqin_eth","United Kingdom"
"kevinsora6","Hong Kong"
"kevinthorcn","China"
"kevinweeks12","Hong Kong"
"kevinyang0803","Hong Kong"
"kevinyangkuan","Canada"
"kevinzh80620189","North America"
"kevinzhow","Japan"
"key54344973","Japan"
"keyahayek","Japan"
"keyan898786","United States"
"keyisasyaa","Indonesia"
"keykeykey0909","Japan"
"keyki_izumo0426","Japan"
"keyshotvv","China"
"keysss0_0","Philippines"
"kezzzzzzz1","Japan"
"kf610306","Japan"
"kf812777","Japan"
"kfe3pjddhl4552","Japan"
"kfjkfhaj","Japan"
"kflfkggk3539","Hong Kong"
"kg1735","United States"
"kge888","Japan"
"kgkg1019","Singapore"
"kgy_hn","East Asia"
"kh59118","Japan"
"khaeruljamal","Germany"
"khahan_vn","Viet Nam"
"khairulweb3","Bangladesh"
"khaled51758628","United States"
"khaleddrareni","Algeria"
"khaliffasucesso","Brazil"
"khalifkairo","Kenya"
"khamusham","Germany"
"khantwastaken","United States"
"khaymaker05","Italy"
"khazix0918","East Asia"
"khhls6e8fcn9hwa","East Asia"
"khinerman2540","United Kingdom"
"khnhlinh2k4","Viet Nam"
"khoi366336","Viet Nam"
"khomotsox","South Africa"
"khr_190","South Asia"
"khronos_artt","Spain"
"khwescott","United States"
"khyssabc","Japan"
"ki_bo_radio","Japan"
"kia_pyoon","East Asia"
"kia_victory_v13","Korea"
"kiamazon7","Bangladesh"
"kiann_1219","East Asia"
"kiatigers","Korea"
"kichidenseiken","Japan"
"kid_1111_momo","Japan"
"kidfury","United States"
"kidnamedjerry","Africa"
"kidtunng","Southeast Asia"
"kieraghiri9fh","United States"
"kieranji404","Singapore"
"kiger_yuqing","East Asia"
"kigunasuhyouga2","Japan"
"kiillxbox","Japan"
"kijirawassyoipf","Japan"
"kiken_bokumetsu","Japan"
"kiki7shuu","Japan"
"kiki_ten10","Japan"
"kikikaihi_","Japan"
"kikirarara2525","Japan"
"kikisan_bot","Japan"
"kikiswiftie_","Croatia"
"kikixxx514280","Japan"
"kiko020","United States"
"kiko24679","Japan"
"kikoe_sos","Japan"
"kikokikonai","Japan"
"kikurin_kanofan","Japan"
"kikuzu_jhsk","United States"
"kiliczsh","West Asia"
"kiligulyanov","Germany"
"killau9944","Singapore"
"killiryn","Japan"
"kilroyjcnj","United States"
"kim_7_buddies","Japan"
"kima54541123187","Japan"
"kimagureakuma","Japan"
"kimagureidesu","Japan"
"kimaira____0717","Japan"
"kimbell591898","United Kingdom"
"kimberleeoqaz","United States"
"kimberleyptqmz","Malaysia"
"kimchisabalmyun","Korea"
"kimchoibae","Korea"
"kimdotcom","New Zealand"
"kimeniahux","Philippines"
"kimggmang","Korea"
"kimi19981003","Canada"
"kimi71172580","China"
"kimidyor","Georgia"
"kimiku07","South Asia"
"kimiliu9","Hong Kong"
"kimimokaerunano","Japan"
"kimingo__","Japan"
"kimka778","Viet Nam"
"kimlainguyen8","Viet Nam"
"kimmonismus","Germany"
"kimmykimol","East Asia"
"kimonodemagic","Japan"
"kimonofujichiyo","Japan"
"kimori_wotagei","Japan"
"kimpaim","Australia"
"kimpfff","United States"
"kims2ulgi","Korea"
"kimseryuk","Korea"
"kimura_hamono","Japan"
"kimwang416408","United States"
"kimyujinsk","East Asia"
"kinako_s_mfmf","Japan"
"kinara_69","Kenya"
"kinegrantai","Japan"
"king19820724","Taiwan"
"king51117902","Japan"
"king_sleep030","Japan"
"kingao476942","United States"
"kingbacktim999","Japan"
"kingcyk","United States"
"kingghxst","United States"
"kingjames","United States"
"kingjaylen_11","United States"
"kingjefn","Japan"
"kingjinjing","East Asia"
"kingkksol","United Kingdom"
"kingluffywang","United States"
"kingmajesty111","United States"
"kingmakigai","Japan"
"kingno3z","Hong Kong"
"kingoe19071508","Japan"
"kingskayl","Indonesia"
"kingsolofx","Nigeria"
"kingsprotocol","United States"
"kingstonckcpw","United States"
"kingstonxzcgwt","United States"
"kingt1735547","Hong Kong"
"kingyojigoku","Japan"
"kingzw888","East Asia"
"kinjonokamisama","Japan"
"kinkeyboysex","Japan"
"kinnemanl27821","Japan"
"kino_102","Japan"
"kino_edu","Japan"
"kino_ko_uri","Japan"
"kinoco_lee","Hong Kong"
"kinoko__hinako","Japan"
"kinoshitan15345","Japan"
"kinpome_com","Japan"
"kins_aiaiba","Japan"
"kinshirou_fd","Japan"
"kinu_happyswing","Japan"
"kinununonu","Japan"
"kinyakohira","Japan"
"kiotoshizaka","Japan"
"kir4uh","Germany"
"kira_10rno","Japan"
"kira_jin0051","Japan"
"kira_kirauq","Japan"
"kirafeng16","Canada"
"kirahoshi_ai","East Asia"
"kirakira1604","Japan"
"kirakirabaru62","Korea"
"kirakuni7","Japan"
"kiran_saran77","India"
"kirari_create","Japan"
"kirei_twi","Japan"
"kireidayo_111","Japan"
"kiria_tmt","Japan"
"kirin_penyo_23","Japan"
"kirinohouse","United States"
"kirinomr82","Japan"
"kirisakiaria","United States"
"kirito3943","Japan"
"kiriyado_sakura","Japan"
"kiriyeeah","Japan"
"kirkbehnke2y","North America"
"kirkpaper","East Asia"
"kirksroni","East Asia"
"kirkwrites79","United States"
"kiro5u1","Japan"
"kiryuu_kei","Japan"
"kisa_82hsj","Japan"
"kisaragi_aria0","Japan"
"kiseyohyouga","Japan"
"kishisuzu_213","Japan"
"kiss6780","Singapore"
"kiss_light233","Japan"
"kisscoco","Brazil"
"kissesmmarie","South America"
"kisslovevip","Japan"
"kissxxx422","Japan"
"kitachancamp","Japan"
"kitamuraharuo","Japan"
"kitasan_dia","Japan"
"kitasantelo","Japan"
"kitashi_qwq","Singapore"
"kitasyuji","Japan"
"kitchenc_uber","Japan"
"kitihj","Korea"
"kitket_blond","Brazil"
"kito19951995","United States"
"kittanpo","Japan"
"kittendong","United States"
"kittennn0423","Indonesia"
"kittong13","United States"
"kittorsy41334","United States"
"kittycat8809","United States"
"kiullah020","United Kingdom"
"kiwi199888","United States"
"kiwi_sykwalker","United States"
"kiwiflysky","Hong Kong"
"kiyo746","Japan"
"kiyohara0429","Japan"
"kiyokomarkfw9y","Germany"
"kiyorakujou1","Japan"
"kizzif2943","Japan"
"kj00315422","Korea"
"kj___143","Japan"
"kjhsrgkuwr","East Asia"
"kjouzunahi14157","Japan"
"kjwfeel","Korea"
"kk1998ss309","Southeast Asia"
"kk36162655","Hong Kong"
"kk6615654464027","Viet Nam"
"kk7116462935417","Hong Kong"
"kk_chan0009","Japan"
"kkakarotto94667","Japan"
"kkarinto10","Japan"
"kkb618027745749","North America"
"kke_oliver","Denmark"
"kkgu3540","Korea"
"kkids_foundatn","Uganda"
"kkindream1827","Singapore"
"kkissigner","Taiwan"
"kkitoyong19","Korea"
"kkkarben","Taiwan"
"kkkkkhhhhh46","Japan"
"kkkloop111","East Asia"
"kkkonfh","United Kingdom"
"kklmt123456","Singapore"
"kkmia8866","Japan"
"kkmjih","Korea"
"kknria","Japan"
"kkokkobop_","Korea"
"kkplayit","Hong Kong"
"kkpp__12345","Korea"
"kksankyoshoji","Japan"
"kksumire133","Japan"
"kktalkk","East Asia"
"kkukku_s2s2","Korea"
"kkun__1021","Japan"
"kkvpn2024","United States"
"kkyahu","Japan"
"kkym_miki","Taiwan"
"kl50081180","China"
"klangyuria","Philippines"
"klarkxy01","Singapore"
"klaus22466","Singapore"
"kld888888","Japan"
"klea79107265","Colombia"
"klee9527","United States"
"kleysxvns","Brazil"
"klicklchn","Hong Kong"
"klnky212","United States"
"kloebp","Brazil"
"klukva_games","Finland"
"klvi1whjrkgy0ow","Japan"
"klys7788","Hong Kong"
"km521666","Hong Kong"
"km_201124","Southeast Asia"
"kmca_official","Japan"
"kmcvrsbdctgebj3","Korea"
"kmh2884","Korea"
"kmikagami","Japan"
"kmnk_ma","Japan"
"kmntya","Japan"
"kmr_chika","Japan"
"kms_ist","Japan"
"kmt_818_","Japan"
"kmym71___","Japan"
"kn_mikam07","Japan"
"kn_shmt11","Japan"
"knak75","Japan"
"knation61979","Europe"
"knchi25","Japan"
"knd_knt_831","East Asia"
"knights_leolzu","Korea"
"knkgluwfnt4p7c","United States"
"knkitty232","Japan"
"knkl_","Japan"
"knknzi0001","Hong Kong"
"knm__trhk","Japan"
"knn__104","Japan"
"know_hands22172","Hong Kong"
"knowhe174163","Hong Kong"
"knowhunters","United States"
"knowledge_share","Hong Kong"
"knowledgefxg","United States"
"knowrowan","South Asia"
"knowyourself518","Hong Kong"
"knrluv2","Japan"
"kns_tu","Japan"
"knsgm_","Japan"
"ko_fk7","Japan"
"ko_na_go","Japan"
"koakkuma_jpn","Japan"
"koaku1119","Japan"
"koazakaname","Japan"
"kobamatchi","Japan"
"kobarisu22","Japan"
"kobat_02","Japan"
"kobe0824czd","China"
"kobe_kaisho","Japan"
"kobe_t_design","Japan"
"kobethag","United States"
"kobil73","Singapore"
"kobito355","Japan"
"kobo_shirube","Japan"
"kobutawhz9","Japan"
"kocer_eth","Germany"
"kochasuke213","Japan"
"kocpc","Taiwan"
"kod1960","Hong Kong"
"kodaktvindia","India"
"kodomo_smile","Japan"
"koeco2018","Japan"
"koei_official","Japan"
"koennishimdut","Turkey"
"koeyutaka","Japan"
"kogi_inu","Japan"
"kogomenako","Japan"
"koh_chiba26","Japan"
"koha3___oo","Japan"
"koha__hk","Japan"
"kohagi_2","Japan"
"kohaitosidefire","Japan"
"kohaken_dsl","Japan"
"kohaku0609s","Japan"
"kohei_ume0223","Japan"
"koheigamedev","Japan"
"kohtown111","Japan"
"koi_nido","Japan"
"koicoffeemew","Japan"
"kojicbty","Japan"
"kojikoji030508","Japan"
"kojikojikojikey","Japan"
"kojiro_jm","Singapore"
"kokapage","United Arab Emirates"
"koki120616_g","Hong Kong"
"kokokino_0900","Japan"
"kokoko9201025","Japan"
"kokokobune","Japan"
"kokoro_886","United States"
"kokoro_fukufuku","Japan"
"kokoro_grow","Japan"
"kokotorihiki25","Japan"
"kokozst4rved","Australia"
"kokpinm","Thailand"
"kokutyouhakurin","Japan"
"kolccc_","Hong Kong"
"koloske_03","Japan"
"koltovestes","Cambodia"
"kom_kitmos","Japan"
"koma252539","Japan"
"koma52307174","Japan"
"koma_on_sea","East Asia"
"koma_tsukicat","Japan"
"komainu_25","Japan"
"komajiro0101","Japan"
"komakidog","Japan"
"komakomatiti","Japan"
"komarihonami","Japan"
"komatsumillie","United States"
"komawarit801333","Japan"
"komezuu_furappe","East Asia"
"komikuto2026","Japan"
"komingchen","Taiwan"
"kominyang","Korea"
"komiti_ayaya","Japan"
"komugi5177","Japan"
"komugidayo","Japan"
"komuroasted","Thailand"
"kon0maru2","Japan"
"kon18a","Japan"
"konachi_0822","Japan"
"konakonalo","Hong Kong"
"konami573ch","Japan"
"konari_01","Japan"
"kondakova_2","Venezuela"
"koneko_ne000","Korea"
"kong1760","Japan"
"kong900606","Japan"
"kong_eey","Korea"
"kongkongda5588","United States"
"kongkongda5882","United States"
"kongkongo0","Singapore"
"kongosu","Japan"
"kongtoulierenlm","Singapore"
"konicocco","Japan"
"konizaza","Netherlands"
"konkatsu_hack","Japan"
"konno1706584136","Japan"
"konno_0016","Japan"
"konnonei","Japan"
"konomerojunki","Japan"
"konpi_m","Japan"
"konyaaaaa_66","Japan"
"kook65565428","Japan"
"kookodaily","Japan"
"kookoocryptotv","Philippines"
"koomacity","Brazil"
"koon_nft","East Asia"
"koookxxx","Japan"
"kooorkoo","Korea"
"kophyo435035","Germany"
"koppaohji_","Japan"
"koppe_trhk","Japan"
"koppex80020","Japan"
"kora_fufu0v0","Singapore"
"kordellgouldsby","United States"
"korea76389","Japan"
"korearu_jp","Japan"
"koreatown","United States"
"koredeadedeji2","Nigeria"
"koremiteyaseru","East Asia"
"korewoizontoyo","Hong Kong"
"kornvillz","Brazil"
"koro_hakumai","Japan"
"korosgeopol","Africa"
"korosuk1234","Japan"
"korx1028","Korea"
"koryx46875","India"
"kosareffme1673","France"
"koseharu46","Japan"
"kosh__91","France"
"koshian_orz","Japan"
"koso7o","United States"
"kosscoss","Japan"
"kostas2517","Belarus"
"kostya8706","United States"
"kota_cotan","Japan"
"kotanosuke0110","Japan"
"kotaro4857","Japan"
"kotatsu_sugar","Japan"
"kotekote37kot79","Japan"
"kotetsu128","Japan"
"kotetsukot46368","Hong Kong"
"koto_bl","Japan"
"koto_no_ya","Japan"
"kotobukimegmi","Japan"
"kotogyoaya","Japan"
"kotomari0613","Japan"
"kotomichanvvv","Japan"
"kotomin80","Japan"
"kotomitune","Japan"
"kotommii","United States"
"kotoneko_lv","Japan"
"kotonoha1010","Japan"
"kotsu23","Japan"
"kotsun821","Japan"
"kou19786613","Japan"
"kou_channeru","Japan"
"kou_kouworks","Japan"
"koudra12","Japan"
"koueisuguri","East Asia"
"kouhei_yamamoto","Japan"
"kouheicyan","Japan"
"kouji3556","Japan"
"koujouiinkai_","Japan"
"koujutan","Japan"
"koukan_129","Japan"
"kouki23712513","Japan"
"koume_withlove","Japan"
"koun_ohen","Japan"
"kounoibis","Japan"
"kounomasami","Japan"
"kounyellow","Japan"
"kourou2025","Hong Kong"
"koushingroup","Japan"
"kouta42ykhm","Japan"
"kovainvest","Canada"
"kovntso9ot22573","United States"
"kowa_mirror","Japan"
"koyoyo4444","Taiwan"
"koyu_teku","Japan"
"koz1211sapporo","Japan"
"kozenhonten","Japan"
"kozoyoshida","Japan"
"kozue_and","Japan"
"kp_sn_11279","Japan"
"kpairs61","Japan"
"kpaxianwang","Japan"
"kpcrocket","Hong Kong"
"kpfeel0503","Korea"
"kpihh8","United States"
"kpopchronicles2","Pakistan"
"kpprkjrs","Japan"
"kpsjmthfsx29519","Japan"
"kq6ko_666","Japan"
"kq6tek","Japan"
"kqottopk","East Asia"
"kr111s","Japan"
"kr_09_nk","Japan"
"kr_arkmarket","Korea"
"kr_inyeon_seoul","Japan"
"kraken_fk7","Japan"
"krakenfx_zh","United States"
"krd7icjhwfp5za1","Japan"
"krdikr0114","Japan"
"krienknight","Japan"
"krijnenpascal","Netherlands"
"krime64impala","Japan"
"krisguyott","United States"
"kriskacarvalho","Brazil"
"krisrchase","United States"
"kristhom_","East Asia"
"kristian_cy","Singapore"
"kristinabr8059","United States"
"kristopher91993","Poland"
"kritapasohm","Thailand"
"kritirefinedoil","India"
"kriztian_zz","Nigeria"
"krqntl111737","Netherlands"
"krr_4dq","Singapore"
"krrrrnnnn","Japan"
"krsvcsmrxd2adl","United States"
"krtytsmah9","Japan"
"kruizingasaskia","United States"
"krulish38575","Thailand"
"kry__tk","Japan"
"krystal_eth","United States"
"ks_sky56","Japan"
"ksan09265678","Japan"
"ksczxcy155","United States"
"ksfishing1","Japan"
"kshangyou2611","Hong Kong"
"kshsb783142","Singapore"
"kshud115109","China"
"ksigenu","South Africa"
"kskbtc","Singapore"
"ksky","East Asia"
"ksorbs","United States"
"ksrgnmnm","Japan"
"ksssy0322","East Asia"
"kstarner89594","Italy"
"kstorr_65kg","United States"
"kta2124","Japan"
"ktachibana_m","United States"
"ktkant1919","Japan"
"ktkxxxktk2","Japan"
"ktn_s_","Japan"
"ktownforall","United States"
"ktr_ham","East Asia"
"ktxchange","Korea"
"ku9ri_","Japan"
"ku_0739","Korea"
"ku_zu_ri","Puerto Rico"
"kua_tina107","Japan"
"kuang133233","Hong Kong"
"kuangbendewon","Japan"
"kuangmoge395455","United States"
"kubisbakarrr","Indonesia"
"kucing800","Indonesia"
"kucingitisme_","Indonesia"
"kucoincom","Singapore"
"kudotake1994","Japan"
"kudsin_1010","East Asia"
"kueminji","Indonesia"
"kufle0","Korea"
"kuga_jay","Canada"
"kugou999","North America"
"kugua3y","Hong Kong"
"kuhungio","United States"
"kuigas","Singapore"
"kuk47377341","Japan"
"kukine_musashi","Japan"
"kukirizajoshua5","Uganda"
"kukmoon97","East Asia"
"kulinnit","Korea"
"kullthegreat","India"
"kultz1","Iraq"
"kulumitorihiki","Japan"
"kumackle","Japan"
"kumaco64","Japan"
"kumacompmoto","Japan"
"kumaion1","Japan"
"kumakichi0227","Japan"
"kumamine1","Japan"
"kumamontw","Taiwan"
"kumamoto_fight","Japan"
"kumanori701","Japan"
"kumarashokvaj","India"
"kumataiiku","Japan"
"kumazae__","Japan"
"kumeoko","Korea"
"kumiko3f","Japan"
"kummaaticket","Korea"
"kumorimame_lab","Japan"
"kunailicker","United States"
"kunda623270","Taiwan"
"kundko10","Japan"
"kuni_1029","Japan"
"kunigirisaginda","Korea"
"kunimanabin","Japan"
"kunipad2","Japan"
"kunitunahitachi","Japan"
"kuniyuki119","Japan"
"kunlunkyuety","Hong Kong"
"kunmi_muse","Germany"
"kunming2199","Hong Kong"
"kunsha2000","United States"
"kunzanger","East Asia"
"kunzhang86","Taiwan"
"kunzou9","Singapore"
"kuochean","Taiwan"
"kuoro22","Japan"
"kupcakeprose","United States"
"kura11886073","Japan"
"kurage_xxxxx","Japan"
"kuragemiko","Japan"
"kuramototweet","Japan"
"kurara_style_jp","Japan"
"kurasa93334","Taiwan"
"kurase_aoi","Japan"
"kurasmilenagoya","Japan"
"kureakurea01","Japan"
"kurichan_ueda","Japan"
"kuriki_","Japan"
"kurimupan315pel","Japan"
"kurinokiboy","Japan"
"kuro_8tiger","Japan"
"kuro_nuco","Japan"
"kurobi_kari","Japan"
"kurochin0208","Japan"
"kurodoraneko15","Japan"
"kurogyosha","Japan"
"kuroha_rin0909","Japan"
"kuroichako","Japan"
"kuroki___tomoko","Hong Kong"
"kuroko_gairu","Japan"
"kurokonngame","Japan"
"kurokuro5610","Japan"
"kuromi0_0_1","Korea"
"kuromine96_","Japan"
"kuronan3","Japan"
"kuroneko1o31","Japan"
"kuronekonakky","Japan"
"kuronekotohosi","Japan"
"kurononeco","Japan"
"kuroolove_","Korea"
"kuropenoyado","Japan"
"kuroserui_","Japan"
"kurosesui","Japan"
"kuroshiro01","Singapore"
"kuroti2","Japan"
"kuroxzu","Canada"
"kuroyas_0223","Japan"
"kuroyasu99","Japan"
"kurtdastugas","Portugal"
"kurtkevin2024","United States"
"kuru___19","Japan"
"kurukurunanami","Japan"
"kurumi3923","Japan"
"kurumi_chan_s","Japan"
"kurushunight","Japan"
"kusakashinya","Japan"
"kussetsu_elito","Japan"
"kussu_keiba","Japan"
"kutay30777509","Hong Kong"
"kutayiqi","United States"
"kuu_1026_","East Asia"
"kuu_2207","Japan"
"kuukdzwy82heary","Japan"
"kuukiwtf","North America"
"kuuuuumu4645","Japan"
"kuzianim","Georgia"
"kuzunidropkick","Japan"
"kvnishappy","Philippines"
"kvtx0mmcpv59628","East Asia"
"kvvsxqjnskw4gu","United States"
"kvyoodtkru1uvqz","Canada"
"kwadunie","Ghana"
"kwadwo_kwakyeee","Africa"
"kwakuasamoah_","Ghana"
"kwams4ph","Nigeria"
"kwen_eth","East Asia"
"kwinll1","Japan"
"kwkkoul774","United States"
"kwl714923978122","Hong Kong"
"kwmk617","Japan"
"kwonchoistory","Korea"
"kxschoolcn","United States"
"kxtvy_h","Japan"
"ky3ong_sik","Korea"
"ky_utako","Japan"
"kyabetu3scone","Japan"
"kyabyolwierung","United States"
"kyapai_","Japan"
"kyauwuannaorun1","Japan"
"kycresellengjm","Kenya"
"kyky_cass","Brazil"
"kyle202310","Japan"
"kylebrastrom","United States"
"kylekilleagle","Canada"
"kylemccuiston","United States"
"kylesamani","United States"
"kylesanderfjo1","Turkey"
"kylevanho","Singapore"
"kylieslostijs","United Kingdom"
"kyn_35","Japan"
"kyncheth_alerts","Africa"
"kynpko","Japan"
"kyo57606297","Japan"
"kyo_no_hey","Japan"
"kyodou_hokuriku","Japan"
"kyogenbot_","Japan"
"kyojinlivpurore","Japan"
"kyon2park","Japan"
"kyonsmithoftw","Taiwan"
"kyos2love","Brazil"
"kyota97","Japan"
"kyotocmex","Japan"
"kyou198611","Japan"
"kyouchiiosi","Japan"
"kyoukosueharan","Japan"
"kyousuke4926","Japan"
"kyouwa_elec","Japan"
"kyoya_saketen","Japan"
"kyujintimes","Japan"
"kyunbf","Brazil"
"kyuuna_ahiru","Japan"
"kyxbtc","Southeast Asia"
"kyz00803454176","United States"
"kz19970809","Japan"
"kz26543554","Japan"
"kzaemon4444","Japan"
"kzy_o089","Japan"
"l0annes","Korea"
"l0v3_hee","Korea"
"l11605","North America"
"l1970300665","Taiwan"
"l1m8tbt15imnwlp","Japan"
"l1mtentac0re","Taiwan"
"l200892013","Hong Kong"
"l2029558387","United States"
"l2535137094","Hong Kong"
"l48005209","Hong Kong"
"l4roao78","United States"
"l4ther_l","Japan"
"l6q66","Korea"
"l771l777","East Asia"
"l7sx7bi3eykr6wh","Japan"
"l8ke","United States"
"l9286179963453","Germany"
"l966748","United States"
"l993x8","Japan"
"l998o2l9","Korea"
"l__melo__l","Japan"
"l__x2h","Japan"
"l_atcq","Japan"
"l_dreamzed","Hong Kong"
"l_linxiao","United States"
"l_ljq94913","Singapore"
"l_oxo_r","Korea"
"l_ynhr7","Korea"
"la2050","United States"
"la44948","China"
"la4i14","Japan"
"la_grand_cahier","East Asia"
"la_lalijah","Indonesia"
"la_lune_888","Japan"
"la_m0on_o1","Korea"
"la_wo89145","Hong Kong"
"labia_cake","Japan"
"labrin","East Asia"
"labspeculation","East Asia"
"labstarw","Japan"
"labyss_archive","Korea"
"lacanetwork","United States"
"laceypupdoll","Canada"
"lachlan_0x","Germany"
"lacitycouncil","United States"
"lackluster773","Southeast Asia"
"lackrockumatan","Japan"
"lacontroller","United States"
"lacvex0myx70069","Japan"
"lacyberancee","France"
"lad1100","Nigeria"
"ladd148","United States"
"ladotofficial","United States"
"ladsonneal11911","United Kingdom"
"ladwp","United States"
"lady_cryp","United States"
"ladylihsul","Brazil"
"ladymeow0921","Netherlands"
"lafc","United States"
"laff38","Africa"
"lagacenoel26356","Philippines"
"lagarto27","Mexico"
"lagoscohi","Nigeria"
"laguna19988062","United States"
"lahistory","United States"
"laibakhan0346","Pakistan"
"lainaminute","United States"
"laishaohang","East Asia"
"laiskycai","Canada"
"lakcjkql","Taiwan"
"lakendragi0c","United States"
"lakersavant22","United States"
"lakufkzn","Korea"
"lalailand","Brazil"
"lalalapalette","Japan"
"lalisa_2213","India"
"lalisanml","Hong Kong"
"lalive","United States"
"lam246807g69532","Macao"
"lam3th","Germany"
"lamag","United States"
"lambert_leung","Hong Kong"
"lamboiaa","Brazil"
"lamby_0x","United States"
"lamda21534104","United States"
"lamekeji","Europe"
"lamidirosa","United States"
"laminario","Spain"
"laminate111","Japan"
"lammichaeltw","United States"
"lamsaekjidae","Korea"
"lamuneoishii","Japan"
"lanalana1213","Japan"
"lanbluki","Korea"
"lance_tcgshop","Japan"
"lanceasher","United States"
"lancelotun76822","United States"
"lanceylue95548","United States"
"landafraedi","Taiwan"
"landon_tang","Spain"
"landpia1992","Japan"
"langbuguosan","Hong Kong"
"langerius","North America"
"langgear","France"
"langlin52057","France"
"langoprince256","Uganda"
"langostin0perez","Europe"
"langruo404","Singapore"
"languagej1503","Japan"
"langyining521","China"
"langzi_19","Japan"
"lanmaodr","Japan"
"lanpengyoulaile","United States"
"lanquqing","Hong Kong"
"lansehai1","China"
"lanwades","United Kingdom"
"lanxiaodebiao","China"
"lanxing2025","Korea"
"lanyihou","Japan"
"lanziilove","East Asia"
"lanzoni68954","India"
"laoa_ai","North America"
"laobingdanzi","Australia"
"laocangshu888","United States"
"laocao1234","Viet Nam"
"laochang123","United States"
"laochenusa","United States"
"laohei789","Thailand"
"laohu0418","China"
"laohugo3","Hong Kong"
"laoji909","United States"
"laokniulai","Hong Kong"
"laolisea","Malaysia"
"laomo9394","United States"
"laomunova","Portugal"
"laosanhemao","Japan"
"laoshirenbtc","Korea"
"laotan_web3","Singapore"
"laotebi_again","Southeast Asia"
"laotebiji","Hong Kong"
"laotoule90","United States"
"laowang_speaks","United States"
"laoyan86","Japan"
"laoyanglundao","United States"
"laoyao_crypto","Taiwan"
"laoyingkhq","Japan"
"laozhouhengmei","Singapore"
"laoziwuhai1","Japan"
"laphil","United States"
"lapinliyu0102","Korea"
"laplace1120","Japan"
"laplace302","Hong Kong"
"laptopsiuwil","Indonesia"
"laptoptoken","South Africa"
"lapublicpress","United States"
"lara_km10","Japan"
"larabastosz","Brazil"
"laralogan","United States"
"largoht","Japan"
"larkinmarc13162","United States"
"larkmakoto","Japan"
"larry856108968","Germany"
"larrydschultz","United States"
"larryjacksaue6","Turkey"
"larrynelso2lqf","Turkey"
"larryonf","United States"
"larrypurelabs","Korea"
"larrywardqoxq","Turkey"
"larvaai","Japan"
"laseslona","Japan"
"lashardjr","United States"
"lashawnchr36104","Italy"
"lashayekay","United States"
"lashonbeli7k","United States"
"last_born97","United Kingdom"
"last_judgement1","Japan"
"last_lighter","Hong Kong"
"lasvegas1153","Japan"
"lataco","United States"
"latashab14747","Hong Kong"
"late_haturai","Japan"
"latenantsunion","United States"
"latency_724","Japan"
"latenightnifl","United Kingdom"
"latepostnews","United States"
"latiaoyu_vov","East Asia"
"latimes","United States"
"latimesent","United States"
"latimesfood","United States"
"latinacl_01","Hong Kong"
"latinfamil8fh9","India"
"latinoamericapi","Argentina"
"latoyagoarvvg","France"
"latrinaschb1","Turkey"
"laugil_10","Colombia"
"laura6liu","Taiwan"
"lauraleedassow","United Kingdom"
"lauraloomer","United States"
"lauramartin_stk","Singapore"
"lauramorrismzt","Turkey"
"lauren103068142","United States"
"laurenbellktzk","Viet Nam"
"laurencemister","United States"
"laurennelo","Brazil"
"laurennichols80","United States"
"laureny48364351","United States"
"laurgrowth","Ireland"
"laurice2868","Viet Nam"
"laurich_martin","United States"
"lauriekatzsmith","United States"
"laurynslounge","North America"
"lauzu2051","Japan"
"lavender0000000","Korea"
"lavenderlily__","India"
"lavernezhang","United States"
"lavonparizkdd","United States"
"laweekly","United States"
"lawerencej53135","Thailand"
"lawerencesrol6","United States"
"lawgpts","Singapore"
"lawrencegaxl0r","Turkey"
"lawrenceof66373","Taiwan"
"lawrenzee61","Nigeria"
"lawsonstore_100","Japan"
"lawsvghq","Japan"
"lawwarriors","Argentina"
"laxtiz","Japan"
"laykesayra64053","China"
"laysparadice","United States"
"layzner_mk2","Japan"
"laze794","Switzerland"
"lazoopocket_","Brazil"
"lazyzenith","United States"
"lb1800","United States"
"lb810913","Japan"
"lbbhdav","South America"
"lbcppkytab5kvh","United States"
"lbi04036672","United States"
"lbolbo123456","Japan"
"lbwi19733795300","Japan"
"lbz7354","United States"
"lc2808_baseball","Japan"
"lc6472997424670","China"
"lceonme","Brazil"
"lcfz7ijphfot47h","Japan"
"lcmg58","Hong Kong"
"lddbad","Japan"
"ldec123","Hong Kong"
"ldh_fi_1020","Japan"
"ldj1083797","China"
"ldld888888","Japan"
"ldngdng20938820","Singapore"
"ldoxford","United States"
"ldrwatson","Brazil"
"ldustboxl","Japan"
"ldxhjxy","North America"
"le1n_murakumo","Japan"
"le_crapaud47","North America"
"le_madrilaine87","Japan"
"lea757651167628","Canada"
"lea_2903","Hong Kong"
"lea_coste","United Kingdom"
"leadmedia_hub","Nigeria"
"leagimenezpy","Paraguay"
"leagueofireland","Ireland"
"leanadeshola","Nigeria"
"leandrogamerx12","Brazil"
"leaningeveryday","Canada"
"leanjushi1","China"
"leanne367214973","Australia"
"leapahead001","Singapore"
"learn_geni9677","Singapore"
"learners_adachi","Japan"
"learning_yohei","Japan"
"learnwithdaksh","India"
"leave9_23","United Kingdom"
"leavingwinters","United States"
"lebrocess","South Asia"
"lebutterjm","Brazil"
"lecong199803","Viet Nam"
"ledger","France"
"ledsheepcast","Japan"
"leduy12344","Viet Nam"
"lee2182han","Japan"
"lee_misu","Japan"
"lee_points","United States"
"leeallenbeyond","Singapore"
"leebill905","Taiwan"
"leebob59557842","United States"
"leechan1688","Hong Kong"
"leechichingxpx","North America"
"leeclarkwhlee","Taiwan"
"leecollins10","Philippines"
"leede008","United States"
"leeesprite","Hong Kong"
"leejason9876","Singapore"
"leejie0730","Taiwan"
"leek_egg","United States"
"leeking420","East Asia"
"leeknowcoxas","Brazil"
"leelee19950401","United States"
"leemahpearl_","Nigeria"
"leemmai","Singapore"
"leepima","Taiwan"
"leepolo7","Netherlands"
"leesuho0324","Thailand"
"leewoon__","Japan"
"leexhq","United States"
"leeyoungho0813","Japan"
"lefthanded_soul","El Salvador"
"legeishere","Japan"
"legenddevaa","India"
"legendlost1","Germany"
"legendrukagrace","Japan"
"legendx2026","Viet Nam"
"legion_jp","Japan"
"legnametalzoa","Mexico"
"lego2587","Japan"
"lego31333","Hong Kong"
"legoliew","Malaysia"
"legon0724","Korea"
"lei88928","Europe"
"leicesterhonest","United Kingdom"
"leidanazartg4","Turkey"
"leighnamie123","United States"
"leigongsha67993","China"
"leihongbo888","Hong Kong"
"leilab44683","United States"
"leiyang8964","United States"
"leko__shoba","South Africa"
"lele_taro","Japan"
"lelefarley","Taiwan"
"lelejan80","Iraq"
"lelouchdaily","Serbia"
"lematindz","France"
"lemkeobdul88707","France"
"lemo_trade99","Japan"
"lemon_ws","Korea"
"lemonade_0403","Korea"
"lemonchocolatie","Japan"
"lemoned","Hong Kong"
"lemonsault","China"
"lemony2020","Hong Kong"
"lemooning19","Korea"
"lemuelb24313","Germany"
"lencho99","Mexico"
"lene5777","China"
"lene_vtuber","Japan"
"lenglitter","Japan"
"lengnin61906353","China"
"lengs4189","Taiwan"
"lenlennstyny","Japan"
"lenn2026","Europe"
"lennychauleit","Brazil"
"leno_boss1","Africa"
"lenoreorte14310","Thailand"
"lenpit_12271219","Taiwan"
"lens_mode","Japan"
"lenscn","Singapore"
"leo139999","Singapore"
"leo1625590","Hong Kong"
"leo1ee666","Singapore"
"leo_xiaolei","United States"
"leobonavides","Brazil"
"leofan_crypto","Japan"
"leohu1314","Taiwan"
"leohuynh139","Viet Nam"
"leojanne","Japan"
"leoleeai","Hong Kong"
"leolhp920922","Hong Kong"
"leolin88630015","Taiwan"
"leolincolnofc","Brazil"
"leon_bleach","Korea"
"leon_made_this","United States"
"leon_web3cnt","Hong Kong"
"leonanakimo","Taiwan"
"leonandtheworld","Viet Nam"
"leonard73714140","United States"
"leonardespresso","United States"
"leonardfucillo","Canada"
"leonardsherida9","Japan"
"leonidaancwp","United States"
"leonjoerm","Taiwan"
"leonli1994b3","Japan"
"leonmeng4","Hong Kong"
"leonxxx1234","Hong Kong"
"leonysao","Brazil"
"leonzr1394","Japan"
"leopark926","United States"
"leopoldoguti","Japan"
"leopoldorowz3","United States"
"leoskie_l","Poland"
"leotakeuchfbzg","United States"
"leothelippy1","United States"
"leozynho__ab","Brazil"
"lepaiinn","France"
"lepauzeb","United States"
"leroy161716","Turkey"
"lersentai","United States"
"leslie615717","United States"
"leslilisan3766","France"
"lesmadrigal","Kenya"
"lespaul334","Japan"
"lessismore1986","Hong Kong"
"letdoit2017","United States"
"letechlead","Saudi Arabia"
"lethalshooter__","United States"
"lethsbian","United States"
"letii_gabrielaa","Brazil"
"lets_help_other","Japan"
"letsburnlab","Korea"
"letscatapult","Europe"
"letsgrowesports","United States"
"letskkikki_ki","Korea"
"letsura1","Indonesia"
"letterfrommist","United States"
"leuaov773","Japan"
"leugumy","Brazil"
"leverageetfs","United States"
"leverageetfszh","Taiwan"
"levi2552","Japan"
"leviceroy","United Arab Emirates"
"levishowmore","Hong Kong"
"lewickilib21260","United States"
"lewis8888888","Taiwan"
"lewis_eth0","Hong Kong"
"lexkisser_","Southeast Asia"
"lexnlin","Europe"
"lexveteris","South Africa"
"lf_dao_unc","Hong Kong"
"lff5678","Hong Kong"
"lfg_daram","United States"
"lfrostwrites","Canada"
"lg8306","United States"
"lgardiner10974","United States"
"lgbtuaice","Brazil"
"lgd688","United States"
"lgg_tokenomics","Singapore"
"lgk007","Korea"
"lglaysbroo38891","United States"
"lgnoac","Japan"
"lgrjxkfy","Taiwan"
"lgtpai","Canada"
"lgungy1159181","United States"
"lgxxx14lgxxx","Hong Kong"
"lgywass","Japan"
"lhaohai","East Asia"
"lherth84879","United Kingdom"
"lhhjsm110521","Korea"
"lhoewumjrh11110","East Asia"
"lhomer02","Brazil"
"lhu390807151","China"
"lhy9569591","United States"
"lhze0d","United States"
"li0827844865431","China"
"li2k118","Southeast Asia"
"li665508li","Japan"
"li9292","Singapore"
"li_rong67407","China"
"li_rong747481","China"
"li_ruoyuan","China"
"liam116888","Southeast Asia"
"liam894438hd","Switzerland"
"liam_1008","East Asia"
"liamihorne","North America"
"liamsz007","Africa"
"lian54906225","Japan"
"lian__bleach","East Asia"
"lianchaohan","United States"
"lianegardzelew1","United Kingdom"
"liangfenxiaodao","Australia"
"liangm_owo","Hong Kong"
"liangniaoqunfei","Korea"
"liangxizjdq","France"
"liangzaolove","United States"
"liangzi3636","Taiwan"
"liangziyueqian1","Hong Kong"
"lianshang37","Japan"
"lianshangpixiu","Japan"
"liaoblove520","Hong Kong"
"liaoguangtao1","Hong Kong"
"liaol18900","Southeast Asia"
"libaiwan168","Hong Kong"
"libaiye111","Taiwan"
"libao225926","Taiwan"
"libao_huguan","China"
"liberalist_12","Nigeria"
"liberty0918","Korea"
"libertyladyusa","United States"
"libot_jp","Japan"
"libraclone_sfb","East Asia"
"libraxbt","Southeast Asia"
"libsoftiktok","United States"
"libu10001","Singapore"
"libu10003","Singapore"
"libukai","Hong Kong"
"licar1949","Bolivia"
"licause26310","France"
"lichendedie","Japan"
"licheng43225380","Japan"
"lichtspektrum","United States"
"lichunhong1204","Hong Kong"
"lidafa332211","Thailand"
"lidageai","Viet Nam"
"lidaimei_","Japan"
"lidangzzz","North America"
"lidingguogn","Japan"
"lieei185325","Hong Kong"
"lien_solid","Japan"
"lies88888","Hong Kong"
"lieucrypto","Taiwan"
"liev98","South Asia"
"liewviktor","Australia"
"liexpressok","United States"
"lieyingfage","Hong Kong"
"life_3_0","Korea"
"life_amess","Hong Kong"
"life_photo_s_w","Japan"
"lifenewshq","United States"
"lifeng61532","Japan"
"lifeofmayowa_","Nigeria"
"lifeshift_30","Japan"
"lifetoglobal","China"
"lifmfilm","Japan"
"lifuzhan","Italy"
"lig1641877","Hong Kong"
"lightskinn_a","United States"
"lihanghong1988","Hong Kong"
"lihe_x","Europe"
"lihiyn984434504","China"
"lihleonx","South Africa"
"lihongbing12","China"
"lihsiangwang","Taiwan"
"lihuan0209","United States"
"lihuihui","Hong Kong"
"lihuo31625","United Kingdom"
"lihuo44390","China"
"liiliiiiiliilli","Japan"
"liilouz","Africa"
"liinzip","France"
"lijiangmark","China"
"lijiaoshou12","Japan"
"lijin37372735","United States"
"lijinch01757543","United States"
"lijinyu_leech","Hong Kong"
"lijiu163076","Netherlands"
"lijiuer1","Hong Kong"
"lijy668","North America"
"likai1336925","East Asia"
"likebookmark","United States"
"lil_tea_cpp","United States"
"lilacn1ght","United States"
"lilaihai49028","United States"
"lilaoshizuikeai","East Asia"
"lilegeli602","Taiwan"
"lilesswoo","Japan"
"lili5726","Singapore"
"lili9999992475","East Asia"
"liliannnablacck","Japan"
"liliapark07","Brazil"
"lilicery","Hong Kong"
"lilii_1108","Japan"
"lilililimylili","United States"
"lilioliit","East Asia"
"lilisan18991118","Japan"
"lilith061222","United States"
"lilith7987","Taiwan"
"lilium_","Korea"
"liljouki","Brazil"
"lilk1kopops","Hong Kong"
"lilkingnice","Japan"
"lillattemode","Japan"
"lillianwbkf95w","Brazil"
"lilllpuppy","Korea"
"lilly595124","Germany"
"lilmslisav","United States"
"lilmxgma","United Kingdom"
"lilnatnat_","United States"
"lilong","Japan"
"lilshapes_","United States"
"lilthugg_na","Ghana"
"lilwestjohn","Japan"
"lily081615","United States"
"lily20240130","Japan"
"lily2763305627","Japan"
"lily5252025","China"
"lily970820","Singapore"
"lily_bel_m","Korea"
"lilyco724857735","Singapore"
"lilykuma_s2_","Korea"
"lilyshade56","United States"
"lim503314856828","Africa"
"lim_code","United States"
"lim_xiaoyi78918","Singapore"
"limanesq","Nigeria"
"limaokunnxd7","United States"
"limbaugh7775","France"
"limbuscompany_b","Korea"
"limbwalker22","Venezuela"
"liming19840420","China"
"limithigher","Japan"
"limiyone7","Japan"
"limo400","Japan"
"lin03111","Hong Kong"
"lin050523","Hong Kong"
"lin102588","Hong Kong"
"lin1453049","Hong Kong"
"lin483154196494","Hong Kong"
"lin660613","Hong Kong"
"lin7168","Taiwan"
"lin98201","Southeast Asia"
"lin_1435","Japan"
"lin_btc","Singapore"
"lin_camy","Taiwan"
"lin_yiliu","Hong Kong"
"linabc75","Taiwan"
"linajian1984","Hong Kong"
"linch98218318","China"
"linchenghu3","Korea"
"lincoln_daoyan","Taiwan"
"linda6853626146","United States"
"lindadong","United States"
"lindalapointe2","Canada"
"lindas_here","United States"
"lindat48","Canada"
"lindberghfarias","Brazil"
"lindsaylun44006","Philippines"
"linea_japan_one","Japan"
"linearuncle","United States"
"linfusdt","Japan"
"lingboweibu319","New Zealand"
"lingdan98655027","United States"
"lingdangcat","Switzerland"
"lingergnn41824","Hong Kong"
"linghangeth","Korea"
"linghuchong91","Singapore"
"linginax","Hong Kong"
"lingluan1998","Japan"
"lingqin264","Taiwan"
"lingqiqi6","China"
"lingsh115953","United States"
"lingshuang22","United States"
"lingt1923","China"
"lingualandjp","Japan"
"lingxinglong4","Japan"
"lingyi926","Japan"
"lingyu0612","United States"
"linhai75421568","China"
"linhao722722","Singapore"
"linier_v_rudior","Japan"
"linkingvi","Hong Kong"
"linkinloveai","France"
"linknclick","Korea"
"linkstrategy03","Japan"
"linlanghuhu","Japan"
"linlegolas1","Hong Kong"
"linlieth","Hong Kong"
"linlin2010205","Japan"
"linlin9c2cu","Japan"
"linlitsing8964","Hong Kong"
"linmingcn","United States"
"linmiv","Hong Kong"
"linmumu223","Japan"
"linn00888","Taiwan"
"linocaties","Brazil"
"linpoetc","Brazil"
"linqing231244","United States"
"linqingv","Japan"
"linsajiao","Hong Kong"
"linsamrt","Japan"
"linsang544891","China"
"linsc8788","Hong Kong"
"linsen1bu1","Hong Kong"
"linshijielun","United States"
"linsrescova","Angola"
"lintc9","Taiwan"
"linwanwan823","Southeast Asia"
"linxiaobei888","Singapore"
"linxiyu85","China"
"linya_0605","Korea"
"linyanyan0311","Hong Kong"
"linyanyan613","United States"
"linyiq","Singapore"
"linyq26","Hong Kong"
"linyu546","Taiwan"
"linyuebtc","United States"
"linyx_cnbmpng","Papua New Guinea"
"liochngxnw21591","East Asia"
"liolichn160504","Japan"
"lion040317","Japan"
"lion_027","Japan"
"lionel10prime","India"
"lionelmcen6xz","Canada"
"lionman888888","Japan"
"lionsgate","United States"
"lioran88","Japan"
"liowliy","China"
"lioy92653285","Japan"
"lipeherh","South America"
"lipeng0820","Southeast Asia"
"lipengyouup","Taiwan"
"liper1520799","China"
"liqing_xing","East Asia"
"liqingliang_","East Asia"
"liquid_capital_","United States"
"liraimu","Taiwan"
"lirio_queen","Brazil"
"liriosnachuva","South America"
"liriozoiao","Brazil"
"lisa0950713189","Viet Nam"
"lisa85754578831","Pakistan"
"lisa97175559","United States"
"lisa_0624_lisa","Japan"
"lisa_coleman85","United States"
"lisa_lisa_nj","United States"
"lisa_pullm14811","United States"
"lisadefranjinha","Brazil"
"lisamariehaden","United Kingdom"
"liserickieo4g","Philippines"
"lishiye2","Hong Kong"
"lishun49293","Taiwan"
"lismalltt_","North America"
"lismmea_1214","East Asia"
"lisp2002","East Asia"
"lissyswift13","United States"
"lit9789","Taiwan"
"lit_twit_20","Netherlands"
"litao63279512","Hong Kong"
"litcapital","United States"
"litecoin","United States"
"literallylilz","Brazil"
"litglim_masaki","United States"
"lithee_e","Africa"
"lito632676","United States"
"litony1518","Australia"
"little_0rxhid","France"
"little_j_aasa","Japan"
"little_lucas9","Brazil"
"little_tree28","Taiwan"
"littlebiggame","Spain"
"littlegenius06","Cambodia"
"littlegiant_cos","Korea"
"littlegiantgym","Japan"
"littlelion_love","United States"
"littlez60354493","China"
"liu1346144","Korea"
"liu1415926","Germany"
"liu223621","Japan"
"liu360567","United States"
"liu48012759","Singapore"
"liu_core1","United States"
"liu_li269","Hong Kong"
"liuchangzheng1","Japan"
"liufeisfw","North America"
"liufeixian19004","Taiwan"
"liuguanyi3366","Hong Kong"
"liuguihua123","East Asia"
"liuhuafeng1019","Japan"
"liujiayi1111","North America"
"liujing5520","China"
"liukaybee","North America"
"liukidni","North America"
"liulian55","China"
"liulinl40116021","China"
"liuliuwu002","North America"
"lium199","Japan"
"lium19909262","Japan"
"liunengboy","Japan"
"liuran_yanagi","United States"
"liushui918","Hong Kong"
"liususie098","China"
"liusy888","United States"
"liutongft","Hong Kong"
"liuweijiavip","Japan"
"liuxiaoling933","United States"
"liuyangag","China"
"liuyanghe2024","China"
"liuycom","Hong Kong"
"liuyouyouuu","Europe"
"liuyuefeng11","China"
"liuyujie112","China"
"liuyun","Japan"
"liveartx","United States"
"liveaudio_fes","Japan"
"liveelmo","Viet Nam"
"livemasters_inc","Japan"
"livenation","United States"
"liverpoolxabier","Japan"
"lividfalcon","Germany"
"livier910662","Brazil"
"livingdreamsfou","Uganda"
"livinghiroshima","Japan"
"livioluizso","Brazil"
"livqzis","Netherlands"
"livykaiii","Hong Kong"
"liwang48429057","Southeast Asia"
"liwencheng888","Hong Kong"
"liwenzhuoer","Hong Kong"
"lixdeoki","Brazil"
"lixia982","China"
"lixiangbtc","United States"
"lixians03089662","Singapore"
"lixinbao_x","Hong Kong"
"lixing_dong","United States"
"lixing_rational","Canada"
"lixinghebtc","Bangladesh"
"lixintian17","Hong Kong"
"lixio82395275","China"
"lixon236","Hong Kong"
"lixuanjin42","Japan"
"lixue0907","United States"
"lixuvip","Taiwan"
"liyaosha","United States"
"liyidongg","Hong Kong"
"liyifei18576934","China"
"liyiping1911","Canada"
"liyny4196098740","United States"
"liyshu37729599","China"
"liyu439716a","Hong Kong"
"liyuan78449526","China"
"liyuanba2026","United States"
"liyue_ai","Japan"
"liyunlo28807538","Taiwan"
"liyusheng1983","United States"
"lizbethhol70z","United States"
"lizentd","United States"
"lizethmanu9150","Turkey"
"lizgottik","Mexico"
"lizhiqtian","China"
"lizi1618","Hong Kong"
"lizmoneyprinter","Hong Kong"
"lizzy20079581","China"
"lj1943321","United States"
"lj2768756590392","Japan"
"ljbsrh20117","China"
"ljiq128512","Singapore"
"ljm_c8","Japan"
"ljogy49848535","Hong Kong"
"ljranceli","North America"
"ljsdwz","Netherlands"
"ljxqse","Japan"
"ljy2701219119","Germany"
"ljy_9527","United States"
"lk1997z","Taiwan"
"lkcweb3","Japan"
"lkgk04","East Asia"
"lkjzxc22615","United States"
"lkminkitty","Brazil"
"lkwfhj8","Japan"
"ll4ssi","Japan"
"ll__cool__z","Indonesia"
"ll_ewol_77","Korea"
"llbtc_daniel","Hong Kong"
"lldois210","United States"
"llicanom","Taiwan"
"llinji2088231","East Asia"
"llinospider","Brazil"
"lliy786313","East Asia"
"lliyu03","Southeast Asia"
"lll202501","Philippines"
"lllccc147877","Singapore"
"lllddd8888","United States"
"lllllljennie","China"
"llnk34652","United States"
"llotho1","United Kingdom"
"llovo71","East Asia"
"lloyd2001672501","Germany"
"llp_o9","Japan"
"lluck4s","Brazil"
"llww9966","Hong Kong"
"llyseosea","Korea"
"lmarteloo","Brazil"
"lmbrca10","United States"
"lmdc5288","Canada"
"lmgff_","Japan"
"lmrz_138","United States"
"lmunsulo","Brazil"
"lmx2000","East Asia"
"lmydvuxdz6gyxy8","East Asia"
"lmyme1472","Indonesia"
"ln9097315181882","China"
"ln956016705356","Hong Kong"
"lndnd1110","Hong Kong"
"lndymars","Brazil"
"lnfldelidade","Brazil"
"lngw110835","Hong Kong"
"lngxing1415132","China"
"lniosytest","United States"
"lnju198247","United States"
"lnng176181","China"
"lnshu231478","China"
"lnxunjin1","United States"
"lnyho05574814","Japan"
"lo114_","Japan"
"lo1461ner","Nigeria"
"lo7_ez_yt","Japan"
"loafer68012870","Hong Kong"
"lobo_mx91","United States"
"localhost_4173","United States"
"loco2narokkotsu","Japan"
"loerhj","Hong Kong"
"loeyphase","United States"
"logan724429","Singapore"
"logan77coin","Malaysia"
"logic_cycle","United States"
"logoswell37","Korea"
"logsnipe","Japan"
"loharu178543","Japan"
"lohensdoll","North America"
"loicentralpod","Ireland"
"lokesh_r_v","India"
"loki24660","Taiwan"
"lokisbaby_","United States"
"lokithebird","East Asia"
"lokiverygood","Australia"
"lokiztazx","Viet Nam"
"lokko818","United Kingdom"
"lol960348565339","Hong Kong"
"lolajiang2","Japan"
"lolingverse","United States"
"lolku1127","France"
"lollipop7940","United States"
"lolly_sprite","Korea"
"lolsilentsteps","United States"
"lombris102","Mexico"
"lomoz","Southeast Asia"
"london195507","Singapore"
"loneamorphous","United States"
"loneliness_busi","Japan"
"lonely_25565","Japan"
"lonely__mh","Southeast Asia"
"lonely_lycoris","Japan"
"lonetraveler111","United States"
"long68888","Hong Kong"
"long_li91171","Japan"
"long_yu66870","China"
"longbolilun","Taiwan"
"longbtc_x125","Indonesia"
"longge93132020","Hong Kong"
"longhao07930388","Viet Nam"
"longhua69606680","China"
"longhua8_4","Japan"
"longlive_mzx","United States"
"longlivenaseer","United Kingdom"
"longmou6530","Japan"
"longong888","Hong Kong"
"longontomorrow","United States"
"longqidui369","Japan"
"longrabbit1010","Korea"
"longshao1191","Japan"
"longtian168","Europe"
"longtreelabs","Japan"
"longwall_16","Japan"
"longxu1255472","United States"
"longying1214","Germany"
"lonly_66","Singapore"
"lonnie__x","Korea"
"lookedao","Hong Kong"
"lookfirst_leep","Hong Kong"
"lookjawe","Japan"
"looknfabasia","Iraq"
"looknode_com","Hong Kong"
"lookwallstreet","United States"
"loongkingdom","Germany"
"looplock111","East Asia"
"lopezmaye11","Colombia"
"lorainetumvin","United States"
"loraleedicnj","Germany"
"lordeco","Portugal"
"lordvibezzz","Africa"
"loreesimpl94774","United States"
"lorenponce15","South America"
"lorenzawarjqmc","France"
"lorenzohernanc1","Bolivia"
"loretta65934292","South Africa"
"lori61ji3","Bangladesh"
"lorialexander57","Singapore"
"loribebek","Turkey"
"lorieb233","United States"
"lorp_voltemord","Southeast Asia"
"lost2000yen","Japan"
"lostinfilm","Spain"
"lotianv","Japan"
"lotus20030210","Taiwan"
"lotus6_6","Japan"
"lotus_ness","Japan"
"lotus_shyouw_","Japan"
"lotusdecoder","United States"
"louis212ruil","China"
"louis_beo","Viet Nam"
"louise_jackie","Brazil"
"louiselemaitre3","France"
"louiseparknh3i","Turkey"
"louisnguyenx62","Viet Nam"
"louistesla93","United States"
"loulouqueen","Australia"
"lounokoto","Japan"
"lourou7292","United States"
"lov3neverd1e","Korea"
"love0888999","United States"
"love355841","Japan"
"love91001493505","Japan"
"love_airdr37339","Taiwan"
"love_doge123","Hong Kong"
"love_dosuo","Japan"
"love_football_h","Japan"
"love_kyo6","Korea"
"love_lovely_343","Japan"
"love_ohasen","Japan"
"love_p_r_y","Japan"
"love_timer","Japan"
"love_wani_oo_a","Japan"
"loveada_","Japan"
"loveatfirstty","Korea"
"loveheathek","North America"
"loveifievol","Japan"
"loveintp","Korea"
"loveking333","Japan"
"lovelornsecret","United States"
"lovelytruth_s2","Japan"
"lovemimi_hi","China"
"loveone_staff","Japan"
"lovepoppy518","North America"
"lovepujuang","Hong Kong"
"lovesgooji","Brazil"
"lovesimth0412","Japan"
"lovetravel1145","Germany"
"loveuolanda","Singapore"
"loveyourcat","China"
"lovezzh0511","Australia"
"lovgkook","Brazil"
"lovingcb1","Southeast Asia"
"lovingyouieb4u","Korea"
"lovotbancha511","Japan"
"lovyprimzy1","Africa"
"lowkeycozy","United States"
"lowkeymodeon","Indonesia"
"lp001001001","East Asia"
"lp7722","Japan"
"lpeleg72409","Indonesia"
"lpha76641540","Korea"
"lphiltrum","Taiwan"
"lping9780","Singapore"
"lplans_est2004","Japan"
"lpr1455493","Singapore"
"lpx2019","United States"
"lqiao","United States"
"lqing25153","China"
"lqmyrl718","United States"
"lqp2026","Japan"
"lqqblooe","Japan"
"lqqt1o2","Japan"
"lqqt_1919","Japan"
"lr_investment","Japan"
"lrhbf888","Japan"
"lrloshxnrn47231","United States"
"lrrimkns5d77edf","Korea"
"ls5457539256822","China"
"lshiif","United States"
"lshu1299861","Taiwan"
"lsls55600","Hong Kong"
"lspclux","Hong Kong"
"lsrwz","Pakistan"
"lsx0008","Japan"
"lsximo","Japan"
"lsxs_888","Japan"
"lsxwh","Japan"
"lsyyyh","United States"
"lt8py","United States"
"lt_nonyanyan","Korea"
"ltchives","Japan"
"ltd_different","Japan"
"ltgjoie","Hong Kong"
"ltiujl85oaixq1t","Japan"
"ltnlj8l8tuhp4du","Japan"
"ltnnee_10_18","Japan"
"ltparisinfo","Europe"
"ltplayfair","Canada"
"lts_crt_games","Japan"
"ltw_rin","Japan"
"lu77okk","Singapore"
"lu_jornalista_","Brazil"
"lu_kimu73349","East Asia"
"lu_rey_lu","Colombia"
"luailan","Japan"
"luanallest","Brazil"
"luanglorioso","Brazil"
"luanlopo","Brazil"
"luanneaswev2","United Kingdom"
"luanpn0201","Viet Nam"
"luansmioto","Brazil"
"lubi366","Hong Kong"
"lubihuangdai888","Japan"
"lubijiaocheng","Japan"
"luc44561","Argentina"
"lucaokxcto","Hong Kong"
"lucaqiangzhang","Hong Kong"
"lucas00_007","Hong Kong"
"lucas123lautaro","United Kingdom"
"lucas66632e","Hong Kong"
"lucas_shaw","United States"
"lucasgagex","United States"
"lucasli413899","United States"
"lucaslucampos11","Hong Kong"
"lucasqhov","Japan"
"lucastsang","Finland"
"luce_sakura","Japan"
"luce_tomoni","Japan"
"luceyeon","Norway"
"luch_stan55","Viet Nam"
"luchonglie","Singapore"
"luciadreamxo","United States"
"lucidamenopausa","Brazil"
"luciddremz","Kenya"
"luciealtholq","United States"
"lucillarit33630","United States"
"luckey_happy_","Korea"
"lucki_mf6","Nigeria"
"luckpi_trd","Japan"
"lucky2021666","China"
"lucky22503896","United States"
"lucky95071612","Japan"
"lucky_boy_ken","Japan"
"lucky_flyfuture","United States"
"luckyandanna","East Asia"
"luckybibiw1p","Japan"
"luckycat3191","North America"
"luckycat998","Taiwan"
"luckydeerfrom","United States"
"luckyg476473","United States"
"luckying1122","Germany"
"luckyivy520","Taiwan"
"luckymind003","Libya"
"luckyou00100","Singapore"
"luckys19x","United States"
"luckysharp2015","United States"
"luckyst78685091","Japan"
"luckywed112","Japan"
"luckyworld88","United States"
"luctornonemergo","Netherlands"
"lucy00220024","Japan"
"lucyquille4129","United States"
"lucyturnspages","France"
"ludan7822fanhua","Germany"
"ludoviclarelle","Hong Kong"
"luellaschmlqiy","Italy"
"luettak31718","Viet Nam"
"luffy76756","Hong Kong"
"luffyliux","United States"
"lugeweb3","Japan"
"luigiproof","United States"
"luilivjdj","Hong Kong"
"luisantoniogar4","Jamaica"
"luiscaicaguare","Europe"
"luisferosti","Mexico"
"luisgranate3","Argentina"
"luispolole","Colombia"
"luisxyy","Brazil"
"luizcarlosprsp","Brazil"
"luizcosta76","Brazil"
"luiztavares70","Brazil"
"lujiazui_china","United States"
"lukadondon","Japan"
"lukameguine","Viet Nam"
"lukaus17","Taiwan"
"luke102579","East Asia"
"luke11218871","United States"
"lukedhlee","United States"
"lukefloer6","United States"
"lukepost","Hong Kong"
"lukia_spl","Japan"
"lula50185915","Japan"
"lulalulaluobo","United States"
"lulanglinhai3","Hong Kong"
"lulisxns69460","Japan"
"lulu521a","Canada"
"lulu8778585","China"
"lulu_lanakira","Japan"
"luluaterra","United States"
"lulufo514382","China"
"luluho524_tw","Taiwan"
"lumaodoggie","North America"
"lumaozhuanyong1","United States"
"lumartinelli79","Brazil"
"lumaster666","Taiwan"
"lumedeco","Japan"
"lumenx_","Central Asia"
"lumeroute","United States"
"lumewwwww","Taiwan"
"lumi107063962","Hong Kong"
"lumibb_","United States"
"lumiheree","Viet Nam"
"luminaai80881","United States"
"luminabench","United Kingdom"
"luminoushane","Philippines"
"lumpippy","Japan"
"lumuyuanmadoka2","Hong Kong"
"lun060530","Hong Kong"
"lunaaalunaluna","Malaysia"
"lunaai519","United States"
"lunaalmond55","United States"
"lunaaqibtc","Hong Kong"
"lunaco14pin","Japan"
"lunaduckling67","United States"
"lunahcbg","United States"
"lunalau8","Japan"
"lunalunadic","Japan"
"lunaredjada","United States"
"lunarivegjs18m","Brazil"
"lunarning","South America"
"lunarose_game","United States"
"lunavowel63","United States"
"lunchboxnikin0","Philippines"
"lunchmeatmumfrd","United States"
"lune_255","Japan"
"lunedupain","Brazil"
"lunhta","Viet Nam"
"lunnarland","Brazil"
"luo198412","United States"
"luo_zi97366","Taiwan"
"luobin666888","China"
"luofuhua711","East Asia"
"luoheng2333","Japan"
"luohua54321","Japan"
"luokemin94871","Hong Kong"
"luoleiorg","United States"
"luoli2050","Taiwan"
"luoling8192","Hong Kong"
"luooutlook","France"
"luoshaoshao1","United States"
"luoshuyao","United States"
"luowu2880","United States"
"luoxiang_pmtq","Europe"
"luoxiangf","Europe"
"luoxiaoshan_ai","United States"
"luoyanan1994","Japan"
"lupe1msagqhggw9","China"
"luqchannel","East Asia"
"lurenbian","Hong Kong"
"lurk10m","East Asia"
"lurlenelaborin","United States"
"lusieinthesky","Southeast Asia"
"luskycs","Europe"
"lutionzhou","East Asia"
"luuuuiizzzz","Brazil"
"luv4thesupreme","United States"
"luv__il_72","East Asia"
"luv_shiteruze","Japan"
"luv_tto_","Japan"
"luvd6myd","Korea"
"luvfootballgirl","United States"
"luvforsaheon","Korea"
"luviejakeyy","Brazil"
"luvluvandpeace","Japan"
"luvlyevar0c9","United States"
"luvo0u","Japan"
"luvs1on","Korea"
"luvtxtmoa2727","Korea"
"luvvyjeno","Indonesia"
"luvxxxx____","Japan"
"luxking00","Southeast Asia"
"luxteataiwan","Taiwan"
"luyanfcp","United States"
"luyao2089","Japan"
"luyao_100fo","Hong Kong"
"luyao_trader","Hong Kong"
"luyileo","Japan"
"luyuton","Japan"
"luz_cespedes02","Paraguay"
"luzdy00","Colombia"
"lv78024496","Japan"
"lv___ra10","Japan"
"lv_na___","Japan"
"lvhmhr0609","Japan"
"lvhxrbl3sul7xjk","Japan"
"lvjin1993","Hong Kong"
"lvqplxv256","United States"
"lvsahs","Malaysia"
"lvtgw666","Taiwan"
"lvttel","Indonesia"
"lvy521","China"
"lw02cgjansir1qf","Japan"
"lwcslllll","Singapore"
"lweresswe","Brazil"
"lwith3cats","Japan"
"lwlastforever","Hong Kong"
"lwn7891","Singapore"
"lwrdhyyuxr22499","Hong Kong"
"lwtskzbloo","Brazil"
"lwuilliez","United Kingdom"
"lwwh57","Japan"
"lwwtj8unbmsnoyj","Japan"
"lxc351281","China"
"lxc_x_","United States"
"lxf19988","Hong Kong"
"lxfater","Japan"
"lxfeng999","Singapore"
"lxing20665290","China"
"lxinzhng5","Taiwan"
"lxj0309","China"
"lxj1234512722","China"
"lxp720803","United States"
"lxtx520","Hong Kong"
"lxx_lh","Netherlands"
"lxxy_767","East Asia"
"ly8688","Hong Kong"
"ly8hszb8iu1sivk","Japan"
"ly_jkeey","Japan"
"lyc25303350","Spain"
"lyceumnow","United States"
"lyciakamivt","United States"
"lycorishc","Canada"
"lyfordtora59988","Thailand"
"lyingoverduckww","United States"
"lyip2025","China"
"lykrinsun","Hong Kong"
"lyng979018","China"
"lynk0x","Africa"
"lynn1zl","East Asia"
"lynne9k","United States"
"lynntam231148","Japan"
"lyomcanal","Brazil"
"lyra_nox_","Japan"
"lysander0900","East Asia"
"lysawz","Japan"
"lysjingge","Canada"
"lyub5fads388123","United States"
"lyv4n_","Hong Kong"
"lyzdenda","United States"
"lz__233","Hong Kong"
"lzb_jessica","China"
"lzi1150853","Singapore"
"lzngz6","Germany"
"lzstudio1","Hong Kong"
"lzvvox1hha41898","Japan"
"lzywork","Southeast Asia"
"lzyy8re","Japan"
"m0526_1024","Japan"
"m0830m2","Japan"
"m0_72pi_","Japan"
"m0d8ye","United States"
"m0m087_vab_f","Japan"
"m0naki_luv","East Asia"
"m0wakpixhykfdlj","Japan"
"m10_f3373","Japan"
"m19858306singh","India"
"m1_llow","Japan"
"m1koo_hobby","Japan"
"m1llieswifey","United States"
"m1n3_6","Hong Kong"
"m1sl_","Korea"
"m1uchanx","Japan"
"m3nbrekaresh1","Korea"
"m4nya__","Korea"
"m4yl6cxbvf47656","Korea"
"m51720","Hong Kong"
"m5407323568773","United States"
"m677ya","Japan"
"m74739738","Japan"
"m9mspsthxtskuke","Hong Kong"
"m9ufy4v5wzibdt0","United Kingdom"
"m_02kaede","Japan"
"m_beeeen","Africa"
"m_bnb632","Philippines"
"m_daijo","Japan"
"m_f5_n","Japan"
"m_game1215","Japan"
"m_imb_","Japan"
"m_knoxy","United Kingdom"
"m_nmnmmn","East Asia"
"m_r_m_r_o0","Japan"
"m_s_6___","Taiwan"
"m_s_fortis000","Japan"
"m_u_mu_mu_mu","Korea"
"m_wo8y","Hong Kong"
"ma_1ch","Japan"
"ma__cha12","Japan"
"ma_aaa88","Japan"
"ma_ce73750","China"
"ma_fender2","Japan"
"ma_kawaii_ron","Korea"
"ma_kkepyai","Japan"
"ma_nagoyadome","Japan"
"ma_yu152","Japan"
"ma_zhenyuan","Singapore"
"maaamimumemo111","Japan"
"maaasaki_","Japan"
"maabo007","Japan"
"maagulf","United Arab Emirates"
"maam5555555","Japan"
"maamicro","Europe"
"maarliexs","Indonesia"
"maaru_mofumofu","Japan"
"maata_pc","Japan"
"mabaoguo369","United States"
"mablejiang","Japan"
"mableta2","Cameroon"
"mabutsla","Japan"
"mac_hamm_kd","United States"
"mac_mma_","Japan"
"macarox_d","Japan"
"macaumk2","Hong Kong"
"maccdaddygrace_","United States"
"maccho_shufu","Japan"
"macha_daichi","Japan"
"machan_tv","Japan"
"machani_skz","Japan"
"machellesan57r","United States"
"machi111mi","Japan"
"machim822","Hong Kong"
"machinakadonkan","Japan"
"machinedesign","United States"
"machuuuukai","Japan"
"maciestaggi5","United States"
"mackpeterm88538","East Asia"
"maco0511585064","Japan"
"maconhacommel","Brazil"
"macopop6969","Japan"
"macotoilet_kt","Japan"
"macrobombastic","Europe"
"macromargin","Japan"
"macromate8","Southeast Asia"
"macroning91624","Hong Kong"
"macroradarai","Turkey"
"macross_night","Japan"
"macrotradecn","China"
"macroyuvo","Malaysia"
"macyn6917","United States"
"mad0mars","Japan"
"mada_alfawzan","Saudi Arabia"
"madamcactu","Mexico"
"madapescall","North America"
"madarakacak","Malaysia"
"madarame_nzm","Japan"
"madawei2699","Korea"
"maddb3457","United States"
"maddere7","Hong Kong"
"maddoxkhtvw","United States"
"maddze_","Indonesia"
"madeiralarissa","Malaysia"
"madelyn718524","Nigeria"
"madibaway","Nigeria"
"madiemehta","Australia"
"madisonsinx9di","United States"
"madixmoonz","United States"
"madkiqofficial","Kenya"
"madmax99993","East Asia"
"madoka000819","Taiwan"
"madoka_magica","Japan"
"madore_nu46","Japan"
"madoromi_titan","Japan"
"madowoshimen","Japan"
"madscamander","Brazil"
"madsneckteam","United States"
"madugtgaj","Japan"
"mae202558358","China"
"maedaayun","Korea"
"maedarikuonly1","Singapore"
"maekeunsagha","Korea"
"maeriege","Philippines"
"maerosieselle","Philippines"
"mafaldalula26","Brazil"
"mafang71","United States"
"magamimback","Korea"
"magasknew","United States"
"magasoman","Africa"
"magdabloom","Japan"
"maggyonn","Japan"
"maghriz_uma","United States"
"magical_fushigi","Japan"
"magical_lumi","Japan"
"magicboyl","Hong Kong"
"magicdemagician","Africa"
"magiceden","United States"
"magician7e","United States"
"magicianshowha","Japan"
"magicpower21m","North America"
"magict_tan","Hong Kong"
"magicxqq","Japan"
"magnata_18","Brazil"
"magnetometer_mr","Hong Kong"
"magnum_boost_","Japan"
"magoichisaiga","Japan"
"magreentipster","Brazil"
"magucho81","United States"
"maguro_drug","Japan"
"maguroaskk","Japan"
"maha6max","Peru"
"mahalimajhoy","Philippines"
"mahatma_gaurav","United States"
"mahdihas","Europe"
"mahesh_lambe","United States"
"mahiru_613","Japan"
"mahmoud17590172","Egypt"
"mahoubin_bin_ap","Japan"
"mahrufodunare","Nigeria"
"mahwelaren19187","United States"
"mai_asma5055","United States"
"mai_ethsol","West Asia"
"maibingbugai","Canada"
"maidaisukin","Japan"
"maide89699220","East Asia"
"maidohachi","Japan"
"maiendq","Korea"
"maih1215","Japan"
"maik2hello","Singapore"
"maik_strobel","United States"
"maikana","Japan"
"maikidrum","Japan"
"maikon1127","Japan"
"mailklau","Japan"
"maimai04010808","Japan"
"maimel_ty","Japan"
"maincasez","United States"
"mainstayz","Japan"
"mairiyan0801","Japan"
"mais418","Japan"
"maisama_kami","Japan"
"maishatiki","Kenya"
"maisonlongan","United States"
"maitian99","North America"
"maitos73","Japan"
"majiajia777","North America"
"majianlin2","China"
"majimeiranai","Japan"
"majuismail1122","United States"
"mak_615","Japan"
"mak__ron","Japan"
"makai1201","East Asia"
"makana_lielie","Japan"
"makaron80611237","Japan"
"makaroro132465","Japan"
"maker_jackie","Singapore"
"maki16329305","Japan"
"maki4946","Japan"
"makichi0711","United States"
"makinokanae","Hong Kong"
"makiyantann_","Indonesia"
"makkana1go","Japan"
"makkygym","Japan"
"mako32512","Japan"
"mako8978","Japan"
"mako919168","Japan"
"makojr0811","Japan"
"makoo111","Japan"
"maksara49","Korea"
"maksry77","Japan"
"makuharifusan","Japan"
"makuranekoashi","Japan"
"makytitsrabbit","Japan"
"makyuuu","Japan"
"malaikajameel","United Kingdom"
"malaisec","Azerbaijan"
"malamaodan309","Japan"
"malambobo01","Nigeria"
"malawangzi66","Japan"
"maldomundoo","Brazil"
"maleefcha","United States"
"malenayano0zl","Viet Nam"
"malesub_n1","Korea"
"malevolgi4","Spain"
"maliceomens","Brazil"
"maliefrr14","Indonesia"
"malistellar","Brazil"
"malkovaluxee","South Asia"
"malloweth","Japan"
"malorinochoa","United Kingdom"
"malu_0327","East Asia"
"malume_efb","South Africa"
"malvolonta","United States"
"maly_nft","Hong Kong"
"mam042663422786","Hong Kong"
"mamarin00","Japan"
"mamat7vu","East Asia"
"mamecosetuyaku","Japan"
"mamejuro510","Japan"
"mamelong_ss","Japan"
"mamertola30435","Colombia"
"mamonja18","Philippines"
"mamoriryusenkur","Japan"
"manago_jinke","Japan"
"manasranjan229","South Asia"
"manavlalwa28512","United States"
"mandacamurca","Brazil"
"mandarine0w0","Korea"
"manddeddiddi","Indonesia"
"mandelusheewaza","East Asia"
"mandiwaldocqr","Germany"
"mandstu25","Brazil"
"mandumadwoman","Korea"
"manemaru777","Japan"
"manga_nimation","Japan"
"mango_3_w","Japan"
"mangolifes","United States"
"mangong0710","Korea"
"manguan235","Hong Kong"
"mangulcho","East Asia"
"manhvuong68","Viet Nam"
"manicmessianic1","United States"
"manifestherglow","Africa"
"manishankar321","India"
"manjusaka_lee","Hong Kong"
"manm01read","Korea"
"manmaruhouse0","Japan"
"manmaruuu_00","Japan"
"manmfr0wpjxwg2m","Japan"
"mannallein","Brazil"
"manny_savage16","Nigeria"
"manojsahoohindi","India"
"manolo_peru","Spain"
"manorgw","Japan"
"manpuku02180111","Japan"
"mansouromari","Sweden"
"mansuke06","Japan"
"mansuryavas06","Turkey"
"manuelbenitez5","Brazil"
"manueldavix","India"
"manupi_assu1","France"
"manutd","United Kingdom"
"manyatan15","Japan"
"manzoor01162219","Pakistan"
"mao2011032","Germany"
"mao_fortune","Japan"
"maobidao","Japan"
"maodali0306","Southeast Asia"
"maodeshu7","North America"
"maoge22","East Asia"
"maohurr","Singapore"
"maojsxb","Japan"
"maolixiao5","Hong Kong"
"maomin1145","Taiwan"
"maoshen","United States"
"maostarx","Hong Kong"
"maoviews","Hong Kong"
"maozhong123","Japan"
"mapagpalaiya","Philippines"
"mapcareerchange","Japan"
"mapemaofweb3","Nigeria"
"maplecchi_","Brazil"
"maputlamawela","South Africa"
"maqsoodahmed613","Pakistan"
"mar_azul_strat","Japan"
"mar_moita","Europe"
"maracakehotsale","Hong Kong"
"marbzin","Brazil"
"marceden4","United Kingdom"
"marcelaercia","Argentina"
"marcellosemog","Brazil"
"marcelo_casted","Honduras"
"marceloirmaodo","Brazil"
"marceloxavierps","Paraguay"
"marche_rsrs","Japan"
"marchen_cc","United States"
"marciawhit25599","United States"
"marcjr01","Viet Nam"
"marco_1990","North America"
"marco_villarin","Mexico"
"marcocanellas","Brazil"
"marcochongso","Hong Kong"
"marcosaureliorj","United States"
"marcosg33326973","Brazil"
"marcuscai88","United States"
"marcuscc168","Canada"
"marcusf21537643","United States"
"marcuslurl","United States"
"maregreeen_4","Japan"
"marekcyferki","Poland"
"maresudheer","United States"
"marf2883","Viet Nam"
"margaretad6ay","United States"
"margaretnetqd1","Turkey"
"margh53665003","United States"
"margie535444","Turkey"
"margurite0309","Korea"
"mari08121003","Japan"
"mari_crimson","Japan"
"mari_jtcol","Japan"
"mari_jurema","Brazil"
"maria_rcks","Chile"
"mariabanglow","Algeria"
"mariac4b8","East Asia"
"mariacelia345","Brazil"
"marialuana0610","Brazil"
"mariannellpokx","United Arab Emirates"
"mariateresalop","Paraguay"
"marierobinuktb","Turkey"
"marieroger1isq","Turkey"
"mariewatsoflfv","Turkey"
"mariiabolha","Brazil"
"marika_night","Japan"
"marikaaskontou","Germany"
"marimari_lovem","Japan"
"marimo_once","Japan"
"marimustang","Brazil"
"marin04267106","Japan"
"marinaan345","Japan"
"marinar48328","United States"
"marineocean555","Japan"
"mariner0306","Korea"
"marinethybnvzz","United Kingdom"
"marinhocarlos4","Brazil"
"marinmoatz","France"
"marinrin369","Japan"
"mario6246383787","Canada"
"mario7300801","Mexico"
"mariobonavolon2","Italy"
"marionawfal","North America"
"mariregina55109","Singapore"
"marisa3q","Japan"
"mark67358226","Japan"
"mark_19812019","Brazil"
"mark_bayes","Germany"
"mark_furry_kr","Korea"
"mark_space_room","Japan"
"mark_the_2nd","United States"
"markamararu","Nigeria"
"markelflol","Taiwan"
"market","United States"
"market_cgyukk","Japan"
"marketcapguy","North America"
"marketing0821","Japan"
"markets","United States"
"marketwatch","United States"
"markjoh47401476","Kenya"
"marklosmiths5","United States"
"markma671788","Japan"
"markofprescript","Viet Nam"
"markshusheng","China"
"markstech__","Japan"
"marksucai8","Taiwan"
"marktowin8","Taiwan"
"markwang1234","Taiwan"
"markwhiteptco","Turkey"
"markwinslow17","United States"
"markymark141011","United States"
"marokkaansex_","Kenya"
"maronhan","Japan"
"marqueszoli","Brazil"
"marrcuslopesgo","Brazil"
"marrooenn","Indonesia"
"marrszwbctki0j","United States"
"marry1oue","China"
"marry___rose","Japan"
"mars20210212","Hong Kong"
"mars_bnb","Hong Kong"
"marscoinhistory","United Kingdom"
"marsdao_","Taiwan"
"marshallhelen73","Singapore"
"marshmallo_m423","Japan"
"marshmallow_01x","Japan"
"marsmamas","Korea"
"marsmrbu","Southeast Asia"
"martamarco__","Spain"
"martha674695676","United States"
"marthag82721461","United States"
"martiimf","Spain"
"martin23_sen","Japan"
"martin58964","United States"
"martin7oan","East Asia"
"martin_kuai","Singapore"
"martinholistica","Brazil"
"martinizas","Brazil"
"martinjbest1","United Kingdom"
"martinjenn49082","Japan"
"martinrv135915","Hong Kong"
"martinsmeilha","Brazil"
"martyn_zu","North America"
"maru1hoshikam0","Japan"
"maru_chan_26","Japan"
"maru_yude2","Japan"
"maruchon6","Japan"
"maruhidepipe","Japan"
"maruinnabe","Hong Kong"
"marukido_kigi","Japan"
"maruko325677821","Japan"
"maruko_pokemon8","Japan"
"marumarujp77","Japan"
"marumasukomeya","Japan"
"maruon22","Japan"
"maruruyokoko","Japan"
"maruyamatakasea","Japan"
"marvel","United States"
"marvin_lule68","Canada"
"marxdeverdade","Brazil"
"mary1585dva","Singapore"
"mary50840570","China"
"mary_baodan","United States"
"mary_pjm","Brazil"
"mary_ramirezrd","Dominican Republic"
"maryellenpenok","Brazil"
"maryieem6","West Asia"
"marylynatwvkkn","United States"
"marywalker65189","Taiwan"
"mas__yamazaki","Japan"
"mas_isi","Japan"
"masa1209chichan","Japan"
"masa_200109","Japan"
"masa_aiillust","Japan"
"masa_sama_no","Japan"
"masahi_gaming","Japan"
"masaki_tuzhi","Japan"
"masamasashi1121","Japan"
"masami_kaiser","Japan"
"masamikumiko3","Japan"
"masanoatsuko","Japan"
"masaru20260220","Japan"
"masaruyuu","Japan"
"masatoshi358358","Japan"
"masayasan201911","Japan"
"masefieldz31039","United States"
"mashiro_msz","Japan"
"mashiro_real17","Japan"
"mashuko_55","Japan"
"masika_039","Kenya"
"masionww","East Asia"
"mason0x_","Japan"
"mason2026ai","Taiwan"
"mason88886666","Singapore"
"mason_knows","Kenya"
"masondixon402","Japan"
"masonfang1","Japan"
"masouken","Japan"
"masqueradejoker","United States"
"masquermix","Canada"
"massang708","Honduras"
"massarfamilies","France"
"massimomagee","United Kingdom"
"massiwak125895","Japan"
"master11959","Japan"
"masterair167","Japan"
"masterdevild2","Japan"
"masterwingcun","Southeast Asia"
"mat78704","Ireland"
"mat_m_a_t","Japan"
"matan_ki","Japan"
"matayumi2004","Japan"
"match722","Japan"
"matcha_080320","East Asia"
"matcha_neko1220","North America"
"matcha_tsukushi","East Asia"
"matchasogeum","Korea"
"mate_mattt","United States"
"mateosruben","Spain"
"materiale_","Japan"
"mateus_game_28","Japan"
"matheuseliasusp","Brazil"
"mathildamctipo","United States"
"matianliang233","East Asia"
"matimatit","Japan"
"matomarens","Japan"
"matrixcorex","Netherlands"
"matrixelemroot","United States"
"matrixoxo0","Australia"
"matsuhaji","Japan"
"matsuhi0125","Japan"
"matsuimfg","Japan"
"matsukaze_0414","Japan"
"matsuken_best","Japan"
"matsuri_ya55","Japan"
"matt_feroz","United States"
"matt_pin","United States"
"mattblanc","Germany"
"mattbrevis","Japan"
"matteobarb21046","United Kingdom"
"matthewabides","Germany"
"matthewacherry","United States"
"matthieukaram","Lebanon"
"mattixbt","Netherlands"
"mattmastro_","United States"
"mattun_evo","Japan"
"mattwalshblog","United States"
"mattyicebr8ker","France"
"mattylight23","United States"
"matukaze8626665","Japan"
"maulidyhps","Indonesia"
"maunteor","Japan"
"maupeon","Spain"
"mauricioairolde","Brazil"
"mauricioiraja","Brazil"
"mauricioleite89","Brazil"
"maurinrowel","Japan"
"mavericpiyush","India"
"mavicrfx","Brazil"
"mavis100art","Japan"
"mavisau210394","Hong Kong"
"mavishuggiag9a","Kuwait"
"max8868116794","Taiwan"
"max94u88","United States"
"maxent_fr","France"
"maxforai","Japan"
"maximathieu1982","Hong Kong"
"maximumrisa","Japan"
"maximus_w3","Belarus"
"maxjjiang","United States"
"maxmarx2","Japan"
"maxmax909090","Japan"
"maxmoneymakers","Germany"
"maxoni012","Serbia"
"maxpenpeng","Hong Kong"
"maxtz255_","United Kingdom"
"maxwellkamso","United States"
"maxwellmax50868","United States"
"maxwellnormzaz","Canada"
"maxxjester","United States"
"may0645_shelly","Japan"
"may55544023","Japan"
"may59513","China"
"maya_kintore","Japan"
"mayarjin","Malaysia"
"maybe351013","United States"
"maybelove1127","Korea"
"mayday961010","China"
"maydayodayo","Japan"
"mayemusk","United States"
"mayilong0","United States"
"maymetwellrb","Germany"
"mayolakrast6w","France"
"mayorj65337","Nigeria"
"mayorofla","United States"
"maysara514644","West Asia"
"mayu_77_9","Japan"
"mayuka_1113love","Japan"
"mayuka_code","Japan"
"mayun2426","East Asia"
"mayunmayun1","United States"
"mayura____ai","Japan"
"mayusno728","Japan"
"mayxhen","Malaysia"
"mayyor_","Nigeria"
"mazack296049","China"
"mazechi_amp","Japan"
"mazestar5","Hong Kong"
"mazhayeyourou11","China"
"maziedietrpwp","United States"
"maziyarpanahi","France"
"mazizumohirata","Japan"
"mb2gmg","Japan"
"mb_energieinfo","Germany"
"mb_luce","Japan"
"mb_shahid8","Pakistan"
"mbappe10fan","Ghana"
"mbi95426262","China"
"mboksr_","United States"
"mbp_fujioyama","Japan"
"mbrbr19","Hong Kong"
"mbs_hodo","Japan"
"mbs_news","Japan"
"mc_luk79","East Asia"
"mc_qyl","Japan"
"mcain1954","United States"
"mccain889","Hong Kong"
"mccammackdave","Bangladesh"
"mccopperx","Germany"
"mcfly2140","United States"
"mcfosztaowxpcg","United States"
"mcmanx","United States"
"mcmoya_z","Japan"
"mcqatt","United States"
"mcrrwyygpknfaxh","Japan"
"mcudirector","East Asia"
"mcyoungking8","Africa"
"mcz966","Romania"
"md5pk","Japan"
"mdc_tokyo_pr","Japan"
"mdezhizhang624","Taiwan"
"mdfcwykgn4ckuws","Japan"
"mdididi678","Japan"
"mdm420xx","Taiwan"
"mdora__","Japan"
"mdpiwevj","Germany"
"mdrdik","Japan"
"mdtarik1390649","Bangladesh"
"mdu_yuraa","East Asia"
"mdudaisuki","Korea"
"mdzahidhasanpa5","Bangladesh"
"mdzzi","Taiwan"
"me17_x","Japan"
"me20251016","Japan"
"me_rock369","Japan"
"mea_525","East Asia"
"meadgod","North America"
"meadowhoof","East Asia"
"meam_sns","Japan"
"meathill1","Japan"
"mechanicvids","India"
"mecicu","Indonesia"
"medcom_group","Japan"
"medesculpaviu","Brazil"
"medi_wave","Japan"
"medical_invest_","Japan"
"medua123","Viet Nam"
"meemicro","Poland"
"meeraschene","Hong Kong"
"meesdrees","Netherlands"
"meetingspaceap","Japan"
"meg_meg0921","Japan"
"mega_meganesan","East Asia"
"megachikubi","Japan"
"megadonzinare","Nigeria"
"megamaxofficial","Japan"
"meganagi558","Japan"
"megandombeck","United States"
"meganezarujcc","Japan"
"meganmos","Brazil"
"megroom22","Japan"
"megstalter","United States"
"meguminsama2009","East Asia"
"megurosumi","United States"
"megustasculo","Brazil"
"megusuri_iru","Japan"
"mehulmpt","United Arab Emirates"
"mehvedb","Taiwan"
"mei_09_01","Japan"
"mei_fortnite_","Japan"
"mei_hong59285","China"
"mei_hualuo","Turkey"
"mei_ming32936","United States"
"mei_situation","Japan"
"meibeile","United States"
"meichannu","Japan"
"meichin333333","Hong Kong"
"meigukai","Hong Kong"
"meiguo7799","United States"
"meihaodefengjin","Hong Kong"
"meihokuword","Japan"
"meike93475771","China"
"meiko__yy","Japan"
"meikozz_2026","Hong Kong"
"meilipujiang","China"
"meilishanxi","China"
"meilixinhua","China"
"meimei1935","United States"
"meimei631","United States"
"meimeibtcc","Hong Kong"
"meinthesea45008","China"
"meiopetal","Brazil"
"meirono_miyage","Japan"
"meissner_corp","Japan"
"meitanteasea","East Asia"
"meituanwaimaii","Hong Kong"
"meity_s2","Japan"
"meixixibtc","Canada"
"meiyetianc42280","Japan"
"mej50749","Southeast Asia"
"mejiaesteb","Colombia"
"mekanobutan2024","Japan"
"mekotora567","Japan"
"melaniemeiwang","United States"
"melendez0914","United Arab Emirates"
"melissa990323","China"
"melissasmiyxui","Turkey"
"melmanzone","Singapore"
"melofourown","Turkey"
"melommine","United States"
"melonmochii","United States"
"melplouffe","India"
"melt1ngsn0w","Korea"
"melt_nemui","Japan"
"melt_out1","Korea"
"melts2_","Japan"
"meme2p00","United States"
"memedev001","Taiwan"
"memedis13","Japan"
"memeeeeee009","Hong Kong"
"memegoai","Japan"
"mementomoriwwx","Japan"
"memeradar_x","Hong Kong"
"memeretire","Canada"
"memesofcars","United States"
"memetalesstory","India"
"memeticmonk_","East Asia"
"memeupmoon","Singapore"
"memeversgz","North America"
"memil_26","Korea"
"memory_inc","Japan"
"menchibarriocan","Paraguay"
"mendako_t","East Asia"
"mendesluk09","Japan"
"meng_060109","Hong Kong"
"meng_ke10197","United States"
"menggucaoyuanjp","Japan"
"menghuanlangqi2","United States"
"mengkunghsieh","Taiwan"
"menglayer","East Asia"
"mengmengeth","Hong Kong"
"mengotomars","United States"
"mengxiaoshe","Singapore"
"mengxin66666","East Asia"
"mengyin05139162","China"
"mengyinbeiyong","Taiwan"
"menhitooo24","Japan"
"meniac_jp","Japan"
"meninagols","Brazil"
"menma_utau","Japan"
"menor_rebelde75","Brazil"
"menschohnemusil","Germany"
"mensmaterials","Japan"
"mental401wayaya","Japan"
"mentaloutcrypto","Hong Kong"
"mentorwong","Hong Kong"
"meoanalytics","Japan"
"meongji_dust","Korea"
"meowsect","United States"
"meowss4uu","Australia"
"meowwealthy","United States"
"meowwwwwwmy","Hong Kong"
"meozbckdgw77136","Japan"
"mepminamiaoyama","Japan"
"merari_jafet","Mexico"
"merbleu_umi","Japan"
"mercedezb46143","United States"
"merck","United States"
"mercurialhost","Europe"
"mercuriousva","Sweden"
"mercury","United States"
"mercury86456701","Hong Kong"
"mercy_alt","Poland"
"mercymasai3","Kenya"
"merdea_19","Japan"
"meredithwi21336","Japan"
"merhelpdesk","Singapore"
"meri_234jkfdr4","Uruguay"
"meriyi","Japan"
"merlenemcm77m","Canada"
"merlin_haha","Korea"
"merlinlacoy","Italy"
"merochu_otk","Japan"
"meron_meroo","Korea"
"merotossy","Japan"
"merrimood","Korea"
"merumotto181333","Japan"
"mervebozkuvd3g","Turkey"
"mervekayad17p","Turkey"
"mervekorkmv6fk","Turkey"
"merveturan2jhz","United States"
"meryemsahi19598","Turkey"
"meshackcode","Kenya"
"meshkif1","United States"
"meshkirp","Brazil"
"mesmerizedbyfjp","Philippines"
"messiahlkm","Singapore"
"messitouchline","Africa"
"mesumuffin","Japan"
"mesz_cin","India"
"meta8mate","Australia"
"meta_eth168","Japan"
"meta_pikka","Japan"
"meta_tsundere","Philippines"
"meta_web3_x","East Asia"
"metabloxx","Australasia"
"metabo2727","United States"
"metados","Viet Nam"
"metaeracn","Hong Kong"
"metagame_nnj","Japan"
"metahunter168","Hong Kong"
"metaio102","Japan"
"metamask","United States"
"metamon_poke","Japan"
"metamorphsi","Southeast Asia"
"metanwotaose","East Asia"
"metaphysicshale","Taiwan"
"metapraxe","Brazil"
"metaversejr","West Asia"
"metaverzuz","United States"
"metavry","Nigeria"
"metrolaalerts","United States"
"metrolosangeles","United States"
"metsmeiji","Japan"
"meuselbrady","United States"
"mew_web3","Southeast Asia"
"mewife3","Indonesia"
"mewtheria","Japan"
"mexbots","Hong Kong"
"mexc","Canada"
"mexczh","Taiwan"
"meyben9","Bangladesh"
"mezaki_tekko","Japan"
"mfagam6","Africa"
"mfanyu17","Singapore"
"mfiles_eri","Japan"
"mfishbein","United States"
"mfjjrkive","Brazil"
"mfnk_s","Japan"
"mfriasoficial","Brazil"
"mfselfoll","Indonesia"
"mfwciue9yc83367","Japan"
"mgeh2bn1czmal79","Japan"
"mgkaizy","Japan"
"mgltigger1","Japan"
"mgm_1128","Japan"
"mgmegaaa","Indonesia"
"mgmrewards","United States"
"mgmrw_29","Japan"
"mgpmxj","Japan"
"mgranmiguel","Spain"
"mgzjc0iph93254","Japan"
"mh29733353","Japan"
"mh34502047","Japan"
"mh700257","Japan"
"mh8ma8mp8mp8my8","Japan"
"mhariegojar","Hong Kong"
"mhelena1313","Brazil"
"mhhcnikkib77567","China"
"mhosseny","Mexico"
"mhp____u","Japan"
"mhtawr46","Japan"
"mi0b1ue","Japan"
"mi20040924","Japan"
"mi24cc_","Japan"
"mi4shi8","Japan"
"mi7910341724951","Japan"
"mi88860","East Asia"
"mi_1x33","Japan"
"mi_39mochi","East Asia"
"mi___71014","Japan"
"mi__lk_","Japan"
"mi_ailes_f25","Japan"
"mi_aocoo","Japan"
"mi_fits","Japan"
"mi_lemoned_suke","Japan"
"mi_r9a","North America"
"mi_sa_110","Japan"
"mi_yjyj","Japan"
"mia03ther","North America"
"mia17370","China"
"mia2_gogo55","Japan"
"mia_linh01","Viet Nam"
"miaai_lab","West Asia"
"miafetner","United States"
"miahuang15","Canada"
"mialalala2","Hong Kong"
"miamartinvbz67b","Brazil"
"miamiviceeeee","United States"
"miamjfxh","United States"
"mian_ju90717","United States"
"mianqing298464","Hong Kong"
"miaohype","Japan"
"miaoji123","United States"
"miaoqingwan2","China"
"miaoshu321","East Asia"
"miaowuqvq","Canada"
"miaoxinsheng","Hong Kong"
"miarianmoreno","Dominican Republic"
"miasereiapa","Brazil"
"miasolf","Caribbean"
"miata132","Japan"
"michael06944013","Singapore"
"michael18081458","Singapore"
"michael47313603","United States"
"michael51y","Japan"
"michael54906572","Hong Kong"
"michael_sky21","Japan"
"michaeland62144","United States"
"michaelbro98167","China"
"michaelchiu777","Singapore"
"michaeldell","United States"
"michaelgtcowan","Singapore"
"michaelhxhx","Singapore"
"michaeliad24381","United States"
"michaelinweb3","East Asia"
"michaellee323","Hong Kong"
"michaelostergr5","United States"
"michaelwaitze","Thailand"
"michaelwuamber","Singapore"
"michaleloatqn","United Kingdom"
"michan4","Japan"
"michch_mi","United States"
"michele14thomas","United States"
"michell01006836","South Africa"
"michell49473040","Hong Kong"
"michelle_z21331","United States"
"michelleschifr1","United States"
"michellhoyke","Germany"
"michellsxv","Brazil"
"michiko0505r","Japan"
"michiko93","India"
"michiko_romans5","Japan"
"michiyochannel","Japan"
"micktips365","Malaysia"
"miclaccho","Japan"
"micm1ckey_th","Japan"
"microcosmmoney","Canada"
"microherox","East Asia"
"micromania_fr","France"
"microraptorrrr","Taiwan"
"mictata7","Brazil"
"midailoo8","Japan"
"midgenasia","Japan"
"midget9mark","Hong Kong"
"midnighteye_kaz","Japan"
"midnightsundusk","Netherlands"
"mido575757","Japan"
"miduki199","Japan"
"midwesthubtv2","United States"
"mie200572","Japan"
"mieko_skrmn","Japan"
"miel_cinnamon","Japan"
"mielmusical","Korea"
"mierinweb3","Hong Kong"
"miexie1011","Japan"
"miggychan","Japan"
"mighty1249468","Japan"
"migosung","Taiwan"
"migue_urquizu","Mexico"
"miguel26294","Viet Nam"
"miguelhitc1fzg","Brazil"
"miguelrodr25445","Europe"
"mihables","Brazil"
"mihkorhk","Thailand"
"miho_nogi","Japan"
"mihooblooms","United States"
"mihos5296241195","Japan"
"mihoudai","Japan"
"mihowithnike","Japan"
"mihu5567741","China"
"mii_p_kanon6","Japan"
"miii_360","Japan"
"miiiho420","East Asia"
"miimamu_m_m","Japan"
"miinaf317","Japan"
"miip_598","Japan"
"mik000an","Japan"
"mika19810705","Japan"
"mikakojoho","Japan"
"mikamikan_ctq","Japan"
"mikan0311","Japan"
"mikann723","Japan"
"mikanrico","Singapore"
"mikant_torihiki","Japan"
"mikasagrada","Brazil"
"mikasauxu","Japan"
"mikawen1999","Hong Kong"
"mikcfaist","Brazil"
"mike06639658","Canada"
"mike_banana","Taiwan"
"mike_jason75191","Singapore"
"mike_pence","United States"
"mikeebaaan","United States"
"mikeiv7r","United States"
"mikelecheve","Europe"
"mikelink1","Canada"
"mikellow05","United States"
"mikelsontheodor","United States"
"mikemarketpro","United States"
"mikemike32123","Japan"
"miken892","Korea"
"mikepompeo","United States"
"mikey00312","Hong Kong"
"mikeyinxin","Japan"
"miki__hana","Japan"
"miki_film_music","Japan"
"mikichan5618","United States"
"mikinnelike","United States"
"mikiolivares","Germany"
"mikiquruli","Japan"
"mikitiyan_811","Japan"
"mikito_777","Japan"
"mikiya18303893","United States"
"mikke_illust","Japan"
"miko_saniwa","Japan"
"mikocrypto11","Singapore"
"mikoikoooo","East Asia"
"mikropkjm","Brazil"
"miktexas","United States"
"miku815kn","Japan"
"miku__2233","Hong Kong"
"mikuta_ai_pro","Japan"
"mikuto1228","Japan"
"mil_boi","United States"
"mil_crysta","Japan"
"mila_quebec","Canada"
"milanisti_joe","Indonesia"
"milcoyun130830","China"
"mildredtouoqn4","Argentina"
"milenecarvalhod","Viet Nam"
"miles_mazy","Singapore"
"milesjnixon","Singapore"
"mileson07","United States"
"milesquanbibf","United States"
"milestone_ms","Japan"
"milh_tr","Japan"
"milight_77","Korea"
"milin_192","East Asia"
"milk17_mado","Japan"
"milk25t","Taiwan"
"milkatsuuuuu","Japan"
"milkjzx100","Japan"
"milkmuffin_","Japan"
"milkomeda112","East Asia"
"milkroaddaily","United States"
"milkrrrrrrr","Japan"
"milkterpococha","Japan"
"milky_hyde_chan","Japan"
"milkyliliy","Japan"
"millarbmiranda","United States"
"milly_rock7","United States"
"millygoats","United States"
"milokuahkeju","Indonesia"
"miloneoliveira","Brazil"
"miloofbtc","Hong Kong"
"miloxmark1","Taiwan"
"miltpereira","Brazil"
"mimamori_icoco","Japan"
"mimi6874","Japan"
"mimian8866","Japan"
"mimiaomc","Southeast Asia"
"mimicat3303","Hong Kong"
"mimico_5193","Japan"
"mimihearts1","West Asia"
"mimijieweb3","Hong Kong"
"mimikkyu0305","Japan"
"mimimelon3","Japan"
"mimimioooiii","Japan"
"miminn_az","Japan"
"mimmn44","East Asia"
"mimu_kanamori","Japan"
"mimulishizi","Hong Kong"
"mimura3636_cos","Japan"
"min20220710","Japan"
"min_buddies","Japan"
"min_den_n","Japan"
"mina19971224","Japan"
"mina_renmama","Japan"
"minaftv","Paraguay"
"minama007","Japan"
"minami_e373","Japan"
"minamidesu0000","Japan"
"minamino_kita","Singapore"
"minamitechno","Japan"
"minanananay","United States"
"minanmumu","Hong Kong"
"minatofarm2118","Japan"
"minatogyousei","Japan"
"minatosol","Algeria"
"minatuki_","Japan"
"mindlabsignals","United States"
"mindnetwork_xyz","United States"
"mine4wd","Japan"
"mine_aytar","Turkey"
"minenjyugumi","Japan"
"minervathecat2","Korea"
"ming13589","Japan"
"ming_web4","Hong Kong"
"mingchikuo","Taiwan"
"mingfeilu278921","Japan"
"mingjingnews","United States"
"minglin_crypto","Hong Kong"
"mingmingjiu817","United States"
"mingmingzi77888","Hong Kong"
"mingpandahu","United States"
"mingseol_xx","Korea"
"minguu866","China"
"mingxinkf4d","Japan"
"mingyqianqiu","Canada"
"mingyuefy","Hong Kong"
"minhbosmanjfa","Canada"
"minhthieu470118","United States"
"minhthu8668","Viet Nam"
"mini4sgirls","Japan"
"mini_742","Japan"
"mini_candys","Korea"
"mini_maa99","Japan"
"minimalistneko","Japan"
"minimisue2022","Hong Kong"
"minions666666","Korea"
"ministerbtc","Korea"
"minivly","Korea"
"minji_defi","North America"
"minlibuilds","Singapore"
"minmin89485072","United States"
"minmintw","Japan"
"minnano_jinrou","Japan"
"minoiserina","Japan"
"minonglong","Korea"
"minorcandi67319","Japan"
"minos95","Korea"
"minqwaq","Japan"
"mins5119","Korea"
"minsi_ai","North America"
"minteavalley","Indonesia"
"mintink3","Hong Kong"
"mintor36","United States"
"mintu2999","India"
"mintu_0207","Japan"
"minutiablue","United States"
"minxxxlk","Japan"
"minyarimrim","Japan"
"minzi003","United States"
"mio_ai_daily","India"
"mio_rppt","Japan"
"miobiyori","Japan"
"miochan0707","Japan"
"miojoazullatino","Brazil"
"miomio1559262","United States"
"miowdexior6156","China"
"mipory2314","Japan"
"mippopo_y","Japan"
"mira_chico96","Japan"
"miraaydin0dcw","Turkey"
"mirabeller76461","United States"
"mirabellev27399","Korea"
"miraclexmirai","Japan"
"mirageled2","Japan"
"miragemao2012","Japan"
"mirai_ai2050","East Asia"
"mirai_career","Japan"
"mirai_ed","Japan"
"miraiace_arg","Japan"
"miraijoho","Japan"
"mirailist","Japan"
"mirainotane2026","Japan"
"miraisell","Japan"
"miraitanteisha","Japan"
"mirandahodnev0","Bangladesh"
"mirano0831","Japan"
"miraozkanpcfy","Turkey"
"mirasen667u","United States"
"miratalee","East Asia"
"mirayilmazh2xi","United States"
"mirdsi888","United States"
"miriamsandj1yp","India"
"mirito1205","Japan"
"miro_bnb","Thailand"
"mironi24","Japan"
"mirrorofes","Japan"
"mirthafurfey","Viet Nam"
"miruku_tan23","Japan"
"mirutaroroa","Japan"
"mirutetsu7311","Japan"
"misa_castle","Japan"
"misa_skszgzg","Japan"
"misacream11","Japan"
"misae_43","Japan"
"misaka_14377","East Asia"
"misakacoo","United States"
"misakamisakaxfu","Japan"
"misaki1127oi","Japan"
"misaki__kun","Japan"
"misaki_remogu","Japan"
"misakiaisu12v","Japan"
"misamoreslindos","Mexico"
"misaoenglish","Japan"
"misjessi28","United States"
"misk_one1","United Kingdom"
"misnabb","Indonesia"
"misomellie","United States"
"misoshiruiga","Japan"
"misosoup_net","East Asia"
"missai_show","United States"
"missamrohi","East Asia"
"missgblack","United Kingdom"
"misspinkcouture","United States"
"misstang1102","Hong Kong"
"missval35","Nigeria"
"missvanmel","Belgium"
"missy25422278","Hong Kong"
"mister100km","France"
"mistermiga","Argentina"
"misuzu_life_","Japan"
"mit3279","Japan"
"mitabiya_ir","Japan"
"mitani_fukuyama","Japan"
"mitasuke295744","Japan"
"mitchell_t26719","Singapore"
"mitchjonez","United Kingdom"
"mitsu_d_surf","Japan"
"mitsubachi0221","Japan"
"mitsuhashiicy","Philippines"
"mitsukolinkf","Viet Nam"
"mitsurutrnsm","Japan"
"mitsusaki_ch","Japan"
"mitu5h","Japan"
"mituki_221","Japan"
"mitzcarrot","Korea"
"miu07250813","Japan"
"miu_7tk","Japan"
"miulahung","Taiwan"
"miumichannel","Taiwan"
"miumimu_iriam","Japan"
"miumiu4514","Japan"
"miura_mitsuru","Japan"
"miutan15","Japan"
"mivie99","Viet Nam"
"miwa_3739","Japan"
"miwatt_0208","Japan"
"miwluv_zhou","Thailand"
"mix_1112_","Japan"
"mixpace_jp","Japan"
"miya36071721","Japan"
"miya_oke","Japan"
"miya_stardust38","Japan"
"miyabi_goods_","Japan"
"miyabi_ryuji","Japan"
"miyabikam4","Japan"
"miyachan0952","Japan"
"miyago_9267","Taiwan"
"miyako08","Japan"
"miyakosaaan","Japan"
"miyakoya_bros","Japan"
"miyama_time","Japan"
"miyamaun","Japan"
"miyapon2022","Japan"
"miyavip7","Japan"
"miyazi4146","Japan"
"miyelo_","Japan"
"miyesac","Europe"
"miyju_tomita","Japan"
"miyo50206976","Japan"
"miyo__0x0","Korea"
"miyuchi942","Japan"
"miyuhamin","Korea"
"miyuyunn_to","Japan"
"miz_nya","Japan"
"mizaza1997_","Singapore"
"mizuhogpt","Japan"
"mizuki34742","Japan"
"mizukikotohaai","Japan"
"mizukiworkshop","United States"
"mizumotosouta","Japan"
"mizunohideko","Japan"
"mizwaseisakusyo","Japan"
"mizyui0060","Japan"
"mizziereportot7","Brazil"
"mjimua","Japan"
"mjj_music28","Japan"
"mjjwiki","Hong Kong"
"mjmikazuki358","Japan"
"mjtvhopin","United States"
"mjxchu","Japan"
"mjxmb","United States"
"mk66623","Hong Kong"
"mka_n0","Japan"
"mkbkcom","Europe"
"mko_0p","Korea"
"mkrkrsk","Japan"
"mktmakomkt","Japan"
"mkurman88","Poland"
"mkyryye","Hong Kong"
"ml7ry0","Japan"
"mlacroix5","Nigeria"
"mlb","United States"
"mlbaaaa","United States"
"mlbonfox","United States"
"mleagle69","Hong Kong"
"mlearning1998","United States"
"mlhglp","Japan"
"mlife48029","India"
"mlkupx","Japan"
"mlml_happy","Japan"
"mlng742334","Japan"
"mlooopaaa","Japan"
"mlrhku7m7a11221","Hong Kong"
"mlx______123","United States"
"mlyx0u0","Japan"
"mm0341mm_lion","Japan"
"mm1599329921222","Hong Kong"
"mm159mmm","Japan"
"mm38_htn","Japan"
"mm_tul19038","Korea"
"mma9135","Japan"
"mmajpal8355","Japan"
"mmcf1ury","Indonesia"
"mmciikonfv","Japan"
"mmd_syouta","Japan"
"mmenyene_c","Africa"
"mmiffy1337","Japan"
"mmintt_0505_tr","Japan"
"mmiomiomio_l","United States"
"mmk20221823","Japan"
"mmk_btc","Japan"
"mmm1219900","United States"
"mmm8963","East Asia"
"mmmercimerci","Japan"
"mmmjianph","Singapore"
"mmmm__mana","Singapore"
"mmmny5aaa","India"
"mmmsmr99s","Japan"
"mmmurg08","Japan"
"mmmusol","United States"
"mmn082127","Japan"
"mmre0813","Japan"
"mmust_iconn","Kenya"
"mmuztw","United States"
"mmzif5","Japan"
"mn433131","Taiwan"
"mn75li1","Japan"
"mn8fl7ayxzhwbya","Japan"
"mn__nk__","East Asia"
"mn_piyokko","Japan"
"mnbookman","United States"
"mnh88882","North America"
"mnhr_labo","Japan"
"mnijasminie","Brazil"
"mnimiuke","Brazil"
"mnji314040","Taiwan"
"mnkltrib1c94306","Japan"
"mnmn94253156337","Hong Kong"
"mns_kyoiku","Japan"
"mnt_swd","Japan"
"mnue69","Brazil"
"mo10085","Hong Kong"
"mo2uming","East Asia"
"mo5ji_da","Japan"
"mo7amad_jaradat","Palestine"
"mo_chen27168","United States"
"mo_cray","Nigeria"
"mo_hy8c","Japan"
"mo_m072","East Asia"
"moat_kim","Korea"
"mobile_hubkenya","Kenya"
"mobilehub_ug","Uganda"
"mobplus_mobgame","Japan"
"moca_star2206","Japan"
"mocacha13","Japan"
"mocachiquedluan","Brazil"
"mocciongcf","China"
"mocheng88888","Japan"
"mochi31101","Japan"
"mochi7182","Japan"
"mochi_da_cos","Japan"
"mochi_warab1","Japan"
"mochiko_tsuru","Japan"
"mochimeyy","Southeast Asia"
"mochimochi_0320","Japan"
"mochinyami","Japan"
"moco_dc_trade","Japan"
"mocomoco_chan_","Japan"
"modeexyz","Africa"
"modelhamumu","Japan"
"modelscope2022","United States"
"modeludo154501","Colombia"
"modengsir","United States"
"modo1979","Taiwan"
"moe_raj","United States"
"moebunny2307","Japan"
"moedisk","Taiwan"
"moegen_ai","Japan"
"moekooom","Japan"
"moeruasia01","Japan"
"mofabobby_gov","Hong Kong"
"mofeizeze","United States"
"mofu_anime_","Japan"
"mofu_sh","Japan"
"mofumo_ruru","Japan"
"mofumofufelt","Japan"
"mofumofugirl010","Japan"
"mog_ni","Japan"
"mogaland_io","Germany"
"mogemoge774","Japan"
"mogu773","Hong Kong"
"moguma34","Japan"
"moguraneko24","Japan"
"moha__7o","United Arab Emirates"
"mohammadaniel","Hong Kong"
"mohammadzaghari","United Kingdom"
"mohawkmikecats","United States"
"mohdfai74874028","India"
"mohemaru_yusada","Japan"
"mohithindustan","India"
"mohsen75530223","Egypt"
"mohssantf","North Africa"
"moi2che","Japan"
"moi__01110","Korea"
"moihai_3","Japan"
"moirasshe","Indonesia"
"moireline","Brazil"
"moist_cocoa1111","Japan"
"moitie_moitie","Japan"
"moivitoriaa","Brazil"
"moja_kdm","Japan"
"mojoming02","East Asia"
"mok_syawyaw","Hong Kong"
"moka_12_21","Japan"
"moka_morokoshi","Japan"
"moken627","Viet Nam"
"mokolx099","Korea"
"mokomomo_delt","Japan"
"mokosuke410","Japan"
"moku_moku_usa","Japan"
"mokumoku1124","Japan"
"mokureniyasi","Japan"
"mol_uso","Japan"
"moldface","United States"
"molecular_x","Korea"
"moleman000","Canada"
"molin_momomo","North America"
"mollbbangman","Korea"
"molloym_777","Hong Kong"
"molly9975019573","Hong Kong"
"mollycoddle330","East Asia"
"moltar_aiart","Japan"
"molxhvw","East Asia"
"mom_happysmile","Japan"
"momada2022","Hong Kong"
"momafilm","United States"
"mombaque","Brazil"
"momentisendless","East Asia"
"momiji_04_cos","Japan"
"momijidanisena","Japan"
"momijishinozaki","Canada"
"momo969399","Japan"
"momo_30m","Japan"
"momo__ovor","Korea"
"momo_ovo1","Hong Kong"
"momo_peggy","Hong Kong"
"momo_pi1022","Japan"
"momoai_daily","United States"
"momochenming","Hong Kong"
"momochi140482","Japan"
"momocowala","United States"
"momogz0412","France"
"momohataraku","Japan"
"momohina_76","Japan"
"momokusu","Japan"
"momonga19xx","Japan"
"momoooogo","Japan"
"momoquic","North America"
"momotantan_t2","Japan"
"momoura018","Japan"
"mompfforce","Thailand"
"monaengis","Indonesia"
"monaniki_","Taiwan"
"mondaydotcom","Israel"
"money_kinuta","Japan"
"money_retard","Netherlands"
"moneyacademyke","Kenya"
"moneyblade777","Hong Kong"
"moneycryptosy","United Kingdom"
"moneymoneycall","United States"
"moneynotorico","Japan"
"mong_nim__","Korea"
"mongmong913","Korea"
"mongram1022","Brazil"
"mongram1024","Brazil"
"mongsilcloset","Korea"
"moniav7v","Korea"
"monica94635704","Canada"
"monica_xiaom","Hong Kong"
"monicaalbeamhm","Brazil"
"monicesx","Mexico"
"monimo787","Hong Kong"
"moningmeng","Taiwan"
"monkey_7788","Japan"
"monkeyd_long","Hong Kong"
"monkeydaichan","Japan"
"monkeyjiang","East Asia"
"monmusubi_reno","Japan"
"monni_tuiteira","Brazil"
"monocompass","Japan"
"monogoshibol7","Japan"
"monoliticobr","Brazil"
"monroeseptwtor","Germany"
"monstercpgt","Europe"
"monsternfts","Viet Nam"
"monsutera11","Japan"
"monteirodjair","Brazil"
"monteroxmj","United States"
"moo_1920","Taiwan"
"moodengceo","Hong Kong"
"mooenychu","Hong Kong"
"moomintrolldayo","Japan"
"moon1ightst","Taiwan"
"moon33731384","Japan"
"moon_bgb","East Asia"
"moon_natae","Korea"
"moon_usagi_mero","Japan"
"moonaether","Philippines"
"moonatcloud","United States"
"mooncatbtc","Singapore"
"moong_____e","Korea"
"moonhabitor","Canada"
"moonireen","Ukraine"
"moonithfleur","Indonesia"
"moonkimbinance","Singapore"
"moonlmoonlight","China"
"moonlotusveil","Japan"
"moonmatterai","United States"
"moonmoon2289","United States"
"moonpollly","Japan"
"moonquake","United States"
"moons_hearts","Japan"
"moonthunder104","Japan"
"moontomeetyou","Southeast Asia"
"mooonorbit","Indonesia"
"moooooonsugar","East Asia"
"moooqk","Korea"
"moorcheh_ai","Canada"
"mooreemily9328","Singapore"
"mophy_yuri","Southeast Asia"
"mopuyamaga_rock","Japan"
"moqiuyao201314","United States"
"mor1m","Japan"
"moraisluciano1","Brazil"
"moramcbean","United States"
"morangleaf_st","Korea"
"more_star_","Japan"
"morememoryforus","Hong Kong"
"morgan136935","Taiwan"
"morgan622011301","East Asia"
"morgan_coding","United States"
"mori__sio_","Japan"
"mori_shoot918_r","Japan"
"mori_sora__","Japan"
"morichesabana","North America"
"morid1n","Poland"
"morimor12044771","Japan"
"morimorikoneko","Japan"
"morino56031","Japan"
"moriseichu","Japan"
"moritayana","Japan"
"mormott_","East Asia"
"morninggba","Hong Kong"
"morningshow_tv","Japan"
"morphotherapy","Japan"
"morris_lt","East Asia"
"morrokkko","Japan"
"morufai10","Nigeria"
"morzwell_food","Japan"
"mosesasmoze","France"
"mosesdemalek","United States"
"mosi_mosi_mo","Japan"
"mosmo888","Korea"
"mosqueda00732","United States"
"mossai_cn","United States"
"mossliu86","Japan"
"mostfa_bilal","Saudi Arabia"
"motherofqianbei","France"
"motikoy","Japan"
"motimotisakura2","Japan"
"motlamogoje","South Africa"
"moto7311","Japan"
"moto99094467","Japan"
"motocycle2424","Korea"
"motohayai","Japan"
"motohikosaitoh","Japan"
"motokiohmorimga","Japan"
"motopoli_food","Japan"
"motorcucocukr6","United States"
"motto_a123","Japan"
"moucoyama","Japan"
"moukojai","Japan"
"moumuyoo","Korea"
"mounique_1","Africa"
"mount1908","Japan"
"mountgoblin","China"
"moustrylio","Mexico"
"mouth_cross_14","Japan"
"movie_photo_eed","Japan"
"movies","United States"
"mowangweb","Southeast Asia"
"moyanjue0429","Hong Kong"
"moyanw666","Hong Kong"
"moyoko_tr1208","Japan"
"moyuru_twi","Japan"
"moz__15","Japan"
"mozperkins","United Kingdom"
"moztoken","Taiwan"
"mozzarella0212","Japan"
"mpatgmwjp","Japan"
"mpho__d33p","Africa"
"mple6gofe722269","East Asia"
"mpooh_chikuwa","Japan"
"mqjrq","East Asia"
"mquigley1963","Australia"
"mr0xgoodman","Taiwan"
"mr3195628745","Hong Kong"
"mr38722061","Japan"
"mr39841142","Japan"
"mr57814170","Taiwan"
"mr_0fficiall","Africa"
"mr_c888","Hong Kong"
"mr_martinsun","Singapore"
"mr_parkay","United States"
"mr_qiang777","Japan"
"mr_r0b0t","United States"
"mr_s3lfd3struct","United States"
"mr_salio","Somalia"
"mr_t8896","Israel"
"mr_westcoast","United States"
"mr_zhangsc","Macao"
"mra_ptg_tta","Viet Nam"
"mrangrypat","United Kingdom"
"mrazamali9","India"
"mrbigg317494","United States"
"mrblockpaul","Japan"
"mrbrothergay_","Japan"
"mrburgundyngold","United States"
"mrchrismast_","Southeast Asia"
"mrcomplicat3d","Southeast Asia"
"mrdaxiong0","United States"
"mrdzidzor","Ghana"
"mrfluffyness34","United States"
"mrfzf","Taiwan"
"mrghostinvblog","Hong Kong"
"mrgreencoin","Africa"
"mrhaotoshi","Southeast Asia"
"mriq1717","Japan"
"mrjeei","Africa"
"mrjie_official","East Asia"
"mrkafeoren","Japan"
"mrkamashi","Congo"
"mrketinsider","United States"
"mrkonpekidesu","Japan"
"mrkosiag","Uganda"
"mrlarus","United States"
"mrm_17m","Japan"
"mrmengxiang","Singapore"
"mrnonwoven","Japan"
"mrolxf","Indonesia"
"mronge","United States"
"mronpen","United States"
"mrozor1","Southeast Asia"
"mrparamita_x","North America"
"mrpk_t","Japan"
"mrqin_btc","United States"
"mrquin51","Hong Kong"
"mrr_lluv","Japan"
"mrreal34","Africa"
"mrru5s3ll","Australia"
"mrryanchi","Hong Kong"
"mrs_m0thman","United States"
"mrsd480227","Korea"
"mrseyi3","Nigeria"
"mrshining_star_","Nigeria"
"mrsjellysantos","United States"
"mrsjune312","United States"
"mrslecterz","United Kingdom"
"mrsoftboiled","Hong Kong"
"mrszladyy","Brazil"
"mrtbrgl","Turkey"
"mrtietop","Hong Kong"
"mrtrainonx","East Asia"
"mrvis0n","South Asia"
"mrwangtoi","North America"
"mrwhite55347948","Nigeria"
"mrye_s","Hong Kong"
"mryf15","Japan"
"mrz89611890","Hong Kong"
"mrzhaoeth","Singapore"
"mrzhiji","Hong Kong"
"mrzvwp","Japan"
"ms4000zzz","Japan"
"ms_rainbow2015","Japan"
"msa46521960","Japan"
"msalazar18552","United States"
"msbhje","Hong Kong"
"mschumacherfer1","Japan"
"msctokushima","Japan"
"msd17ym","Japan"
"msdebbyes","Taiwan"
"msdiana_styles","Malaysia"
"mseverythingurn","Thailand"
"msftmechanics","United States"
"msfun_nag","Japan"
"msg0083sdm","Japan"
"msgaragetushima","Japan"
"msh03642532","Hong Kong"
"mshrxxx","Taiwan"
"mshustlee","United States"
"msjani77","India"
"msk_kj_luv","Japan"
"mskatteachthat","United States"
"mskdsb","North America"
"msknnwor","Japan"
"msoankzouj48246","Japan"
"msolutions_jp","Japan"
"mspcmyy059","United States"
"msstyle358","Japan"
"mstry001","United States"
"mswtateishi","Japan"
"msx_cn","Hong Kong"
"msxttmoon","United States"
"msy_1010_97","Japan"
"mt3zdw50hxgcqc2","Japan"
"mtd_396","Philippines"
"mtgemergy","Japan"
"mtjvwj","Japan"
"mtlc111","South America"
"mtmnkor","Japan"
"mtommy88833","United States"
"mtong44285","China"
"mtpawgmp","Japan"
"mtrainier2020","United States"
"mts2pt","Korea"
"mts9flower","Japan"
"mtworks_com","Japan"
"mtyyy0822","East Asia"
"mu_chiteijn_","Japan"
"mu_mi_75","East Asia"
"mu_min_staff","Japan"
"mu_ra_mo_to","Japan"
"mu_rong40301","China"
"mu_ua_ua","Korea"
"mubeen0x","Bangladesh"
"mubeitech","Europe"
"muchen8899","Hong Kong"
"muchinami_","Japan"
"mudan4017","China"
"mudderdone10ir","Pakistan"
"mudson6","Nigeria"
"mufeiyu_ayu","United States"
"mug_kiichan19t","Japan"
"muge1967628","China"
"mugen1075","Japan"
"mugen_akkey","Hong Kong"
"mugenre_sha","Japan"
"mugicha06944120","Japan"
"mugoumomo2","Hong Kong"
"mugumejohnpaul1","United Arab Emirates"
"muhamma24654185","France"
"muhamma76266074","Nigeria"
"muhammad__sy","Africa"
"muhanmode123","United States"
"muhenuzd","Japan"
"mui_klhh","Japan"
"mujanghendumbi","United States"
"mujunchengcs","Japan"
"mukai70975852","Japan"
"mukeshk19745739","India"
"muktifrom","Korea"
"mukurobi","Japan"
"mulana_ikram","United Kingdom"
"mulight","United States"
"muling_haru","Taiwan"
"multi2000global","Japan"
"mumemoon","Japan"
"mumjctg31h75893","Japan"
"mumu1oo1","Korea"
"mumu_mumu001","Hong Kong"
"muncorner","Indonesia"
"mundoseriesbra","Brazil"
"mundukuraiha","Kenya"
"munera_ziz","Saudi Arabia"
"mung93631","Korea"
"mungchi0202","Korea"
"mungsarang_","East Asia"
"muno_jinko","Japan"
"muouokx","Viet Nam"
"mupswh5pbiaewnx","Japan"
"muqadasweb3","Pakistan"
"murai_inc","Japan"
"murasakikoukan","Japan"
"murat45rr600","Turkey"
"muratasekiyu","Japan"
"muratyk88","Turkey"
"muren_gang","Hong Kong"
"murofes","Japan"
"muroi_sakurai","Japan"
"murphy_x23","Taiwan"
"murphychen888","Singapore"
"murugads","India"
"musadanxu","Nigeria"
"musafir_vj","India"
"musaimoratorium","Korea"
"mushruummancer","United States"
"musi__2","Japan"
"musiclilbabyjr","United States"
"musimoto_640","Japan"
"muskarx","Japan"
"muskbelievers","Hong Kong"
"muskdashu","Hong Kong"
"muslimsuarman69","Indonesia"
"muslimwife1992","Southeast Asia"
"musou_2366","Japan"
"mustafasaccount","United States"
"mustaphamurita7","Nigeria"
"mutagen_afk","North America"
"mutan_elk","Japan"
"muthamaccepted","Brazil"
"muthonimuchendu","Kenya"
"mutianba","Canada"
"mutsu6238","Japan"
"mutsuki2508","Japan"
"mutsumi_room","Japan"
"mutualxove","Korea"
"mutukuuuu","United Kingdom"
"muu__umm","Japan"
"muuka_","Brazil"
"muurasakiii","Korea"
"muuu_tj_810","Japan"
"muuuaaa11","Korea"
"muuuu3_past","Japan"
"muuuuuyaa","Korea"
"muwind666","Japan"
"muxincaijing","Singapore"
"muyan168","United States"
"muyu8686","Japan"
"muyu_4x","Japan"
"muyuetianxia","North America"
"muyunpeace","Hong Kong"
"muzili615318981","China"
"mvnachi","Africa"
"mvsuccess","Panama"
"mw78y79kj","Japan"
"mwam_blank","Japan"
"mwangikaruma","Kenya"
"mwasirosh","Kenya"
"mwkosodate","Japan"
"mwkrlr9tpqycksq","China"
"mx24343","United States"
"mx2fv8","Japan"
"mx5vdqbecnd61ra","Japan"
"mxiaoguan","China"
"mxj727283","East Asia"
"mxmxiix","Japan"
"mxsilver24","North America"
"mxxrtifyxx","Canada"
"mxxxg_s2","Korea"
"my0297970","Japan"
"my7stars4ever","Mexico"
"my_pianism21","France"
"my_tyyyy","Korea"
"my_yurrrd","United States"
"myaao___","Japan"
"myacoron","Japan"
"myangel_jisoo_","Japan"
"myao86","Korea"
"myao_aco","Japan"
"mybitstar","United Kingdom"
"mybluesky2010","Japan"
"mychan00020566","Japan"
"mychemrobbie","United Kingdom"
"myckteves","United States"
"myclejonson","Viet Nam"
"mycolourcomesba","East Asia"
"mydirppan23","Hong Kong"
"mydream668","United States"
"myfmyg","Japan"
"myghostlifee","Indonesia"
"mygpjt","Brazil"
"myheroine1reno","Japan"
"mykmaking","Japan"
"mylifcc","United States"
"mylifeonmystyle","United States"
"mylifewinn","Japan"
"myllalindona","France"
"mylove1984_","Hong Kong"
"myloveduoduo","Australia"
"mymindiskind","United States"
"myminetrading","Taiwan"
"mymy76621488","Japan"
"myname314159","United States"
"mynameisnegin","American Samoa"
"myoidd","Korea"
"myojin_torihiki","Japan"
"myosaku_tensei","Japan"
"myouga_sensi","Japan"
"mypeach_jj","Korea"
"myrhr071","Japan"
"myriamcarussxa","Chile"
"myronzhu3","Malaysia"
"myrrk","Japan"
"myrtle95323","Pakistan"
"myselfmyself520","Hong Kong"
"myshy0n","Japan"
"mysteriousdoct3","Nigeria"
"mystia_a","Korea"
"mysticxbt","Hong Kong"
"mystyle_book","Japan"
"mysudhir","Palestine"
"mythreviewer","United States"
"myu____0","Japan"
"myu__sasamo10","Japan"
"myu_mar0","Japan"
"myum_it","Korea"
"myuunity","Philippines"
"myuuuuster_712","Japan"
"mywayzs","Brazil"
"mywifegeto","India"
"mywjim","United States"
"mywritinghere","Finland"
"myxll17","Japan"
"myxqmsqzgcdxl7q","Japan"
"myyouth1","Brazil"
"mz_rune","Korea"
"mzdao20101225","Japan"
"mzhao5000","Hong Kong"
"mzlavng","East Asia"
"mzmmsplf","East Asia"
"mzrhames","Canada"
"mzrocroyal57","Serbia"
"n04p0_1121","Japan"
"n0812_brave","Japan"
"n0ah486","Korea"
"n0bodyxz","Philippines"
"n0i_iz","Korea"
"n0isypartyfoul","United States"
"n0r5k1_11010","Korea"
"n1ckdyer","United States"
"n1t2m322","Japan"
"n2_838","East Asia"
"n40_pnc","Japan"
"n4767ch15hxyyrd","Japan"
"n4s__u","Japan"
"n4su_nasu","Japan"
"n4ty0710","Brazil"
"n5_coyg","Japan"
"n5dave","United Kingdom"
"n610_a","Korea"
"n70hz088dr41896","Hong Kong"
"n76xz7","Japan"
"n79akd4gt06gzk5","Japan"
"n7g22","East Asia"
"n8apricot","Japan"
"n8e8i3vzbimafg6","Japan"
"n_27986","Japan"
"n_3jin","Japan"
"n___nan519","Japan"
"n__holz","Cameroon"
"n__o513","Japan"
"n_a_b_e_t_y","Japan"
"n_a_ooo1","Japan"
"n_falcon417","India"
"n_iuyt","Japan"
"n_nmen_","Japan"
"n_s_tr","Japan"
"n_suroko","Japan"
"n_trhk14","East Asia"
"n_yang___","Korea"
"na5uzi","Brazil"
"na6na1na5_j2666","Japan"
"na930yukimi","Japan"
"na_7_2525","Japan"
"na_ka7003","Japan"
"na_siritori","Japan"
"naa_naa1125","Japan"
"naaaaaaatto","Japan"
"naaaivi","East Asia"
"naba_moriyuki","East Asia"
"naback222","Korea"
"nabbyyi","China"
"nabe_koppe","Japan"
"nabescription","Japan"
"nabi838","Korea"
"nabiullin6","Iraq"
"nabyy95","Taiwan"
"nac00i","Japan"
"nacchi_ugogo","Japan"
"nacerdjabi","Algeria"
"nachichitrhksn","Japan"
"nachocienfuegos","Canada"
"nacion","Costa Rica"
"nadegata5546","Japan"
"nadeyamako","Japan"
"nadiadicioetx","Viet Nam"
"nadusha_d_","Kuwait"
"nadya_1504","Germany"
"nafisadeyforyou","Nigeria"
"nagara_unten","Japan"
"nagarolee","Canada"
"nagasakitokitu","Japan"
"nagatukasari","Japan"
"nagi_013018","Japan"
"nagi__nico56","Japan"
"nagi_always","East Asia"
"nagichn","Japan"
"nagisa130s","Japan"
"nagisa____614","Japan"
"nagisa_creation","Japan"
"nagiyumes2","Japan"
"nago_1stchannel","Japan"
"nagomikenchiku","Japan"
"nagoxxang","Korea"
"nagoya_navi","Japan"
"nahenhuaile","Malaysia"
"nahyucktaku","Korea"
"nailong798","East Asia"
"naina_21kov","Japan"
"nainikax","India"
"nairu_torii","Japan"
"naive_bnb","Hong Kong"
"naivebayes101","Taiwan"
"naiwenju","Japan"
"naiyou38206277","Hong Kong"
"naka_kana1028","Japan"
"nakabou_love_","Japan"
"nakaj1478963","Japan"
"nakamotokogyo","Japan"
"nakamuraya","Japan"
"nakanaka7791","Japan"
"nakaniwa_tax","Japan"
"nakanocarpenter","Japan"
"nakarin_kintomo","Japan"
"nakasonejusetsu","Japan"
"nakata987654","Japan"
"nakatake_yu","Japan"
"nakatsukagyosei","Japan"
"nakayamasimasi","Japan"
"nakayoshimedaka","Japan"
"nakbali73884322","Indonesia"
"nake13","Singapore"
"nakifromhisin","Japan"
"nakk_rockstar","Japan"
"nako_fwmc","Korea"
"nama_kura_","Japan"
"namabeerkure","Japan"
"namastechiba","Japan"
"namcrkenzie","Colombia"
"name94340458","Southeast Asia"
"namerou0721","Japan"
"namika_0703","Japan"
"namiqoq","Japan"
"namixdaily","Viet Nam"
"namle98","Viet Nam"
"nampham476706","Viet Nam"
"nana__391","East Asia"
"nana_maru_ai","Japan"
"nanafushigich","Japan"
"nanahoshisky","Japan"
"nanairo2425","Japan"
"nanairon_nryota","Japan"
"nanako665580","Japan"
"nanamemigi_7","Japan"
"nanamnicotaku","Japan"
"nananano016","Japan"
"nanase_minami8","Japan"
"nanashi_gb0706","Japan"
"nanashin74","Japan"
"nanasiorz","Japan"
"nancy04_12_2014","Portugal"
"nancy_c813","Taiwan"
"nande198900","Switzerland"
"nandinhapt","Brazil"
"nandinivenkate3","India"
"nandoteixeirav9","Brazil"
"nanduckocny","Germany"
"nangaparbat1618","Sweden"
"nangcheon","Korea"
"nangkengrou","United States"
"nanhaier","United States"
"naniwanokazu1","Japan"
"nanking666slaug","Taiwan"
"nannan07788","Singapore"
"nannan12344321","Japan"
"nannieweid89978","United States"
"nano452024","United States"
"nanof33333","Japan"
"nanosolution_","Japan"
"nanostarlee","Uganda"
"nanri0104","Japan"
"nanshou","United States"
"nantlascore","Korea"
"nanyangboa","Canada"
"nanyangnews","China"
"nao1610","Japan"
"naoaste","Brazil"
"naocanal","Japan"
"naohamego","Japan"
"naoki_kouda","Japan"
"naokihash","Japan"
"naomi576146268","Hong Kong"
"naomi_lars65656","United States"
"naotowizard","Japan"
"naozo_no_kai","Japan"
"nap__ple","Japan"
"napoleonbueti","Philippines"
"napolitano30","Argentina"
"napori_ankake","Japan"
"nar_iiy","Korea"
"naransim160579","Spain"
"narcissus0403","Japan"
"narikoma_pr","Japan"
"narizeletrico","South America"
"nark_of","United States"
"narko_eth","Nigeria"
"naru_0__","East Asia"
"narudao_0914","Japan"
"naruliachan","Japan"
"naruto257062285","Spain"
"narutosuper1","Albania"
"naruzawa1665","Japan"
"nas77637582","Japan"
"nasa58_spacex02","United States"
"nasblz123","Canada"
"nasef_japan","Japan"
"nasified7","Nigeria"
"nasir_rr","Bangladesh"
"naskow_","France"
"nasubi_ph","Japan"
"nasuke0123","Japan"
"natalia57535799","Bulgaria"
"nataliebangg","Korea"
"natashacasilla1","Brazil"
"natashacot81744","Hong Kong"
"natasharothwell","United States"
"natedogg4ever","Japan"
"nateifhereali","United States"
"natezou","Hong Kong"
"nathaly_mel","Turkey"
"nathan_siegel","United States"
"nathanbaugh27","United States"
"nathancook5mtd","Turkey"
"nathandegen_","Southeast Asia"
"nathanl41593995","Japan"
"nathi_dayo_","Japan"
"nathianrittgers","United States"
"nathnielcarello","Brazil"
"nathpxxo","Brazil"
"nathylissetho","Viet Nam"
"natishapazmt","Viet Nam"
"natori_0131fan","East Asia"
"natsu_tech_mom","Japan"
"natsujikeinfo","Japan"
"natsuki_maron_","Japan"
"natsumeee33","Japan"
"natsuna_ch","Japan"
"natsuyosha","Japan"
"nattapatmac_","Thailand"
"natto9715","Korea"
"nattyporiginal","United States"
"natu20230106","Japan"
"natuesday","Japan"
"natukundamomo","Uganda"
"natuna_0814","Japan"
"natuno7793","Japan"
"naturehealyou","Turkey"
"naty_lobacz","Japan"
"natycabarcos","Paraguay"
"natyfreenbeck","Brazil"
"natyvidxl","Brazil"
"naufbuilds","Indonesia"
"naughtymong","Korea"
"naughtyworks_sp","Japan"
"naviroon","Europe"
"navyroyalblue","Japan"
"naxy_p0","Korea"
"naya_peot","Korea"
"nayara_yasminn","Brazil"
"naytricia","Brazil"
"nazariojulin","Brazil"
"nba","United States"
"nba_newyork","United States"
"nbb620","Japan"
"nbcbayarea","United States"
"nbcsnl","United States"
"nbeeefblw","United States"
"nboss668","Korea"
"nc7ls","France"
"nc_mercari","Japan"
"ncctoyojuki","Japan"
"ncholepuncher","United States"
"ncklsm","Brazil"
"ncs_recruit","Japan"
"ncykaegxdj62wfg","Japan"
"nd38086","Korea"
"ndakhang","Viet Nam"
"ndei_ndei","Kenya"
"ndished","Nigeria"
"ndnhakcin","Japan"
"ndorimafarms","Zimbabwe"
"ndubuisi7776721","Nigeria"
"ndv7c","Japan"
"near_galaxy1","Viet Nam"
"neatft","United States"
"neawsco","Korea"
"neblorne","Europe"
"nebui921wisp","Singapore"
"neccccy","United Kingdom"
"necilia_paula","Brazil"
"necknekk00","Japan"
"necomatahana","Japan"
"necomimiyu_jia","Japan"
"necromoonpuppet","United States"
"nectar_gan","Hong Kong"
"nedaruatd","United States"
"nedknaspoll","South America"
"needu_888","Korea"
"needy4love0","Hong Kong"
"neel_sh_","Germany"
"neezu_mi","Japan"
"negative_gonge","Japan"
"negauijyoni","Japan"
"negi_chans","Japan"
"negitorodon3000","Japan"
"negiusagilove","Japan"
"neh4n_","Japan"
"nehfu11","East Asia"
"neilsolace","Brazil"
"neiltyson","United States"
"neilzha46445699","United States"
"neiskaty28976","Hong Kong"
"neitenoz26","Viet Nam"
"nejjyniels","Hong Kong"
"nekami_mao","Japan"
"neko18666","Japan"
"neko773n","Japan"
"neko_mamire8","Japan"
"neko_nyamo1269","Japan"
"neko_ruyue","Hong Kong"
"nekoaya91","Japan"
"nekobake3dayo","Japan"
"nekodayofficial","Viet Nam"
"nekoeroemon","Hong Kong"
"nekofrize","United States"
"nekokatu0112","Japan"
"nekokawayuyjau","Japan"
"nekomaten","Japan"
"nekomeshi_222","Japan"
"nekomi_aoi","Japan"
"nekomimianiki","Hong Kong"
"nekoneko6075","Japan"
"nekosuke____","Japan"
"nekota_san_","Japan"
"nekotaro1126","Japan"
"nekott1027","Japan"
"neliarinelq2","United States"
"nelirioss","Brazil"
"nell_goods","Japan"
"nelljing","Hong Kong"
"nellycus","Hong Kong"
"nellypatie9jms","Brazil"
"nematigallo","United States"
"nemchama_prsk","Japan"
"nemo_habit","Japan"
"nemo_pennyblack","Japan"
"nemu57369096","Japan"
"nemu_nemu4939","Japan"
"nemui___115","Japan"
"nemulunax","Japan"
"nemunemu_061234","Japan"
"nemuri_neko1","Japan"
"nemurihime_lo31","Japan"
"nemuta_t0rihiki","Japan"
"nena_bovb51","United States"
"nene0taku","Japan"
"nenemapp","Japan"
"nenenemoto","Japan"
"nennen_uriuri30","Japan"
"nentworkpi","Taiwan"
"neo__one__","Japan"
"neo_marketing_","Japan"
"neo_official123","East Asia"
"neo_playerone","Japan"
"neognixx","Korea"
"neoguri0404","Korea"
"neomanasemaki","Japan"
"neonphantomv","Japan"
"neonrated","United States"
"neos_recruit","Japan"
"neosoulai","Singapore"
"nep0823","Taiwan"
"nerdypunkdev","Honduras"
"nerimajmpy","Japan"
"nerosphoto","Japan"
"neru__neeeru","Japan"
"nesar14254","India"
"nessxdoll","South America"
"nestasiesta","Japan"
"nestle_song","United States"
"netbigghost","East Asia"
"netburst88","Southeast Asia"
"neteroo_index","East Asia"
"netkeiba","Japan"
"netmillionaire","United Kingdom"
"netwingsjp","Japan"
"netzerwidd59473","United States"
"neuralatelier","Eastern Europe (Non-EU)"
"neuroleptic0","Kenya"
"nevaeh_hryume","Korea"
"never_13_mind","Japan"
"never_for_xxx","Japan"
"neverdiedino","Korea"
"neverofmeyzc","East Asia"
"new28257handpan","Japan"
"new_pupple","Korea"
"new_voa","United States"
"newbeeyu","United States"
"newbeverly","United States"
"newbiemyudeok","Korea"
"newcomelol","Japan"
"newdrug_consult","Japan"
"newewjin","Thailand"
"newfireshu","Hong Kong"
"newishiu","Japan"
"newmike","United States"
"newonpolsia","United States"
"news23_tbs","Japan"
"news_ai_tutti","Japan"
"news_ytv","Japan"
"newscaixin","China"
"newsellspark","United Kingdom"
"newsliberdade","Brazil"
"newsliveghy","India"
"newstotrade","East Asia"
"newtaiko","Japan"
"newtangdynasty","United States"
"newtondejesus7","Dominican Republic"
"nexecosystem","United States"
"next_zone_","Japan"
"nexti0zs","United States"
"nexusmusic7","Romania"
"nexz_official","Japan"
"neymarjr","Brazil"
"neyoismygod0701","Japan"
"nezhamaibi","Hong Kong"
"nezikure","Japan"
"nfdxbzxpvotdrp","United States"
"nfgfbpa","Brazil"
"nfl","United States"
"nfnamfah_k","Thailand"
"nft8883","Taiwan"
"nft_chen","Hong Kong"
"nft_xxxxx","New Zealand"
"nftbanker","France"
"nftcps","Japan"
"nftdomehand","Sweden"
"nftfafafa","East Asia"
"nftnovahq","South Asia"
"nftpoorblue","Korea"
"nftvai","Singapore"
"nftweb3news","United States"
"ng_qqq","Hong Kong"
"ngclchou","United States"
"nge_ale","Ecuador"
"ngel18_sb19","Philippines"
"ngfes08020803","Japan"
"nghiaoan12434","Viet Nam"
"nghile1989","Viet Nam"
"ngm_hm","Korea"
"ngochoa2k2","Southeast Asia"
"ngong_z","Philippines"
"ngskitijyou53","Japan"
"ngurahgianyar","Indonesia"
"nguyenchinh198","Viet Nam"
"nguyenhadn","Viet Nam"
"nguyenn259373","United States"
"ngz2011","Japan"
"ngza_hm","Korea"
"nhat_ha885","Viet Nam"
"nhk_news","Japan"
"nhk_nw9","Japan"
"nhk_shutoken","Japan"
"nhs1688","Japan"
"nhuhuu7","Southeast Asia"
"nhyykutee","Viet Nam"
"ni____3","Japan"
"ni_bai49179","China"
"ni_celeb","Viet Nam"
"nia_yu6","Korea"
"niadn_nb","Japan"
"niaforg","United States"
"nian_tu41685","United States"
"nianiiiinian","Korea"
"niansui9805","China"
"niaobge","Hong Kong"
"niaoshen988","Japan"
"niaoshu","United States"
"nibeto_o","Japan"
"niboshi11x","Japan"
"nic57230132","United States"
"nicaia_111","Japan"
"nice27802841047","Singapore"
"nicelemon_222","Japan"
"nichelleryqk","Italy"
"nichonyan_lv","Japan"
"nick91604439262","North America"
"nickc33367861","United Kingdom"
"nickk_9797","United States"
"nickshowmark","Hong Kong"
"nicksolrik","Central Asia"
"nickwales8","Hong Kong"
"nickystoeckel","Italy"
"nico69oliveira","Thailand"
"nicoechever_","Colombia"
"nicola15906975","Japan"
"nicolas_dca","Japan"
"nicole74rw8","Bangladesh"
"nicoled63299422","Saudi Arabia"
"nicoletang0717","United States"
"nicolevena11851","Brazil"
"nicollegme41005","North America"
"nicols07846200","Lithuania"
"nicomaru0929","Japan"
"niconic90425667","Japan"
"niconicco2","Japan"
"niconiconiw","Japan"
"nicoprincess2n","Japan"
"nicotama222","Japan"
"nidangxiangniao","Japan"
"nidejiaren","United States"
"nidieyr","East Asia"
"nidra1384436","Brazil"
"nie_ham","North America"
"nieche16384","Japan"
"nier22205808","United States"
"nifmduq","Japan"
"nigaoe32mikan","Japan"
"nigelwatsontftc","United Kingdom"
"niggerplay4399","Japan"
"night7_win","United States"
"nightch1022","East Asia"
"nightelfdani","United States"
"nightfeverhiro1","Japan"
"nightosint","Hong Kong"
"nightshade_labs","United Kingdom"
"nigoichi_ill","Japan"
"nihai007","Netherlands"
"nihao5566","Japan"
"nihaohuantai","China"
"nihaovand","Japan"
"nihon_ma","Japan"
"nihui","Hong Kong"
"niirukoko","Japan"
"niivan454997","Japan"
"niji69_mao","Japan"
"nijimomo_fs76","Japan"
"nikaido_oyakata","Japan"
"nike_tica","Japan"
"nikhumble24","Africa"
"nikirevelegp","United States"
"nikitaaror76860","United Kingdom"
"nikivampz","Brazil"
"nikkal_bot","Japan"
"nikkidabbs1","United States"
"nikkolas_mical","United States"
"niklaj13","United Kingdom"
"niko_luv37","East Asia"
"nikolaevnaru","Europe"
"nikonbell333","United States"
"nikonikoteam17","Japan"
"nikorasu_pro","Japan"
"nikowannarich","Japan"
"nikukyumochi","Japan"
"nilo_geronimo","Brazil"
"nilsonhandebol","Brazil"
"nima2qisi2","United States"
"nimipamela0","Uganda"
"nin86002629","United States"
"nin_nin_game","Japan"
"nina_xq","Japan"
"ninakao1827_720","Japan"
"ninakirakira","Australia"
"ninanina_nani","Japan"
"ninaponxxx","Japan"
"ninato_zachi","United States"
"ninewhale_","Japan"
"ning_pro","Spain"
"ningen_life_","Japan"
"nini_incrypto_","United States"
"ninisweet88","Singapore"
"ninjaweaponak","Brazil"
"ninnintikitiki","Japan"
"ninorinko_617","Japan"
"niponist","Japan"
"nipponbushido","Japan"
"niqislucky","Singapore"
"niranira_tamama","Japan"
"nire846","Japan"
"niri8604","Korea"
"nirmalyaanupam","India"
"nirva1801571","Japan"
"nisaindex_tora","Japan"
"nishanshengdi","Hong Kong"
"nishida_gosougi","Japan"
"nishiikoma","Japan"
"nishiken007","Japan"
"nishikibrand","Japan"
"nishimwewilliam","Australia"
"nishinippon_wa","Japan"
"nishizawasanp","Japan"
"nishokcnn","India"
"nissahmad1","Malaysia"
"nissato777","Japan"
"nissoplus","Japan"
"nissy14843663","Japan"
"nissygladius","Japan"
"nistcyber","United States"
"nita700721","Hong Kong"
"niteshkansara","India"
"nithyavraman","United States"
"nitngning","Indonesia"
"nitoeishi","East Asia"
"niub100","Singapore"
"niuboy520","East Asia"
"niul2mow7lyvwyc","Japan"
"niuma_xlayer","Japan"
"niumaforai","United States"
"niumoney","Japan"
"niumowangb","Singapore"
"niuniu255431","North America"
"niuniu____iu","Japan"
"niuniutang20","North America"
"niuziku21","United Kingdom"
"nivekxft","United States"
"niw451","United States"
"niwa_tahara","Japan"
"niwashi_koichi","Japan"
"nixeniego","Philippines"
"niyis_ajayi","Nigeria"
"niykmwdxjp2s9sz","China"
"niyujixnxi28518","Singapore"
"nizaniza75","Italy"
"nizi_mayu210","Japan"
"njenga_vee_","Kenya"
"njkjh00","Viet Nam"
"njyttanen","Korea"
"nk04010512","Japan"
"nkkttx","Brazil"
"nklinhzk","Southeast Asia"
"nkmt0903","Korea"
"nkn7x_kazuki","Japan"
"nkn_ink","Japan"
"nkosinathi_boyc","South Africa"
"nkra_2510","Japan"
"nky0571","United States"
"nlbip4","Yemen"
"nlsl34erjbzwgeh","Japan"
"nmanmanma","Japan"
"nmasaaki","Japan"
"nmcoo__","Japan"
"nmdhk91925667","Japan"
"nmelikechi","United States"
"nmkmshr","Japan"
"nmnl_staff","Japan"
"nmoooob","Germany"
"nmr22umkm84","Japan"
"nmxjn11222","East Asia"
"nn1076555369605","Canada"
"nn2b9jppzi59249","Japan"
"nn_1ss2","East Asia"
"nn_mt8","Japan"
"nnchann3","Japan"
"nnfngzhwy260467","China"
"nnhs_0429","Japan"
"nniehaus_11","United States"
"nnn_02m","Japan"
"nnn_orb","Taiwan"
"nnnnnnobita","East Asia"
"nnnnnx693","Hong Kong"
"nnssrrllffnn","Korea"
"nnwmsmsms","Japan"
"no0_z8","Japan"
"no143s_whocares","Hong Kong"
"no14monster","Japan"
"no_8_eight","Japan"
"noahbtc999","United States"
"noahhh22002","West Asia"
"noahkudoar","United States"
"noahsimon31030","Venezuela"
"noair217_akubi","East Asia"
"noamagkyujin","Japan"
"nobody2ham","Japan"
"nobody_etheth","United States"
"noboru_takase","Japan"
"nobu_358","Japan"
"nobunag13001421","Japan"
"nobuuu1587","Japan"
"nocoastchick","Slovenia"
"nocode_ramen","Japan"
"nocodo_1st","Japan"
"nocthread","Indonesia"
"noctilunai","United States"
"noctua_btc","Japan"
"nodotbtree","Japan"
"noedenus","Korea"
"noel_mcls","Japan"
"noelbriley","United States"
"noelitoflow","United States"
"noemititarenco","Spain"
"nofo__allmo","United States"
"nogi_ayame0608_","Japan"
"noginock","Korea"
"nohemivanasnw","United States"
"nohobookcom","Japan"
"noi26as","Japan"
"noiselley","Southeast Asia"
"noisy9p","Korea"
"noki0725","Japan"
"nolanhau1818","United States"
"nolans527","United States"
"nolotus2","United States"
"nolwazi_e","South Africa"
"nomabialkeeh","United States"
"nomadweb3x","Africa"
"nomadworker8888","Japan"
"nomedigasrul","North America"
"nomikossophia","Brazil"
"nomotosaiten","Japan"
"nomura_nobu","Japan"
"nomywzm","Nigeria"
"non76kf","Japan"
"non_board","Japan"
"noncha_tk","Japan"
"nonde_wei","Japan"
"none_alcohol_","Japan"
"nonki_suzumoto","Japan"
"nonnoaaa_","Japan"
"nonoissss","Indonesia"
"nonomaru0529","Japan"
"nonomuuuu_","Japan"
"nonononrtm44","Japan"
"nononosaysomuch","Southeast Asia"
"nonpedopiglet","North America"
"noo_leu","Viet Nam"
"noob1126879206","Japan"
"noob_claw","Taiwan"
"noobgamerff12","Bangladesh"
"nooffdodonnie","Brazil"
"noonahwannie","Indonesia"
"noone9527","United States"
"nooneliked","United States"
"nooridayuu","Hong Kong"
"nooriyah_a","Pakistan"
"noorulh63627407","Germany"
"noppo_y07m","Japan"
"noprattle","North America"
"nora000227_nora","Taiwan"
"nora_kimagure_x","Japan"
"norascott282210","United States"
"noravoxs","Japan"
"nordicpuff_","United States"
"nordrumden26869","United States"
"noreennitttd8","United States"
"nori_gooner_afc","Japan"
"nori_nui80","Japan"
"nori_pt_editor","Japan"
"nori_routine","Japan"
"noric2011","Japan"
"norihal","Japan"
"noriko_caramel","Japan"
"norikotackett","Niger"
"norisuke_onii","Japan"
"noriyuki669","Japan"
"norma_1225","Taiwan"
"norpeare","Mexico"
"norrischen1024","United States"
"north_myt","Japan"
"northeption","Japan"
"northzawa","Japan"
"norwich_updates","United Kingdom"
"noryvelgear","Taiwan"
"noscalangaeaf","United Kingdom"
"nose_oow","Japan"
"noserider_1173","Japan"
"nosickk","Korea"
"nosinistri","Italy"
"nossoceano","Brazil"
"nostalgichubb","Africa"
"nostraapro","Europe"
"nosurprisesss_","Indonesia"
"not7717","Japan"
"noteric_eric","Hong Kong"
"notevendot","South Asia"
"nothingdx1","Singapore"
"nothinmorethant","United States"
"notjazii","Pakistan"
"notliked69","Nigeria"
"notmrx_","Slovenia"
"notmyworries","Africa"
"notosuzudesu","Japan"
"notthems","Portugal"
"notyetfar","United States"
"notytoon","Japan"
"noudou_jzx","Japan"
"nouriahalshatti","Kuwait"
"nova_0926","Hong Kong"
"novablissvt","United States"
"novadaddy33","Singapore"
"novaecho_07","North America"
"novahayesuf6z","United States"
"novaria0","Southeast Asia"
"novatonyk","United States"
"novelethirken","East Asia"
"novelworks_tw","Japan"
"nowaytous","Southeast Asia"
"nowhatisee","Korea"
"npc888666","Singapore"
"npc_tam","Japan"
"npmdu84","United States"
"npmtin","Korea"
"npocuore","Japan"
"npqxe8bqzasejfl","Japan"
"nq01otnjzn5kmvz","Japan"
"nqa0tt7kgs13612","East Asia"
"nqh4ven7fp73368","Japan"
"nqocahnn_","Viet Nam"
"nqz5voqw86","Japan"
"nrbsalves","Brazil"
"nrenjoy8","Hong Kong"
"nrhaniza_","Hong Kong"
"nrka___","Japan"
"nrliqyx","Japan"
"nrmeelgl","Yemen"
"nrnrnni","Japan"
"ns123abc","Canada"
"ns6yo","United States"
"ns_doge","Korea"
"nsa04d04","Japan"
"nsfwnoceur","United States"
"nsi_857","Japan"
"nsibdw","East Asia"
"nsmtyk14","Japan"
"nst_tbs6","Japan"
"nswep2","Yemen"
"ntbrener","Brazil"
"ntdchinese","United States"
"ntdfeatures_","United States"
"ntkxy5rz6bfsrnp","Japan"
"ntmclantaspolri","Indonesia"
"ntrg69","Australia"
"ntrman1293449","Thailand"
"ntsx11","United States"
"nttenka_toitsu","Japan"
"nuan776655","China"
"nuanyang688","Malaysia"
"nuarsweeti74274","Japan"
"nukanibalgudok","Korea"
"nuko100_","Japan"
"nuko11204","Japan"
"nullb0rnkade","United States"
"numa_lepia","East Asia"
"numachou_ai","Japan"
"numani_mo4","Japan"
"number6u","Japan"
"nun_212","Japan"
"nunuuuu15","Southeast Asia"
"nuoxiao_0121","United States"
"nurinciye","Turkey"
"nurowkk8lasiiwg","Korea"
"nurruttan","Japan"
"nurseug256","Africa"
"nursingchica841","United States"
"nuskne","Japan"
"nuttigedood","Brazil"
"nv8fzqdjtt3p6qq","Japan"
"nvbono1","Germany"
"nvchickencafe","United States"
"nvcoiy","Brazil"
"nvdyqm","Japan"
"nvl__sa28","Japan"
"nvl_ever","Korea"
"nvneik","Australia"
"nvox__","Korea"
"nvtuqfaymuum4mu","Hong Kong"
"nvwueth","Hong Kong"
"nwi123556","Germany"
"nwrpul","Taiwan"
"nwzzy","Korea"
"nxian9851","Hong Kong"
"nxkilller","Malaysia"
"nxnz132199","Korea"
"nxt4eu","Netherlands"
"ny00n_g1m139","Japan"
"ny03561127","Singapore"
"nyagonya2","Japan"
"nyagoroyorosik1","Japan"
"nyam_neko","Japan"
"nyama_san3","Japan"
"nyanchan_c","Japan"
"nyang0912","United States"
"nyangsyu118412","Korea"
"nyankoknyankoo","Japan"
"nyankoro_cosme","Japan"
"nyannyangajetto","Japan"
"nyannyannnn0305","Japan"
"nyanoyadayo","Japan"
"nyanpoko114","Japan"
"nyanpu_444","Japan"
"nyantomu0610","Japan"
"nyanyan_23","Japan"
"nyaoko1229","Japan"
"nyaonyao0303","Japan"
"nyapamq","Japan"
"nyarokochadai","Japan"
"nyataclysm","United States"
"nyath2tyqkd9apk","Japan"
"nyayueyi","Hong Kong"
"nybaaa","Sweden"
"nybct","United States"
"nybxqft","Hong Kong"
"nycmeatballs","United States"
"nylonmag","United States"
"nym791","Japan"
"nyn3xx_","Japan"
"nyon_john74073","United States"
"nyon_tw","Japan"
"nyonidiary","Belgium"
"nyoronyoro_ydk","Japan"
"nyraanpawpaw","United States"
"nyraans","North America"
"nytimes","United States"
"nz73y","Japan"
"nzensin","Japan"
"nzib_h","Indonesia"
"nzm0863","Japan"
"nzsh7qkyimneswt","Finland"
"nzvgvaf741","United States"
"o0_nswer","Japan"
"o0loili0ooo0o0i","East Asia"
"o0sorbet0o_763_","Japan"
"o0tzdtqa1gdnd7a","Japan"
"o0water_lily0o","Japan"
"o11111l","Japan"
"o11jun20_","Japan"
"o2_o252","Korea"
"o3h3_","Korea"
"o3opouo","East Asia"
"o4346976863204","United States"
"o607j","United States"
"o6hvja4w6lpcrrr","Japan"
"o714rz","Japan"
"o823___1127","Japan"
"o8xiij49uxjykt4","United States"
"o__81__o","Japan"
"o_blovk","Kenya"
"o_lipeeee","Brazil"
"o_o31211","China"
"o_to_ri1031","Japan"
"o_u_al","Japan"
"oa20200911","Taiwan"
"oakvale5","United States"
"oalandauction","Japan"
"oasisankh","Japan"
"ob0r0_ge","Japan"
"obake_obakechan","Japan"
"oban494325","United States"
"obasan130kg","Japan"
"obi_wankeno_obi","Japan"
"obindahe","Nigeria"
"obittoyama","Japan"
"obituaryideas","United States"
"object_nullll","Japan"
"oboraprinting","Japan"
"oboro1192","Japan"
"oboroge_ekaki","Japan"
"obssesionikki","Brazil"
"obviousfb","Brazil"
"ocaeco","Southeast Asia"
"occult4","United States"
"occultkeiba","Japan"
"occxjbr6hwxyg9q","Japan"
"ocean571030","Taiwan"
"ocean_bnbb","Southeast Asia"
"ocean_yu1","United States"
"oceankiep","Hong Kong"
"oceansbaby_","Japan"
"ochachukwu94","Nigeria"
"ochanranchan","East Asia"
"ochinaide123","Japan"
"ociel_04l","Japan"
"oct24mrb","Japan"
"octaphial","France"
"octimight_","Korea"
"octopustakopi","East Asia"
"octopusycc","United States"
"oculixia","Canada"
"od2htq7yd3qcmcw","Japan"
"odailychina","Hong Kong"
"oddsaltas","Brazil"
"odelettewa64397","United States"
"odellstuckmn0j","France"
"oderajoseph","Southeast Asia"
"odessa_journal","Ukraine"
"odessapuzon","France"
"odinclip","Japan"
"odoykjxwjzakcwl","Japan"
"oec_daisho_offi","Japan"
"oejuf99494176","Netherlands"
"oelma__","India"
"oenh2x","Japan"
"ofeliarotunda","Japan"
"office_iwano","Japan"
"office_navi","Japan"
"officenavi_f","Japan"
"official__ini","Japan"
"official_cas_ss","Japan"
"official_jo1","Japan"
"official_ybrix","Nigeria"
"officialamaster","Nigeria"
"officialcalax","Philippines"
"officialcash187","United States"
"officialczzz","South Asia"
"officiallorbit","United States"
"officially_paki","United States"
"officialmlk3","United States"
"offlanernft","Indonesia"
"offlove33","Japan"
"offrobinoff","Singapore"
"ofnxziksemf1wqs","Korea"
"ogakuzukunn","Japan"
"ogbeni_sendebo","Nigeria"
"ogbenitom","Nigeria"
"ogbujiprecious5","Nigeria"
"ogc3256","United States"
"ogikubojin1","Japan"
"ogog777mo","Japan"
"ogshockley","United States"
"ogthwpl9iwxpcwm","Japan"
"ogu_k2050","Japan"
"ogulahmet1","Turkey"
"ohamacha_utpri","Japan"
"ohana_narou","Japan"
"ohayu99","East Asia"
"ohchan_555","Japan"
"oheeidii2","Turkey"
"ohh3148088170","Hong Kong"
"ohime_az","Korea"
"ohiraemon03","Japan"
"ohirune_mn","Japan"
"ohkawa_kagu","Japan"
"ohmizukin","Japan"
"ohno_makot","Japan"
"ohnuki_tsuyoshi","Japan"
"ohouhou717","Japan"
"ohq2jzkjpeqj3fg","Japan"
"ohsamx15","Korea"
"ohsan03","Japan"
"ohta_tahara","Japan"
"ohthisis","Korea"
"ohutondeneruno","Japan"
"oiclhoxau40xubx","Korea"
"oideyo_hino","Japan"
"oiiohao","North America"
"oijnmthctk16815","Hong Kong"
"oilsport","Japan"
"oimizzi","Korea"
"oimoimo02","Japan"
"oinari_neuk","Japan"
"oinishio","Japan"
"oioozone","Japan"
"ois2o","Japan"
"oisann35","Japan"
"oisumiuki_cjsp","Japan"
"oiwa19820607","Japan"
"oj034663374950","Japan"
"ojicqgjudixbdkx","Korea"
"ojidarts5","Japan"
"ojieai","Japan"
"ojima_daikichi","Japan"
"ojizouryouma","Japan"
"ojn0jsz6ibujusv","Japan"
"ojodeguila72264","Ecuador"
"ojubanire001","Nigeria"
"ojyu09","Korea"
"ok_netwk","Japan"
"okada41","Japan"
"okadagumi_aichi","Japan"
"okaharu722","East Asia"
"okallonii","Taiwan"
"okaneganai_1","Japan"
"okaneko_yamaki","Japan"
"okaybears","Australia"
"okazaki_shizuka","Japan"
"okcx66","Hong Kong"
"oke0112","Japan"
"okeiouhan","Japan"
"oki_doki_duo","Japan"
"okikiola0529","Nigeria"
"okiyatatuya","East Asia"
"okk_manzori","Japan"
"okmetom","Australia"
"okokoko86808007","Hong Kong"
"okome_nyanko","Japan"
"okosama_7","Japan"
"okosimakgmw","Nigeria"
"okumanekodaisuk","Japan"
"okwunwoye","Nigeria"
"okx","United States"
"oky310r","Japan"
"oky_ssm","Japan"
"okzczc","Hong Kong"
"ol_sae","Japan"
"ola1381103","Viet Nam"
"olahofe","United States"
"olalekanhamzzy","Nigeria"
"olaolu_jnr","Nigeria"
"olasunkanm32421","Nigeria"
"olayolay367940","United States"
"old_man67906","Japan"
"oldmoney_sats","Japan"
"oldpapermoney","United States"
"oldweebph","United Kingdom"
"oldwinbeter","Germany"
"oldworldsurfer","Germany"
"oldy_crypto","Hong Kong"
"oldzhen","East Asia"
"olgaforce3d","United States"
"olisagerard1","United Kingdom"
"olive720064","Germany"
"oliver1997tiger","Japan"
"oliverburdick","United States"
"oliverlizx","Hong Kong"
"olivia07300","Japan"
"olivia_5591","South Asia"
"oliviachangg","Indonesia"
"oliviahuuu_","United States"
"oliviawong123","United Kingdom"
"olivier_wang","United States"
"oll2mm_","Japan"
"olleh1223","Korea"
"olli0103","Germany"
"ollieraviollie","Hong Kong"
"olllotop","North America"
"ollme7","Korea"
"olo_sss","Japan"
"olszz9vvevxk4uq","Japan"
"omake_007","Japan"
"omaromafranco","United States"
"omarupolka","East Asia"
"omegadesci","Singapore"
"omeiza_ilyas","Nigeria"
"omeme0o","Korea"
"omerhejazeen","Malaysia"
"omerkilicrxgu","United States"
"omerkilicweee","Turkey"
"omerkocsiut","United States"
"omersenfupt","Turkey"
"omgnail137","Korea"
"omigan_mi_","Japan"
"omikasakou","Japan"
"omoadeesnr","Nigeria"
"omochi700s","Japan"
"omochi_ramune","Japan"
"omoisomo","Japan"
"omomo7777777","United States"
"omooba_ade01","Nigeria"
"omoooz","Hong Kong"
"omoshtl","Kenya"
"omotiamo","Japan"
"omp404","Brazil"
"omp64069756","Japan"
"omtnkovb8159493","United States"
"omurice4me","Japan"
"omuxty","Korea"
"omz8931","Japan"
"onacionalista3","Brazil"
"onagahayashi","Japan"
"onakasuitaaaxyn","Japan"
"onamae276390","Japan"
"onamaiwa0815","Hong Kong"
"oncactusx","Africa"
"once2man","United States"
"onchainmeow","United States"
"onchainmo","West Asia"
"ondi_puri","Argentina"
"ondpx","East Asia"
"ondrej_zavorka","Czech Republic"
"one_more_drip","East Asia"
"onebyone0424","Japan"
"oneeyire","Japan"
"onehopea9","Hong Kong"
"onehundredthen","United States"
"onelessx","East Asia"
"onelove_q","United States"
"onemorehand_pr","Japan"
"onemorejimin","United Kingdom"
"onemutime_gg","Japan"
"onenewbite","Canada"
"onennnesuru","Japan"
"onephoenixmom","United States"
"oneroom_sold","Japan"
"onesimo2021","Japan"
"oneuptoy","Japan"
"onigiri_6435","Japan"
"onigirimentaiii","Japan"
"onikuhmhm","Japan"
"onion_spf","Korea"
"onishimedical","Japan"
"onitawixtempoe","Germany"
"onivaotaner","Brazil"
"onjeva","East Asia"
"online_student_","Japan"
"only1centt","Africa"
"only1tuffboy","Nigeria"
"only_hold_one","Hong Kong"
"only_otsu","Korea"
"only_u_oo","Japan"
"onlyaicando","Cambodia"
"onlyjpsx","Japan"
"onlylookat73119","Hong Kong"
"onlymartyn_","Brazil"
"onlyou_ryo","Korea"
"onlyskypace","Turkey"
"onmo_lucky","Japan"
"onnet1001","Viet Nam"
"ono__trhk","Japan"
"ononoold","Korea"
"onore365","Japan"
"onoscoins","Africa"
"onthomas_tweet","Canada"
"ontopic_nl","Netherlands"
"ontrader","Colombia"
"onurerdogarumg","Turkey"
"onurturanlsmd","Turkey"
"onusoz","Singapore"
"onyworld118","Japan"
"onzere_michael","Kenya"
"oo_0101_oo","Japan"
"ooconcurso","Brazil"
"ooeli_eth","United States"
"oofiewmwforobo","United States"
"oogirim","Japan"
"oohsehyoonhwa","Hungary"
"ookamimio","Japan"
"ookura_ss","Japan"
"oomkaan182","Japan"
"oooodjdjd","Japan"
"oooongmo","Korea"
"ooorothy","Korea"
"ooov_s2","Korea"
"oopsguess","Southeast Asia"
"oopsttsu","East Asia"
"oosu_hot_hpoppo","Japan"
"ootr034462","Japan"
"ootwoods_","Denmark"
"ooyahisato","Japan"
"ooyama_rakuen","Japan"
"ooyp_qyoo","Japan"
"op1111zl505","Japan"
"op8988","Korea"
"op_nanami","Japan"
"opb_ma","United States"
"opc_4321","United States"
"opc_sutherland","Japan"
"opcgalicia","Spain"
"opcpest","United States"
"ope_yemi55","Africa"
"open_weights_ai","United States"
"openaidevs","United States"
"opencode","United States"
"openfish3","Japan"
"openmartin","Japan"
"openminded1475","Nigeria"
"openrouter","United States"
"operatorxxl","Japan"
"opeyemiafeezy","United Kingdom"
"ophvdkc151","United States"
"opopopgenki1212","Japan"
"opork889978","Taiwan"
"opp1625","Japan"
"oppobtc","Hong Kong"
"ops_warrior","United States"
"opti_maxx","Nigeria"
"optionking666","North America"
"optionsaction","United States"
"opulentdials","United Kingdom"
"opus_shesteffe","Japan"
"oq1bajv04wh3oaf","Japan"
"oqu200011","Korea"
"oragnes","Japan"
"oral_pg","Japan"
"oran_ge","Singapore"
"orange_mumy","East Asia"
"orange_red_yomo","Japan"
"orange_xxyy","Hong Kong"
"orangennya","Korea"
"orangeshake69","Indonesia"
"orayyyhee","Korea"
"orbit5n","Hong Kong"
"orbitdetails","Brazil"
"orca139794","Japan"
"orchery2020","United States"
"ordi_nary_maybe","Korea"
"ordmis9z","Japan"
"ore_golgo13","Japan"
"oredaidai","Europe"
"orenankado__se","Japan"
"orenzimatya","Japan"
"orepote_academy","Japan"
"orfe0713","Japan"
"orhfymytxv1n6l","United States"
"orichofrank","Kenya"
"oricon_ranking","Japan"
"orientedawn","United States"
"originalruks","Brazil"
"orihimetyann","Japan"
"orikyodesign","Japan"
"orionsbrowser","Brazil"
"orionsheepverse","United States"
"orl5uvotdm35836","Hong Kong"
"ororuinc","Japan"
"orttroz","Bangladesh"
"orville87622274","Hong Kong"
"os_ada_","Japan"
"osaka_aobaprint","Japan"
"osame_poikatu","Japan"
"osamucap","Japan"
"osamuracing01","Japan"
"osari015","Japan"
"oscabelha","Brazil"
"oscardaniloorte","Viet Nam"
"oscardcdu","United States"
"oscarjrug","United Arab Emirates"
"oscarponce41","United States"
"oscarudo7","Nigeria"
"oscaryeffal","United States"
"oshi_kawaii_tr","Japan"
"oshima_123","Japan"
"oshimennnnn","Japan"
"oshimitsukete","Japan"
"oshiochi9","Japan"
"oshirosuki_","Japan"
"osi_net","Japan"
"osikhena2014","India"
"ositolimax","Peru"
"osk51634","Japan"
"osome33","Japan"
"ososugi53_53","Japan"
"ossorioreyes","United States"
"ostlawrence","United Kingdom"
"osufbfanatic","United States"
"osushimama","Japan"
"oswaldstopguy","North America"
"ot44157","United States"
"otackgu","Korea"
"otagon_vr","Japan"
"otak_cutbray","Indonesia"
"othersidebj","Japan"
"othvista","East Asia"
"otis202101","Northern Mariana Islands"
"otisxiang01","East Asia"
"otivy_09","Hong Kong"
"otktrhk_","Japan"
"otmatm","Singapore"
"oto0605","Japan"
"otohane_momo","Japan"
"otomarujapan","Japan"
"otomo_fudosan","Japan"
"otonanoikenga","Japan"
"otonanoumemo","Southeast Asia"
"otoofoolandone","Japan"
"otorihiki_maron","Japan"
"ototamaworld","Japan"
"ototoino_joe777","Japan"
"ototusn0","Hong Kong"
"otowa_elec","Japan"
"otpcnews","Thailand"
"otrhkakntml","Japan"
"otroculemexa","Mexico"
"ott_release","India"
"ott_trackers","India"
"otterlyhomeless","United States"
"otto4304","Thailand"
"ottofjk","Brazil"
"ottohuang120","Taiwan"
"otun_myvpn","United States"
"ou_zhen599","Hong Kong"
"ouchaiya","East Asia"
"ouchi_t_journal","Japan"
"oudazhinazhu","Europe"
"ougre","Hong Kong"
"ouh_web1","North America"
"oummahnoor","Nigeria"
"our2rinaonmyway","Japan"
"ousadex01","Brazil"
"outsea_eth","United States"
"ouu313","Korea"
"ouyangzhuaibai","Singapore"
"overdoseyuerji","Japan"
"overheating_kr","Korea"
"overkillspawn","Singapore"
"overthemoonbird","United States"
"overthinke46099","Hong Kong"
"overture7th","Japan"
"ovidiuchira","United Kingdom"
"ovods61970","Taiwan"
"ovoyinglm2711","Hong Kong"
"ow_lvxx_00","Japan"
"owen05080215","Hong Kong"
"owensoo_bingx","Southeast Asia"
"owenwin888","Hong Kong"
"owl__ea","East Asia"
"owlz2015","United Kingdom"
"ownb_kim","Japan"
"owo_bb_0","Korea"
"owo_otl","Korea"
"owriwon","Indonesia"
"owudjca1t","East Asia"
"ox0u2vx4qd34102","Japan"
"ox_azu","Singapore"
"ox_ekko","Japan"
"ox_explorer","United States"
"ox_gems","South Asia"
"oxbashir","Nigeria"
"oxbryant","Hong Kong"
"oxfnm","Japan"
"oxford_tube","United Kingdom"
"oxforkeley","Singapore"
"oxgodwar","Japan"
"oxikking","Japan"
"oxmalio","Taiwan"
"oxo_jansang","East Asia"
"oxooxo666","Korea"
"oxwangye100btc","Taiwan"
"oxx_13_","East Asia"
"oxxox6349","Hong Kong"
"oxzenith_lili","Singapore"
"oyame738","Japan"
"oyayubis","Japan"
"oyebamijiolare3","Nigeria"
"oyl2tipl16aqp7j","Japan"
"oyo2yo","Japan"
"oyzry","Japan"
"oyzryou","Japan"
"ozan95920633","United States"
"ozanozjorh","Turkey"
"ozansahincccc","Turkey"
"ozarkxbb","Indonesia"
"ozcastillo","Venezuela"
"ozedikus","Nigeria"
"ozekuma_co_jp","Japan"
"oziiars25","Turkey"
"ozikoloji","Japan"
"ozmkd19dr0cqxdn","Japan"
"p0fpng","Korea"
"p1h_doubutumura","Japan"
"p3vex_","Japan"
"p5ffuej5u39ejoc","Japan"
"p75279198","Hong Kong"
"p80487877","Japan"
"p83pelinf3zhfmg","Japan"
"p8qpyon","Japan"
"p909u","Yemen"
"p9p9__p","Japan"
"p9pvhbu6gdail67","Japan"
"p9wb1kmpj484jew","Belgium"
"p_i_c_o_33","Japan"
"p_m_12","Korea"
"p_modellabo3249","Japan"
"p_negi_negi_p","Japan"
"p_nishiosyao","Japan"
"p_pengu_","Korea"
"p_sameeeee","Japan"
"p_splint","United States"
"paaaulorcs","Brazil"
"paangyin","Netherlands"
"paapurin_nr","East Asia"
"pabczzz","Brazil"
"pabkon_nyamx2","Korea"
"pablocmata","Mexico"
"paca7i","Korea"
"pacey_eth","Southeast Asia"
"pachi_ramen777","Japan"
"pachikosuotto","Japan"
"packtee5345","Japan"
"paco_noda_sub","Japan"
"paddedcassette","United Kingdom"
"paddington1215","Japan"
"paddler_wild","Hong Kong"
"padgett_jim","United States"
"padolatshu1225","Korea"
"padrhinha","Spain"
"paesano76","United States"
"pafema_sub","Japan"
"pagantaris1276","South Africa"
"pagilacci","Germany"
"pagol83","Bangladesh"
"pahadi_anjana","India"
"pai3ai","Armenia"
"paigefinnn","United States"
"painalfantasy","Japan"
"paipoi_gamedev","Japan"
"paisleyfuum08i","United States"
"paisleypark25","Japan"
"pakkamass1789","Saudi Arabia"
"paku1013jimin","Japan"
"palau60","Japan"
"palchil_7","East Asia"
"palchun7239","East Asia"
"palkisu","India"
"palorubin","Paraguay"
"paluyyds","Hong Kong"
"pameladimitrova","Viet Nam"
"pamelalexie","United States"
"pamelawirbw16o","Brazil"
"pami0358","East Asia"
"pampkin_78","Japan"
"pan_xxx__","Japan"
"panada_csgo","United States"
"pancake_isacat","Japan"
"pancha_pokemon","Japan"
"panda08708434","Canada"
"panda_motoblack","Hong Kong"
"panda_pachiyobi","Japan"
"pandaba007","United States"
"pandagrandpa","United States"
"pandahi0313","United States"
"pandakota1sho","Japan"
"pandazhq","United States"
"pandopage","Belgium"
"pandorahie","Viet Nam"
"panewscn","Japan"
"panexorcist","Southeast Asia"
"pangd_16","Korea"
"pangxiedashu","Japan"
"pani_reni_4","Japan"
"pankaj1001","India"
"pankajkumar_dev","India"
"panko_toav","Japan"
"panmu13","Hong Kong"
"panshao1996","Germany"
"pansyyyer","Hong Kong"
"panthera_oka","Bolivia"
"panwilowa","Canada"
"panxing0827","United States"
"paocai88888","Japan"
"paodeally","Brazil"
"paofuaoliao","Hong Kong"
"paoka1024","Singapore"
"paolaa77_","Uruguay"
"paopaoksj","Hong Kong"
"paoxiaog","United States"
"papa791713","Japan"
"papa831410","Europe"
"papai_ph22","Brazil"
"papaiyaa_name","Japan"
"papajmb51","United States"
"papanurse_3dog","Japan"
"papatorachannel","Japan"
"papatya_oreilly","United Kingdom"
"papawat1","United States"
"paperfogg2007","Japan"
"papermagazine","United States"
"papers_app","India"
"papervoice_tky","Japan"
"papillondejour","Malaysia"
"papinderb","Taiwan"
"papisleepy_rf","Japan"
"papygrandee","Nigeria"
"paqsuisa","Hong Kong"
"para_para_curry","Japan"
"paraibeaba","Brazil"
"parallaxzero","United States"
"parallel_crypto","Korea"
"paramiao","Singapore"
"paramonark","Japan"
"paramountmovies","United States"
"paramounttactcl","United States"
"paramountuk","United Kingdom"
"parasitekebab","United Kingdom"
"pardoniyimisin","Turkey"
"parentsarchive","East Asia"
"parepare_kikaku","Japan"
"parikpatelcfa","United States"
"paris13jeanne","East Asia"
"parishilton","United States"
"park7jm0","South Asia"
"parker_agi","United States"
"parkjiminmagiic","Brazil"
"parkly","Macao"
"parksundal0528","Korea"
"parkthomson075","Korea"
"parlaywilson8","United States"
"parle785","Japan"
"parler999","United States"
"parlingalanodel","Japan"
"parmar_prinkesh","France"
"parntwwtn","Japan"
"parushen2968901","Japan"
"pascal_plus","Japan"
"paskal_ren","Japan"
"passionweiss","United States"
"passivemoney100","Europe"
"passluo","Japan"
"passthepuck68","United States"
"pastada_","Japan"
"pastaheppoko","Japan"
"pastatin_","Europe"
"pasthetique","India"
"pasupass","Korea"
"patafolme","Japan"
"patelsn00","India"
"pathusa","United States"
"patmcafeeshow","United States"
"patoracyun","Japan"
"patou02100","India"
"patpatbuttkk","United States"
"patriciafe9458","China"
"patricialirxtw","Hong Kong"
"patriciasv22","Brazil"
"patrick70776507","United States"
"patrickcla0vbj","Turkey"
"patrickmorrfqk","Turkey"
"patrickstone222","Hong Kong"
"patrickwalker56","United States"
"patrijmzsc7mp","Hong Kong"
"patternstatic","Southeast Asia"
"pattongao","Hong Kong"
"pattydekl","Thailand"
"pauamozurrutia","Mexico"
"paubedoya_","Colombia"
"paul_merrey1945","United States"
"paula_hana1982","Brazil"
"paulabofinha40","Brazil"
"paulaobfr1994","Brazil"
"paulinaosoriob","Mexico"
"paulinenjoroge","Kenya"
"pauljuma","Kenya"
"paulo64rj","Brazil"
"paulohe46962663","Brazil"
"pauloquinti1","Brazil"
"pauloschiavon2","Brazil"
"paulperrytwpi","Turkey"
"paulphi98942454","United States"
"paulwagmi","Southeast Asia"
"paulxue1979","Hong Kong"
"pausteines","Viet Nam"
"pav_jee","East Asia"
"pavanku198","United States"
"pawa3a","Japan"
"pawapongasd","Japan"
"pawatrouble","Japan"
"pawelhuryn","Poland"
"pawm81","Brazil"
"pawptawt","United States"
"paxistrading","United States"
"paya033","Japan"
"payasomex","Mexico"
"paynebritsh","Brazil"
"payu_hime","Japan"
"pbdxlb","Hong Kong"
"pbeurgeoisie","Australia"
"pbkivfpxwfkaht7","Japan"
"pbo_official001","Japan"
"pcaversaccio","Europe"
"pcclotter","United States"
"pcfaqj3recdkufh","Japan"
"pchen2025","United States"
"pchiu_tw","East Asia"
"pcobidco","Hong Kong"
"pcshopmillion","Japan"
"pcznwnwlwh7977","Japan"
"pd7_yw","Japan"
"pd_kodak","East Asia"
"pdzuro","Canada"
"pe_yan777","Japan"
"pea3ch","Korea"
"pea_yellow","Japan"
"peacebypeacesay","Japan"
"peacehome_8884","Japan"
"peacesignvvv","Japan"
"peachri0ts","Europe"
"peakhourhuman","India"
"peakspider77","Japan"
"peanekochuu","Taiwan"
"peanutatchain","Taiwan"
"pearcechen42","Japan"
"pearl0812lucky","East Asia"
"pearldiverz","United States"
"peatpill","United States"
"pebbiowoe","Korea"
"pedriza27","Viet Nam"
"pedrocanochica","United States"
"pedroguggiari","Paraguay"
"pedrohenriqu818","Bangladesh"
"pedroronchi2","Brazil"
"peeko_fuku","Japan"
"peeroplayer1132","India"
"pegatan_0921","Japan"
"peggy13531696","United States"
"peggyham1948","Japan"
"pegmyhole","United States"
"pehenricn","Brazil"
"peidays306","United States"
"peieii579_","China"
"peijiancc","Hong Kong"
"pejoweho","United States"
"peketter_tech","Japan"
"pel9346","Southeast Asia"
"pela655","Argentina"
"pen_pentadr0515","Japan"
"pence0629","Hong Kong"
"pencha01ra","Japan"
"pendingfate_","United States"
"pendinguser41","United States"
"pendle_fi","Malaysia"
"pengchujin","Singapore"
"pengggg312313","China"
"penghe123","United States"
"pengran1217","Singapore"
"penguinarema","Japan"
"pengxuejun12553","Canada"
"pengyi_trading","Korea"
"pengyun1487631","Hong Kong"
"pengzhang01","Hong Kong"
"penn_btc","Hong Kong"
"penniedelusy","France"
"pennylu_0018","Taiwan"
"penpacn","Australia"
"penquibeardog","United Kingdom"
"pensacomaxota","Brazil"
"penthouse_band","Japan"
"penun0pshjw0i3r","Japan"
"pepecoineth","Mexico"
"pepedrt","United States"
"pepefly_","Hong Kong"
"pepegoldrh","North America"
"pepeisfriend","Viet Nam"
"pepelinbei","Hong Kong"
"pephan33727","United States"
"pequliah","Kenya"
"peradobilliards","Japan"
"pereira_ildeu","Brazil"
"perkins_ja3863","United States"
"permettez_vous_","Korea"
"peropero335230","United States"
"perrywi17922638","United Kingdom"
"persik_pesca","Japan"
"persol_pdi","Japan"
"persona2372","Japan"
"pesopo1","Japan"
"pesu23","Japan"
"petalghostinnee","Mexico"
"peter4play2010","United States"
"peter94829901","India"
"peter_m2008","East Asia"
"peterapperley","South Africa"
"peterbanda76","Malawi"
"petercheerstron","Netherlands"
"peterdelivinrok","Nigeria"
"peterhonehe","Viet Nam"
"petermazan","Hong Kong"
"peterparkercz","Japan"
"peters_okewa","Kenya"
"petersanchodws","Turkey"
"petersjjk","Brazil"
"peterzhou8964","Australia"
"petite0ne","United States"
"petz_cupom","Brazil"
"petz_cupom_","Brazil"
"pexqbdldgr80121","Japan"
"pezzimenti97764","United States"
"pf_streams","United States"
"pg_pugyu","Japan"
"pg_xhl","Japan"
"pgid651233","Hong Kong"
"pgid888","Romania"
"pgmarkets_cn","South Asia"
"pgo06020602","Japan"
"pgotqeyelp7gmy7","Japan"
"pgpirmcwvf4acjb","Japan"
"pgxsaachan","Japan"
"pgzinn18","Brazil"
"phal65444805","Viet Nam"
"phanes_42","East Asia"
"phantom","United States"
"pharaoh4207891","Taiwan"
"phd_cds","United States"
"phelamelrex","Hong Kong"
"phemex_official","United States"
"phenixmb2","Japan"
"phieoid","Canada"
"phil_lazar195","United States"
"phil_xd208","Canada"
"phill76815","Japan"
"phillips_d77283","United States"
"philo_dilemma","Japan"
"philosophy7_8","Japan"
"phindol00","Korea"
"phinphat43","Thailand"
"pho_potacha","Japan"
"phoebus0808","Eastern Europe (Non-EU)"
"phoenix_alphax","Malaysia"
"phoenixlzx","Japan"
"phoenixyin13","United States"
"phongnova","Viet Nam"
"photomasu","Japan"
"photonma","Japan"
"phototsubasa","Japan"
"photowebb","United Kingdom"
"phuonglinhchain","Viet Nam"
"phuongthimn","Viet Nam"
"phuongvy8998","Viet Nam"
"phyrexni","Singapore"
"physical_online","Japan"
"phyt63","United States"
"pi2019xing","Taiwan"
"pi3033","Japan"
"pi_e_yo_n","Japan"
"pi_hapi_pi","Japan"
"pi_pg_98","Japan"
"pi_qiu60746","China"
"pianhangx","East Asia"
"piano0021","Japan"
"piano1214y","Japan"
"picasso485201","Singapore"
"pichaelmarkes","Canada"
"pichi46","Spain"
"pichipochi","Japan"
"pichizo","Japan"
"pickalphas","Japan"
"pickerhz","Taiwan"
"picochoco1024","Japan"
"picoinen","United States"
"picwiner","Indonesia"
"pidanksez","Hong Kong"
"pidopopo","East Asia"
"piebi_adhdasd","Japan"
"piedadgalljzbf","Philippines"
"piedadolorido","Brazil"
"pien_mori","Japan"
"pienchan__dayo","Japan"
"piennaiteru","Japan"
"pietehao","Korea"
"pietro73361521","United Kingdom"
"pifagor_dao","Poland"
"pigdulgi","Korea"
"pigjunebaba","Hong Kong"
"pigman3141","Japan"
"pigodam","Brazil"
"pigsandplans","United States"
"pigu_kuma630","Japan"
"pihuparmar01","India"
"piiii214co","Japan"
"piiko_0811","Japan"
"piin767603","Hong Kong"
"piinkkcherry","Italy"
"piiony","Singapore"
"pikapipochacha","Japan"
"pikapoka3999","Taiwan"
"pikarin_1819","Japan"
"pilgrimnote","Australia"
"pillsandblood","Singapore"
"pilotokskr","East Asia"
"pilotonfomo","United States"
"pinakano","Japan"
"pinakoncha10ri","Japan"
"pine1230_","Korea"
"pine_hehe","Philippines"
"pingan686","United States"
"pingangai","China"
"pingboliu616","United States"
"pingdaolintail1","Japan"
"pingdixie3","China"
"pingsh1011","Korea"
"pingzhang632","Israel"
"pingzijun8964","East Asia"
"pink_awabiiiii","Japan"
"pink_solispia","Japan"
"pinkauramj","South America"
"pinkcaptain14","Hong Kong"
"pinkcatlovesky","Taiwan"
"pinkipoooi","United Kingdom"
"pinkponylillard","United States"
"pinkwooeong","Korea"
"pinkyyll","East Asia"
"pino6qj","East Asia"
"pinokoai44523","Japan"
"pinosuki869","Japan"
"pintomarko_o","Brazil"
"pio01234","Japan"
"pipebladex","United States"
"pipi_coco_pipi","Japan"
"pipo_eth","Argentina"
"pipopen_826","Japan"
"pipperl","Taiwan"
"piqi2023","Taiwan"
"piranyaau","Thailand"
"piratechristian","United States"
"pirosesan","Japan"
"pisal_pov","Cambodia"
"piscesprada","Philippines"
"pisone_erover","United States"
"pitbulls_esport","United States"
"pitbulltrader","Israel"
"pitchfork","United States"
"pitermm","North America"
"piteyang1985","China"
"pitter_nunnes","Brazil"
"pittzhao62654","Canada"
"pixbuilds","Europe"
"pixel_ribbon","Japan"
"pixelanglers","Japan"
"pixelflicker_","India"
"pixelorangeai","Singapore"
"piyocomplex","Japan"
"piyomatu_01","Japan"
"piyozeta","East Asia"
"piyuqi33499","China"
"pizdatiy_sempai","Sweden"
"pizza_kiyo","Japan"
"pizzaman_mgmg","Japan"
"pjasunote","Japan"
"pjicase","Brazil"
"pjjin574832","East Asia"
"pjlbrunelle","France"
"pjmcalove","United States"
"pjmkgirl","Brazil"
"pjmspunk","Brazil"
"pjpqiwryuqtwic","United States"
"pjsflwr","Brazil"
"pk_flapmeme","Singapore"
"pk_mscl","Japan"
"pkbaum","United States"
"pkshepard","United States"
"pkublockchain","Hong Kong"
"pl1yzljifbw9ohi","Japan"
"pl4n3t__","Korea"
"placebo800","Japan"
"pladan_factory","Japan"
"planet52hzz","Hong Kong"
"planet_chorus","Japan"
"plantab_forlife","Korea"
"plantadz","Hong Kong"
"plantkuroba","United States"
"plasticine9750","Singapore"
"platojobs","Hong Kong"
"platymama_","Canada"
"plauye_490","Japan"
"playapex","United States"
"playmatejaylene","New Zealand"
"playoffkee_","United States"
"playstation","United States"
"plco0btvwpte8fj","Japan"
"pledis_17","South Korea"
"plink8537","Hong Kong"
"plkjhgfd489030","Canada"
"plli312616","Japan"
"plugindeals","Europe"
"plum_blossom08","East Asia"
"plus55555555","Japan"
"plushe1160846","Hong Kong"
"plusyip","North America"
"pluto_crrypt1","Japan"
"pluto_miss","Hong Kong"
"pluvio9yte","United States"
"pluya_uraura","Japan"
"plv228","Japan"
"pmanmos","Japan"
"pmvq2140","Malaysia"
"pnai113","United States"
"pneh1ao4u5sn1kc","Japan"
"pngchng61884676","Hong Kong"
"pngtug21","Spain"
"pnyu188562","Hong Kong"
"po_ke_mo_n_","Japan"
"poca2381","Hong Kong"
"poch_zzz","Thailand"
"pochacco0816","Japan"
"pochi20230526","Japan"
"pochi_toto","Japan"
"pochiekon","Japan"
"pochiham_1","Japan"
"poe_cole","Nigeria"
"poeare_kani","Japan"
"poetryman551","United States"
"poffselim","Spain"
"pogeeee_21210","Japan"
"pohlmanmaryna","United States"
"poidumi_junichi","Japan"
"poikatsu_dsuke","Japan"
"pointihut0","Japan"
"pointmaniaa","Japan"
"poison_2_","United States"
"poke_dora_mon","Japan"
"poke_times","Japan"
"pokemon1136","Japan"
"pokemongohxa2","Japan"
"pokemoriarichan","Japan"
"pokeshin55","Japan"
"pokesleep0666","Japan"
"pokie_72","Belgium"
"pokklen2525","Japan"
"pokocyann_aiart","Japan"
"polagom_","Korea"
"polak68966398","Thailand"
"polaris542436","Singapore"
"polboran","Japan"
"poli69748","Hong Kong"
"politicprepper","United States"
"polkadot","Europe"
"pollenround","United States"
"poly_taiwan","Taiwan"
"pomao11","Hong Kong"
"pomao378","Hong Kong"
"pomekko_cham","Japan"
"pomeme_rm","Japan"
"pomgsatip","Korea"
"pommy_co","Japan"
"pomupomu182","East Asia"
"pomyu_macaron","Japan"
"pon_99999","Japan"
"pon_pach","Japan"
"poncon99","France"
"ponieui","Hong Kong"
"ponion_inc","Japan"
"ponkotsuban","Japan"
"ponkotuyusha","East Asia"
"ponkun143","Japan"
"ponpon3313","Japan"
"ponpon9185","Japan"
"ponponusagi2","Japan"
"ponrete","Japan"
"pons4live","United States"
"pooja_bikaner","India"
"pookyartrealm","Thailand"
"poolmoon6","Singapore"
"poolsideai","Portugal"
"poomaru_00","Japan"
"pooooinn","Taiwan"
"poopmandefi","Malaysia"
"pooppy_sq2","Japan"
"pop_single","Japan"
"popbones","Australia"
"popo654_","Hong Kong"
"popoi0008","Japan"
"poposakuratic","Japan"
"poppin_so","Turkey"
"poppy65592887","Thailand"
"poppya12390","United States"
"popusaco","Japan"
"porsche1024","Japan"
"porshadumacx1p","Viet Nam"
"portd0","Europe"
"porterrobinson","United States"
"portertech","United States"
"portfam","United States"
"portraitureds","Indonesia"
"portswiggerres","United Kingdom"
"portwayplumbing","Viet Nam"
"poruco_pelra","Japan"
"pose25252","Japan"
"pot4kud4","East Asia"
"potalk0cf","East Asia"
"potatobabbs","Korea"
"potatoefriedly","Hong Kong"
"potemin69","Japan"
"potocagem","Brazil"
"potohu__oisii","Japan"
"pou1e","Latvia"
"poulpe_888","Japan"
"povswifty","Norway"
"poxa_taty","Brazil"
"poyoeb","United Kingdom"
"pp_haru","Japan"
"ppa_na_x","Korea"
"ppab473657","Korea"
"ppbluorn","United States"
"ppisabeauty","Bangladesh"
"pplscitycouncil","United States"
"pppmomo0x","Hong Kong"
"pppoppoutty","Taiwan"
"ppyuryeong","Korea"
"ppznlxpdgz6006","East Asia"
"pqdalua","Brazil"
"pqgigobsmh82907","Japan"
"pqtonx","United States"
"pra47423550ajay","Japan"
"pra4it7","Japan"
"praeiseup","United States"
"prageethgallage","Sri Lanka"
"praisegod99","Nigeria"
"prajapatirajx","India"
"pranaya_infosof","India"
"pranotidahake","India"
"praprapra","Japan"
"praptigoel1","United States"
"prateek16111989","India"
"prathkum","India"
"pratiikkkk","India"
"pravda_br","Brazil"
"pravinp72982609","Turkey"
"prcrenminwansui","Hong Kong"
"precious_nan","Hong Kong"
"precure_marv","Japan"
"predator_fund","Thailand"
"predictdotfun","Southeast Asia"
"preettaa","Brazil"
"premierinn_coms","Germany"
"premierleague","United Kingdom"
"present5599","Japan"
"prestonbox","Hong Kong"
"pretech_n","Japan"
"pretext999","Singapore"
"prettigum","United States"
"prettykreepea","United States"
"pretzellogic","United States"
"preyz_horita","Japan"
"preyz_sannomiya","Japan"
"prezmo_official","Japan"
"prgkop","Japan"
"prgyop","Hong Kong"
"priincesspiee","Ethiopia"
"prijra","Brazil"
"primemovies","United States"
"prince_nic94986","Viet Nam"
"princek55455462","India"
"princesse_0129","Japan"
"princessmoder_","Brazil"
"princey21m","United Kingdom"
"prinzanaju","Brazil"
"prisaoliberdade","Brazil"
"priscillamabaso","South Africa"
"prismacim","Spain"
"prismtraveler","Japan"
"priyank56773870","United Arab Emirates"
"prjonnybravo1","Brazil"
"probubb","Singapore"
"profanegra","Brazil"
"profdemirtas","Turkey"
"profericcoleman","North America"
"professor_jrue","Taiwan"
"profgenkanter","United States"
"profkibwana","Kenya"
"profmarcilon","Brazil"
"profree6","United States"
"project_luminus","Japan"
"projectstjoan","United States"
"projetokpopsz","Brazil"
"prolibertine","United States"
"prolin123456","China"
"prometheus3bob","United States"
"promiscuuous","Brazil"
"promise214k","Nigeria"
"promiseanamoji","Nigeria"
"promisedotsol","Nigeria"
"promisegodwin2","Korea"
"promisekeeper14","Korea"
"promotorajoh","Brazil"
"promptandcode","East Asia"
"promptcraft_lab","Japan"
"proofsmith","United States"
"prophetvicentm","Uganda"
"prosperxle99","Viet Nam"
"proudlynegro1","Nigeria"
"proven018","Japan"
"prsk_kjktrn","Japan"
"prtimes_life","Japan"
"prtimes_stup","Japan"
"prtincess","Indonesia"
"prukatiffany","Spain"
"psamanthula","United States"
"psdrohenrique","Brazil"
"psjota_","Brazil"
"pskdilek","Turkey"
"pskooo8","Japan"
"pspdjj2024","Japan"
"psy184025","Hong Kong"
"psycho_tora_x","Japan"
"psychodelicas_","United States"
"psychopathy18","Japan"
"psyofsouthwest","Europe"
"ptipromo","West Asia"
"ptrn_25","Korea"
"ptthegreat","Hong Kong"
"ptucker98","United States"
"pty229900_u","Japan"
"pu_pu_poe_n","Japan"
"puchimimu","Japan"
"pudding_oyo","Korea"
"pudinss0","Brazil"
"puffco","United States"
"puffoods","Japan"
"puffypoodle6","United States"
"puigia_biubiu","Taiwan"
"pujiang168","United States"
"pulie_0728","Japan"
"pullingstraws","United States"
"punischannel","Japan"
"punk2898","Singapore"
"punk_type_r","Japan"
"punkuniverseice","Japan"
"punter_070707","Japan"
"puoooo_xi","Japan"
"pupchicoin","Ukraine"
"puppiesrxi","East Asia"
"puppy_camel","China"
"pupupupuchiiii","Japan"
"pur0_m7","Japan"
"puraniksharad","India"
"purasukarumavt","Japan"
"purattono1","Japan"
"pure53850907","Japan"
"purelyhero1","Japan"
"pureraney","South America"
"purewhite_trhk_","Japan"
"puroossin","Brazil"
"puroresu1121","Japan"
"purpleedotae","Brazil"
"purpleplum0520","Korea"
"purpspencil","United States"
"puterprsn","United States"
"puti85655","Japan"
"putridwishsw","Indonesia"
"putugedeoka3","Indonesia"
"puu60k1v","Taiwan"
"puzzlefriends","Japan"
"pvd8ntdkyq4agsx","Japan"
"pvishnukant","India"
"pvyyu42928466","East Asia"
"pwa24567","United States"
"pwb431124","Hong Kong"
"pwenzhen76938","Japan"
"pwnz0r_","United States"
"pwpp33306","Hong Kong"
"pxpismitty","United States"
"pxsczy","Caribbean"
"pxxxxxzzzz","United States"
"pyappyachan","Japan"
"pyceid754","United States"
"pyo__m_","Japan"
"pyon1vu2","Japan"
"pyon271","Japan"
"pyong_deog","Korea"
"pyrmontvillage","Hong Kong"
"pyscho1818","Germany"
"python_xxt","Singapore"
"pythonomics","United States"
"pyu_ti_fi","Japan"
"pyuremiamu79","East Asia"
"pyuyi233","United States"
"pz_x8sg","Japan"
"pzai00","East Asia"
"pzcat0216","United States"
"pzdsb3_kida","Japan"
"pzkpfw_ii_l","Japan"
"q19881123","North America"
"q27o_","Egypt"
"q2gp62","Japan"
"q2u9wyrk6asp03j","Japan"
"q4lkh0","Japan"
"q4qxfml3cfkqkdg","Japan"
"q7xb1_","Hong Kong"
"q91012wa","United States"
"q_may_007","United States"
"q_mr54","Japan"
"qa2l7xi","Japan"
"qanmessiyamal10","Germany"
"qap3515ii9bcvlg","Japan"
"qazikabeer04","Finland"
"qb3a6xaura93542","North America"
"qb_doge","Japan"
"qbdfo9qrcc627","China"
"qbhouseofficial","Japan"
"qchicken_jp","Taiwan"
"qcodecc","East Asia"
"qd_xnc","Japan"
"qdchaogg","United States"
"qdquasar","Bolivia"
"qe5jje","Japan"
"qe8rw0cyj1gd5hr","Japan"
"qegujdl7gz71106","Japan"
"qehsj07jej87716","Japan"
"qeogrp4lpm8067","Japan"
"qfdhc2005","China"
"qfhsj2","Hong Kong"
"qfzzyxnjszlfkgx","Japan"
"qg3945995892","Hong Kong"
"qg7777","United States"
"qhmklkcs9qhaf3k","East Asia"
"qhzcdhsvs8zpprl","Japan"
"qi_nian73109","Singapore"
"qi_ruan40055","United States"
"qia_a50525","Taiwan"
"qianduo53129251","China"
"qiang_zhan58632","United States"
"qianlongweb3","Hong Kong"
"qianmen987","Japan"
"qianqian2928","Canada"
"qianqianl1","China"
"qianshuixia2026","United States"
"qiant2004","United States"
"qianyueyyy","Hong Kong"
"qianyuwing","Taiwan"
"qiao62436","Japan"
"qiaobenhun","Southeast Asia"
"qiaoxiaofei0214","Japan"
"qibin8687","Japan"
"qifengle999527","United States"
"qihang_zeng6688","United States"
"qihao946","United States"
"qilanwubi","Hong Kong"
"qili777999","United States"
"qilua02","Southeast Asia"
"qimengle","Japan"
"qimugv85626","United States"
"qin88484","Germany"
"qinbafrank","Japan"
"qinchng74215939","Japan"
"qing348107","Hong Kong"
"qing_bian87661","China"
"qingchen1222","China"
"qingdao114515","Hong Kong"
"qingdayyie","Japan"
"qingerqq2024","Japan"
"qingfengdi89","United States"
"qingfengtrader","Japan"
"qinghuawang","Canada"
"qingke_ai","United States"
"qingqingge152","United States"
"qingyue820","United States"
"qingyunlove","China"
"qinhailong88","Hong Kong"
"qinjianbo1984","Germany"
"qinn_si","China"
"qinnamonroll","United States"
"qinran_poppy","Hong Kong"
"qinyuele","Czech Republic"
"qiqh7wvnq4tbeec","Japan"
"qiqi3971","Singapore"
"qiqi7877","Oceania"
"qiqi8013","Hong Kong"
"qiquan13","United States"
"qitngtng113943","Japan"
"qiu51645","China"
"qiuping","Japan"
"qiuseoflove","Hong Kong"
"qiushuiqiushui","United States"
"qiuxiansheng666","China"
"qiyue988","Hong Kong"
"qiyue_76","Japan"
"qiyueliuxing112","United States"
"qizong007","Hong Kong"
"qj2mrzomsa7yxwp","Japan"
"qj790822","East Asia"
"qjxjtor","Korea"
"qkddbf_cod","Korea"
"qkhkm","Japan"
"qkhs1pbxfv31212","Japan"
"qkuangzhang","Singapore"
"qkwvcfydbvbmzlr","Japan"
"ql2ni","Korea"
"ql77tcqmeslzy8t","Japan"
"qllpxi847","United States"
"qlpaiqqbupzkpy","United States"
"qlssn_1226","Japan"
"qmarena","Japan"
"qmmmike","Hong Kong"
"qmyzgrvzhd10463","Japan"
"qmzhedbumqcxau","United States"
"qngshn34542","China"
"qngshnbiy334501","China"
"qngshu558474954","Hong Kong"
"qnlybf02","Japan"
"qoiipp8hp94ljuf","Japan"
"qpnugnbsgsfynqg","Japan"
"qpzmzm","Korea"
"qq_timmy","Taiwan"
"qqa16802","Brazil"
"qqa16806","Hong Kong"
"qqa16807","Hong Kong"
"qqai2778","Japan"
"qqbbmmddpp","Korea"
"qqjy2000","Singapore"
"qqqtelegram","United States"
"qqxx42110","East Asia"
"qqyp73b6rl69427","Hong Kong"
"qras2_","Japan"
"qrzdd","East Asia"
"qs6868","United States"
"qsbiv1ibgw83810","Singapore"
"qssqxs","Lao People's Democratic Republic"
"qsyybb","East Asia"
"qt6t0ee_","Japan"
"qt9277","Hong Kong"
"qtdevlop","Japan"
"qtlvjhbdypscsm7","Japan"
"quaalude_gary","United States"
"quadfulbody173","Japan"
"quai_javonoo","Japan"
"quakerextremist","United States"
"quakersbaseball","United States"
"quangtan871205","Viet Nam"
"quanliheimu","New Zealand"
"quanlujun","United States"
"quantium16","Russian Federation"
"quantumtransf","Hong Kong"
"quark_zju","United States"
"quasarne","Japan"
"quaseviral","South America"
"quaxnxquxxquxex","Japan"
"qucheat123","Japan"
"queekidrauhlz","United Kingdom"
"queen2steve","United States"
"queenawinikhel","Bangladesh"
"queeninsight","South Asia"
"queenmoon583288","Japan"
"queenztweets","Zambia"
"queerisy","Indonesia"
"quelquefois777","Japan"
"queni186","South Asia"
"quicklyvpn","Hong Kong"
"quiksilver4238","Japan"
"quincyzhao59589","Japan"
"quinneshone","United States"
"quintenokabfaq","Turkey"
"quintionleander","United States"
"qukuai66","Hong Kong"
"qumb_404mld","East Asia"
"quocardpay","Japan"
"quoideneuf26","Korea"
"quokkawang5","Taiwan"
"quotidia_jp","Japan"
"quqideshijie","China"
"qurally33","Hong Kong"
"quschdnjs","United States"
"quyin1116","Japan"
"quynhchi7817","Viet Nam"
"qv9cv","Korea"
"qv9pj","Japan"
"qw1kovov","Hong Kong"
"qwaewillis1","United States"
"qweku_blue","Ghana"
"qwert12345q2","Japan"
"qwert555551ip","Taiwan"
"qwertyaxl","Indonesia"
"qwertymusculz","Japan"
"qwezhangplm","Japan"
"qwqkebukeai","Hong Kong"
"qwqyimolove","Hong Kong"
"qx8382_","Japan"
"qxfmpbypsn50178","Taiwan"
"qxgy88","Hong Kong"
"qxrxdvd936","United States"
"qy726","East Asia"
"qyeahdc","United States"
"qzonovv","Japan"
"qzsolana","Hong Kong"
"qztxpwnsiolakd","United States"
"qzzonebit","China"
"r09smttxeibkbhm","Japan"
"r0senbergultra","Germany"
"r0setiger","Hong Kong"
"r1n_t16","East Asia"
"r2453edss","Japan"
"r3vl_xyz","United States"
"r66566","Japan"
"r7ruk","Japan"
"r7shrfourri9y8m","Japan"
"r8raq","United States"
"r8zlppduvs7295","Japan"
"r9_k5_hj","Japan"
"r___20o","Japan"
"r___i316","Japan"
"r___nekoron","Japan"
"r_c2z1","Japan"
"r_game0313","Japan"
"r_jack259","United States"
"r_letmehear","Japan"
"r_m_tkdb07","Japan"
"r_macha_","Japan"
"r_ov_e","Korea"
"r_yokugami","Japan"
"ra12112monalisa","Korea"
"raaaiiii_","South Asia"
"raaain_13","Taiwan"
"rabacastone","Bangladesh"
"rabbijeffx","Norway"
"rabbitandtiger3","East Asia"
"rabbiwolpe","United States"
"rabienrose1988","Japan"
"raccoonhkg","East Asia"
"rach_el_1982","United Kingdom"
"rachelrifx","United States"
"rachelzhaoejgh","Singapore"
"rachlgrezn","Brazil"
"racngc3goj48306","East Asia"
"racoon_guiter","Korea"
"rad_i_144","Japan"
"radarofertas_br","Brazil"
"radeemraselas","Africa"
"radekosmulski","Australia"
"radiata_stories","Japan"
"radicalbridge","Japan"
"raeannmusaay","Philippines"
"raeannvenus","United States"
"raedelia57906","United States"
"raepullmanqxin","Guyana"
"raeraeng99","Korea"
"rafaelceciniv5","Viet Nam"
"rafaelf53813895","United Kingdom"
"rafaellabsnts","Brazil"
"rafaelpea13","Mexico"
"rafflesia_ne","Japan"
"rafi2lrcgb72105","Japan"
"ragdollritty","Australasia"
"raha_04","Korea"
"rahilamujahid","Pakistan"
"rahitoo12","Korea"
"rahman_jago_","Nigeria"
"rahmanabdul001","United Arab Emirates"
"rahmatullaah","Venezuela"
"rahulja50700005","India"
"rahulpandey383","Finland"
"rai_swing","Japan"
"raiden8829","Japan"
"railgun_project","East Asia"
"raimitaiye5","Nigeria"
"raimu173103","East Asia"
"raimu_nex","Japan"
"raimuminto_0119","Taiwan"
"rain60550912","China"
"rain_216","United States"
"rain_amebashira","Japan"
"raina_hodge","South Asia"
"rainbow_asi","Japan"
"rainbow_hobak","Korea"
"raincolorsinc","Japan"
"rainelearner","Southeast Asia"
"raineplayboy","Southeast Asia"
"rainfiel","Japan"
"rainhacupom","Brazil"
"rainlh144221","East Asia"
"rainmaker1973","Italy"
"rainmorning_","United States"
"rainnie73w","Taiwan"
"rainwan98094","China"
"rairai344","East Asia"
"raise_kg","Japan"
"rajagee001","Pakistan"
"rajduncan","Australia"
"rajinikanth","India"
"rajputrahul1511","United States"
"rakeshgunduka","India"
"rakka_mikun","Japan"
"rakki1313","Japan"
"rakuten_asidra","Japan"
"rakuten_rinon","Japan"
"raleighc","United States"
"ralphbennepxvn","Turkey"
"ram_mga1429","Japan"
"ramansharmasm","India"
"ramaywrites","Pakistan"
"ramen2023s","United States"
"ramenmaru_desu","Japan"
"rami6888","Singapore"
"ramireez_adry","Viet Nam"
"ramkunwarraj21","India"
"rammerzeng","Japan"
"ramses3434","Viet Nam"
"ran69ai","Japan"
"ranafukuku46","Japan"
"ranao812","Japan"
"ranasarkk1","Viet Nam"
"ranaverse618","Bangladesh"
"randa1i","Finland"
"randam_name","Japan"
"randhaeasingh","India"
"randomnhguy","United States"
"randomppl53","Canada"
"randy_shannon","United States"
"randybj","Hong Kong"
"randyspate","United States"
"raneeespos3ezx","Germany"
"rang_shang","East Asia"
"range_xx_1","Korea"
"rangohou","United States"
"rangzi97411","China"
"ranmaruchannel","Japan"
"ranningtrainbas","Japan"
"ranr29","Japan"
"ranranru_chacha","Japan"
"ranranyk","Singapore"
"ranshikiumiyu","Japan"
"raojing147727","Taiwan"
"raoqf_","Japan"
"raparicio376","United States"
"raphmond_","Africa"
"rapidly_yuen","Japan"
"rapperllove","United States"
"rararara__8","Japan"
"rareribbit","United States"
"rarirureron0108","Japan"
"raryskin","United States"
"rasa_ao","Japan"
"rasasenyap","Southeast Asia"
"rastein_119","Japan"
"ratatatatata___","Japan"
"ratoo","United States"
"rav_hedda","Singapore"
"raven6667jc","United States"
"ravikiran_dev7","South Asia"
"ravindr21158124","Japan"
"rawliberation","Taiwan"
"raxfinance","Singapore"
"ray0w0","Japan"
"ray_clerk","Japan"
"raycat2021","Korea"
"raycc506","Canada"
"raymo3n9dzac6ha","United States"
"raymondbry_101","Nigeria"
"raymonl111","Germany"
"raymonmind","Nigeria"
"rayraymalik12","United States"
"rayunnaru","Japan"
"razerfrance","France"
"razgrizwing","Taiwan"
"razorsmack1","United States"
"razz_aipri","Japan"
"razz_production","Japan"
"rbi_global_eco","Japan"
"rblx8vnpvd46892","Singapore"
"rc_nwo","Japan"
"rcampan","North America"
"rcausbie88","United States"
"rchllfrnx","Philippines"
"rchopelas37031","Viet Nam"
"rcitykun","Singapore"
"rcizhongwen","Canada"
"rcrocha35","Brazil"
"rd_ttmnue","Japan"
"rdudi01_","India"
"re7_ai","United States"
"re_qu4rk","Korea"
"re_rederin","Japan"
"rea1reinacruz","Cuba"
"react_dom","East Asia"
"readcryptomemo","Saudi Arabia"
"readeringa","United Kingdom"
"readingradio","Japan"
"readygosennan","Japan"
"readysteadydjo","United States"
"real0xzero","United States"
"real_french_guy","France"
"real_huang_","Hong Kong"
"real_kei_","United States"
"real_maxlion","Taiwan"
"real_rz_","Hong Kong"
"real_sirwoody","Canada"
"real_techworld","Nigeria"
"real_wlyyy","Hong Kong"
"realalphapaw","Japan"
"realaspergers","Japan"
"realbaofuliu","Hong Kong"
"realbitrich","Taiwan"
"realcap1","Hong Kong"
"realcatsalmon","United States"
"realchendahuang","United States"
"realcryptocorey","United States"
"realdevian","United States"
"realfamilycrete","United States"
"realfish","Ireland"
"realgeopolitica","Argentina"
"realgeorgechan","Canada"
"realhaider__","Pakistan"
"realhanyahu","United States"
"realhoshinofuji","United States"
"realhuazong","Taiwan"
"realhughjackman","United States"
"realiazed","Indonesia"
"realjm_victory","Australia"
"realjonshon","North America"
"realkaicrypto","Southeast Asia"
"realmaalouf","United States"
"realmadrid","Spain"
"realmadriden","Spain"
"realmaxluo","Singapore"
"realmaxtern","India"
"realoverheardla","United States"
"realpreityzinta","United States"
"realraysmiley","United States"
"realrobertsong","Taiwan"
"realsamhu","United States"
"realsebunkun","Japan"
"realsinya","Hong Kong"
"realtaki42","Canada"
"realtimharris","United States"
"realtonyxu","United States"
"realtrumpcoins1","United States"
"realtuckfrumper","United States"
"realvichere","Japan"
"realwezzard","United States"
"realwilliamhsu","Japan"
"realwreacher","United States"
"realxiodos","Japan"
"rebavitellaro","Japan"
"rebeccaandtqkb","Turkey"
"rebeccaayne","Africa"
"rebeccajacxaqo","United States"
"rebelldot_work","Japan"
"rebelliousfuck1","United Kingdom"
"reboltic","Southeast Asia"
"reboottttttt","Indonesia"
"recatm","Canada"
"recehtapisayng","Indonesia"
"reciclatecno","Mexico"
"recordgba","China"
"recovery_labo","Japan"
"recpos_bcp","Japan"
"recruitbixbyfb","United States"
"redactedrain","United States"
"redani0721","Japan"
"redarimdt6a","Germany"
"redbee606","China"
"redcarpetcramer","United States"
"redcomet22","Japan"
"redditmascot1","Malaysia"
"redemption1126","Japan"
"redhox_core9x","South Asia"
"redpandasoui","East Asia"
"redpolo999","Japan"
"redrighthandt","Argentina"
"redrogxy","United States"
"redsgooner","Japan"
"redsoxalmanac","United States"
"reechutd","Africa"
"reedlterry1","United States"
"reeeen8637","Japan"
"reeenns","United States"
"reenit","United States"
"reese11240306","United States"
"refeed_rc","Japan"
"refeen","Southeast Asia"
"refien123","Japan"
"reflect123456","Japan"
"regaltokyo","Japan"
"regdncom","United States"
"regeniaranj7i","United States"
"regigigas0115","Japan"
"rehanchaudjgwiu","United States"
"rei012652","Japan"
"rei2012com","Japan"
"rei30327536","Japan"
"rei_nana_pgr","Japan"
"rei_nyanchu","Japan"
"rei_sukoboshi","Japan"
"reidthinking","Southeast Asia"
"reiivine","Poland"
"reika_trade","Japan"
"rein_voice_cp","Japan"
"reina_bunny_ai","Japan"
"reina_dream8","Japan"
"reinai_","Taiwan"
"reinaldoprof","Brazil"
"reinanqueiroz","Brazil"
"reisuimirai","United States"
"reito_j","Japan"
"rejhanvuniqi","Albania"
"rejlyr","Brazil"
"rejoice5npxl_fr","Japan"
"rek1shi_udon","Japan"
"rekarsai","Japan"
"rekuiemu_utxtu","Japan"
"relaxview","South America"
"remax_kanashizu","Japan"
"remedioskosin","United States"
"remembersoned","Brazil"
"remii_funds","Nigeria"
"remogu_lassic","Japan"
"remon_naru","Japan"
"remsor076","Japan"
"ren0922worlds","East Asia"
"ren123698","United States"
"ren440383311077","Japan"
"ren_bleach","Korea"
"rena_reve","Japan"
"renachi_ateez3","Japan"
"renaikonsaru48","Japan"
"renataraphkohu","Poland"
"renatin72505138","Brazil"
"rene_and_yuisa","Japan"
"reneebobo5qkm","Canada"
"reneerud","United States"
"rengevois","Japan"
"rengoulart","Brazil"
"reni02reni","Japan"
"renjianjiangshi","East Asia"
"renjiansyuetian","Hong Kong"
"renjianyoushu","Europe"
"renka_night","Japan"
"renkon87","Japan"
"renlu_ai","United States"
"renn___kea","Japan"
"rennelta78765","France"
"renopro_reform","Japan"
"renoxyy_","Japan"
"renpingsheng21","United States"
"renrem77","Japan"
"renren_siro","Japan"
"renri0_0","Japan"
"renshaobaiswife","North America"
"rentalhorror","Japan"
"rento1324","Japan"
"reo_tasogare","East Asia"
"reomutn77","Japan"
"reon__renon","Japan"
"reonis_reonis","Japan"
"reos_20250322","East Asia"
"repbcca","Indonesia"
"repentanceci","Côte d'Ivoire"
"rerasertech","North America"
"rerere_____ru","Japan"
"research878","Japan"
"researchcai","Hong Kong"
"resenhadojunior","Brazil"
"reset_0_o","Taiwan"
"resetlife2022","Japan"
"reshukr","India"
"resonance88888","Hong Kong"
"respectmyfierce","United States"
"responsejp","Japan"
"rest_art321","Japan"
"reta_retta","Korea"
"retardmeth","United States"
"retardsanddegen","United Arab Emirates"
"retepa8964","Hong Kong"
"retoro_iroiro","Japan"
"retrix007","India"
"reubenboytby","Japan"
"reutersbiz","India"
"reval_11196","Korea"
"revengedlove_","Taiwan"
"reverie000","Bolivia"
"revive_myne","West Asia"
"revolttv","United States"
"rewaibi","Singapore"
"rewat_cher","Africa"
"rewtwin","United States"
"reycyil1023","Japan"
"reynatarantula","South America"
"reynolddai","Japan"
"reyra517","Hong Kong"
"reyu_moa","Japan"
"reyu_yua","Japan"
"reyuseion","Japan"
"rezanuril1","Indonesia"
"rezoundous","Malaysia"
"rezwonraiyan","Bangladesh"
"rfa_chinese","Taiwan"
"rfallen5","Japan"
"rfi_tradcn","France"
"rfkcadka_89","Japan"
"rfng266407","China"
"rfritzy_jkt48","Indonesia"
"rfzrfz","Europe"
"rg6duk","Japan"
"rgb_179love","Japan"
"rgnagoya","Japan"
"rh04diaufluq66b","Japan"
"rh_ryubo48","Japan"
"rhayysilva1","Brazil"
"rhcoronel","Paraguay"
"rhdfyddlwhgdk","Korea"
"rhdqor__dc","Korea"
"rhea0xweb3","United States"
"rhfu0x52","Korea"
"rhikouki","Japan"
"rhordie","Africa"
"rhymeleon","Singapore"
"ri_02kai","Japan"
"ri__chan253","Japan"
"ri_ping70555","China"
"ri_ri_997","Japan"
"ri_rix_ri","Korea"
"ri_tsu_60326","Japan"
"ri_ymtw","Japan"
"riaa","United States"
"riabridk","Japan"
"riach49997683","Korea"
"rialo_zw","Japan"
"rialyyyyyy","Japan"
"riaqn_zh","United Kingdom"
"rib_tora13","Japan"
"riba2534","United States"
"ribon_meda","Japan"
"ricardohmoreir1","Brazil"
"ricardomafra4","Brazil"
"ricci_nov","Panama"
"ricewine77","Southeast Asia"
"rich_avengers","Hong Kong"
"richard_xu_001","United States"
"richbesideme","Viet Nam"
"richmaclaren","United States"
"richman999x","Hong Kong"
"richmanvn","Viet Nam"
"richrichardoz","Taiwan"
"richterry123","United States"
"rickayl2016","East Asia"
"rickyfish7","United States"
"rickytsai2023","Myanmar"
"rico_08_23","Japan"
"ricokaffkakbi","France"
"ricopols","India"
"ricorico22222","East Asia"
"ricvadude","United States"
"ricvantis","Hong Kong"
"ride__ride_ride","Japan"
"rider_rsjp","Japan"
"ridwanowolabi8","United States"
"ridwanseun12","Nigeria"
"rie2501","Japan"
"rieo_net","Japan"
"rieri_p","Philippines"
"rifu58","Japan"
"rifus_0","Japan"
"rigal_products","Japan"
"rigaldo440","Japan"
"rigel_ex","Canada"
"rigobertofm16v","Turkey"
"rihanna","United States"
"riho_ikeofu","Japan"
"rihu_5","Japan"
"rii_800n","Japan"
"riiiitann1","Japan"
"riiin__rin","Japan"
"rijingzhongwen","Japan"
"rijunism","Brazil"
"rika113_46_chii","Japan"
"rika1876912","Japan"
"rika5775","China"
"rika6nico","Japan"
"rikaaa829418","Japan"
"rikaantique","East Asia"
"rikacho1224","Japan"
"rikivampz","Brazil"
"rikolove98","Japan"
"rikotan_0823","Japan"
"rikoucfx","Korea"
"riku_tsubota","Japan"
"rilingsu2025","United States"
"rillky3","Japan"
"rilun99","Japan"
"rimi_og","Japan"
"rimimakino","Japan"
"rimiranran11","Japan"
"rimo_bu82496","Japan"
"rimononx","Bangladesh"
"rimu_illust_","Japan"
"rin1774770","East Asia"
"rin_diet_45","Japan"
"rina06201222","Japan"
"rincha1020","Japan"
"rincho001","Japan"
"rindo_oh","Japan"
"ringo_su_sun","Japan"
"ringodontpanic","Japan"
"ringoneko_mhi08","Japan"
"ringoo95","North America"
"rinkochandesuyo","Japan"
"rinmaki2525","Korea"
"rinmaru111","Japan"
"rinmisuzu0617","Japan"
"rinne22alive","Japan"
"rinnetensei_x","Japan"
"rino_aiart_03","Japan"
"rino_saeka2676","Japan"
"rinrinne118","Japan"
"rinrinrin10_","Japan"
"riolaromero","Colombia"
"riolu407040","Japan"
"rionacat","Japan"
"rionaifantasy","Australia"
"rionzakka","Japan"
"riousaburrito","Southeast Asia"
"rip8964","Germany"
"rippeiafuru","Japan"
"ripperjustin","Singapore"
"rira56luv___s2","East Asia"
"rira_marryme","Japan"
"rirai_nanamisan","Japan"
"rirakuma_mikan","Japan"
"riri_9a","Japan"
"ririasukamay","Japan"
"ririgezhen","China"
"riririnqs6u","Japan"
"ririsr0268","Japan"
"rirora_cos","Japan"
"rirt1u","West Asia"
"rirywulandari","United States"
"risa__sing","Japan"
"risanomura1","Japan"
"risaweeeeeeest","Japan"
"riseredeem_45","United States"
"risingjerrys","United States"
"risky_jj","Japan"
"risun_22","East Asia"
"rita88","East Asia"
"ritashin546174","Singapore"
"ritn3rd","Brazil"
"ritomasnanon","Japan"
"ritsugfriend","Korea"
"ritsukotsukiaka","Japan"
"rittenreloaded","Spain"
"rittt2381","Japan"
"ritwiktarneja","Korea"
"rity8y","Japan"
"rityupin","Japan"
"ritzhellboy","United States"
"rivamartin71741","United States"
"river_yuha","East Asia"
"riveravill","Viet Nam"
"riversidegasman","United Kingdom"
"riverskyho","United States"
"riveshaw","Philippines"
"riviera70s","Japan"
"rixiupi","United States"
"riya_trade","East Asia"
"riyoshihik10355","Japan"
"riza05913572","Indonesia"
"rizeee_cos_07","Japan"
"rizhaotomc45987","China"
"rizinpika","Japan"
"rizqanrawrrr","Thailand"
"rizr_iz","Korea"
"rizumua3","Japan"
"rizvi_on_x","South Asia"
"rizz_rk","South Asia"
"rjc54059719","Japan"
"rjdaigogo","Hong Kong"
"rjeytech","Canada"
"rjfprul","Japan"
"rjnii032","East Asia"
"rjocampo63","Korea"
"rjsjjvj_jimin13","Japan"
"rkdrjwl123","Korea"
"rkivedirgn","South America"
"rkl1962752","Hong Kong"
"rksharm51857513","United Kingdom"
"rl_landing","United States"
"rlkfj59685226","United States"
"rlq3413","United States"
"rlrk38539","Japan"
"rmavyv","Korea"
"rmbreality","Japan"
"rmliguh1","China"
"rmlxe_0","Japan"
"rmofhlc","Canada"
"rmon_uoxou","Japan"
"rmrlrwqroubotx","Japan"
"rmrmmm06","Japan"
"rmskorhee","Korea"
"rmzpbnxkhlblcf","United States"
"rngzhwn199456","Hong Kong"
"rnhbxgjzqtsqphu","Japan"
"rnjeva96664","Japan"
"rnk_rn5","Japan"
"rnrnriwo","Japan"
"rnsb1sj","Japan"
"ro221_kururu","Japan"
"ro30128","Japan"
"ro9ej0xpek59700","Japan"
"ro_mundial","Brazil"
"roa_mia12","Korea"
"roach88888","Hong Kong"
"roadslowness","Singapore"
"roadto_1oke","Japan"
"roadtoconnect01","Japan"
"roamalmal","Japan"
"roasbeef","United States"
"rob_erugo","Nigeria"
"robbiefigs","United States"
"robericksanders","United States"
"robert918usa","United States"
"robertageo1ukn","Colombia"
"robertarroyoc","Peru"
"robertjeckson_x","South Asia"
"robertl83909710","Australia"
"robertoc_cr03x","Guatemala"
"robertoperezpy","Paraguay"
"robhoey","Canada"
"robin_cn1","Spain"
"robin_gratia","Singapore"
"robin_harr45034","Taiwan"
"robin_paschal","United States"
"robin_swifts","Japan"
"robinhood_man","Japan"
"robinhoodapp","United States"
"robinja14978932","Hong Kong"
"robinseun","United States"
"robinwifhat","United States"
"robiru310","Japan"
"robkelvin9","Nigeria"
"roblarose","Germany"
"robokaza","Japan"
"robotadviser1","Japan"
"robotyaoi5000","Europe"
"robust_yyds","United States"
"robyn_official_","Africa"
"robynbrosisclw","United Kingdom"
"robynjesseca","Viet Nam"
"roccia0315","United States"
"rocketbgirl","Brazil"
"rocknet_eth","United States"
"rocknrolla_s","Japan"
"rockseia_13","Japan"
"rockstargames","United States"
"rocky_bitcoin","Taiwan"
"rockyifb","East Asia"
"rockymsx","East Asia"
"rocm301","Japan"
"roco_yamanashi","Japan"
"rococo90933671","Germany"
"rocqui2cocky","United States"
"rod_dr1e","Japan"
"rodguro","Mexico"
"rodralia","Argentina"
"rodrigo_ochoa_","United States"
"rodrigoblanco84","Spain"
"rodrigues_f","Brazil"
"rodriguesg6985","Brazil"
"rodychan92","Japan"
"rodzinss","Brazil"
"rofei910","Japan"
"rofey2329","Japan"
"rogeliomtz75","Mexico"
"roger9949","Korea"
"rogerclemens","United States"
"rogerwei1982","Singapore"
"rogeryangping","Taiwan"
"rogier_rili","Algeria"
"rogu3siroto","Japan"
"rohanpaul_ai","South Asia"
"rohit_jswl","India"
"rohitmi73620947","India"
"rohmatm59023821","Indonesia"
"rohyoonseo_o","Southeast Asia"
"roidog0229","Japan"
"rojieiji","Japan"
"rokachu23","Spain"
"roki5828","East Asia"
"roku01606932","Japan"
"roku_c_","Japan"
"rolandaperham","Brazil"
"rolandorodi","Paraguay"
"rolandswan","United Kingdom"
"rolex_core","East Asia"
"rolinbaby","Hong Kong"
"rollbit","Europe"
"roma_khatmandu","Japan"
"romankolar4","Slovenia"
"romanohm28","Mexico"
"romanticoffice","Japan"
"romanticruise","United States"
"romayl10","United States"
"romrom22517","Japan"
"ron_wongk","United States"
"ronak_choudhry","India"
"ronald1reis","Portugal"
"ronaldinhohoppe","South America"
"ronaldleexbik","Turkey"
"ronaldmurpnwqm","Turkey"
"ronaldparkhmc4","Turkey"
"ronaldsimmonsus","North America"
"ronetakankunda1","Uganda"
"rongmei399601","China"
"rongrandisct","Canada"
"rongyuan7haidan","Taiwan"
"rongyuzz","Hong Kong"
"rongzij415sumi","Japan"
"ronicjix","United States"
"ronnie57702612","United States"
"ronniejunidx3m","Brazil"
"ronniexuxtw","Japan"
"ronnjinnfang","Japan"
"ronstark041","France"
"ronxxskrkrilcvp","Japan"
"rookie_fu","Japan"
"roomwada","Japan"
"rooooooov1989","Japan"
"rootst4","Japan"
"rootstockcn","Singapore"
"ropercha1","Viet Nam"
"roppongi_takuya","Japan"
"roro_miya26","Japan"
"roroschannel","Japan"
"rosalyordi","Guatemala"
"rosanebonoro","North America"
"rosangelaleme3","Brazil"
"rosanndepupm","France"
"rosarinm_ch","Taiwan"
"rosarod02409837","Colombia"
"rosawillia50077","Viet Nam"
"rosediamonded","Korea"
"roseegirlalone","Africa"
"rosehaggaiol9u","India"
"roselemke","United States"
"rosemar82912974","Australia"
"rosesamadazo","Japan"
"rosesgardeners","United States"
"rosevhs_","Brazil"
"roshidere","Japan"
"rosinante_79","Korea"
"rossisboss247","United States"
"rossmo451767","Viet Nam"
"rossy_winget","India"
"rostrofantasma","United States"
"rosuzs","Kenya"
"rosy15811","Hong Kong"
"rot_tery","Japan"
"rotijjang","Korea"
"rotl24","United States"
"rotokaka324611","United States"
"rotoyobunseki","Japan"
"rotte_npo213690","Japan"
"rousaishien","Japan"
"rousecn","Japan"
"rowlet87116","Hong Kong"
"roxannebus17962","East Asia"
"roxasorag","Singapore"
"roxn1x","East Asia"
"roy173162814095","Singapore"
"roya_0807","Korea"
"royalist4kate","Hong Kong"
"royalivi","Albania"
"roycrypto6","Netherlands"
"roykhamus","Mexico"
"roypapa5","Korea"
"royxy","Singapore"
"rozanovswag","Brazil"
"rp_intern","North America"
"rpcdefwatch","United States"
"rpeykyjige59177","Hong Kong"
"rpfahlert22505","United Kingdom"
"rpgstory_bgmtsk","Japan"
"rpon1750_skr","Japan"
"rptghhhskoxurzq","Japan"
"rqqjnxblholm86h","Japan"
"rqydqn","Japan"
"rr4hc29","Japan"
"rr_nklly","Japan"
"rrafaeh1","Spain"
"rranshon","Singapore"
"rray16375639","Japan"
"rreabarfuigbhai","Japan"
"rretarded18","Japan"
"rrnpodcast","United States"
"rrong99528","China"
"rrongtuan2003","Japan"
"rrpresents965","India"
"rrr666xie","East Asia"
"rrr_r_o","Japan"
"rrrrmula","United States"
"rrrrr_iih","Japan"
"rs_alonewolf","Japan"
"rsato123456","Canada"
"rseroter","United States"
"rsfbi0","Korea"
"rsjhm","Japan"
"rsnpatel","India"
"rsponce","Ecuador"
"rsrconsultant","French Guiana"
"rsronihasan","Bangladesh"
"rssdoctorcn","United States"
"rswoger","United States"
"rsyok","Indonesia"
"rszped","Brazil"
"rt02751555","Japan"
"rtbeilin","Hong Kong"
"rtrcrypto","United States"
"rtsky7","Singapore"
"rtxonbnbchain1","Hong Kong"
"ru1rav_xwx","Japan"
"ru_nya00","Japan"
"ru_nyv","Japan"
"ru_so0708","Japan"
"ru_umi22","East Asia"
"ruak1ng_","East Asia"
"ruanglupa","Southeast Asia"
"ruanitotumu","Japan"
"ruben_spur","United States"
"rubenbalo01","Africa"
"rubi_77_","Korea"
"rubia_margarden","Japan"
"rubiaderebote","Spain"
"rubiaguiniga","Philippines"
"rubiiworld","South Asia"
"rubislife","Japan"
"rubysbones","United Kingdom"
"rubywang","Southeast Asia"
"rudriguo","South America"
"rudychor","United States"
"rudyfrassi","Italy"
"ruhaan2024","India"
"ruhezhou","United States"
"rui_luv_6","East Asia"
"rui_tkpr_hndl","Japan"
"ruiapp","United States"
"ruihanmeimei01","Hong Kong"
"ruin1026_fx","Canada"
"ruinzane","United States"
"ruiruirui_cosak","Japan"
"ruishwei","Japan"
"ruisu_nui","Hong Kong"
"ruito25","Japan"
"ruixiangz06","Hong Kong"
"ruixie14121666","Japan"
"ruixin747642","Hong Kong"
"ruji_miller","Japan"
"ruka_sinoa_108","Japan"
"rukadayo83","Japan"
"ruler_alice","Japan"
"rumi_x_x_x","Japan"
"rumii_404","Sweden"
"rumo6161","Japan"
"rumoreconomy","Japan"
"runakunnyo","Japan"
"runamayg","Korea"
"runawayfromtheh","Canada"
"runboy_8875","China"
"runes_leo","Korea"
"runkarin_0710","Japan"
"runnelswinnie","United States"
"runner20110","United States"
"runner4you","Korea"
"runningfartherr","United States"
"runrunmms","Japan"
"runrunrunyke","Japan"
"runzhliu","United States"
"ruofeng_x","Japan"
"ruokaykay","Hong Kong"
"rupertbuddgb","Germany"
"rurallife_cn","East Asia"
"ruratimeleap","Japan"
"ruri_8964","North America"
"ruriabyss","Japan"
"rurodri30","Chile"
"ruru_1017","Japan"
"ruru_s73","Japan"
"rurumimi06","Japan"
"ruruonchain","India"
"russvet1","United States"
"russwest44","United States"
"rusttt_","Hong Kong"
"rut0405_","Japan"
"ruth_sudiacal","United States"
"ruthjohnso8cej","Turkey"
"ruththornbu5xc","Philippines"
"ruthwikreddy","United Kingdom"
"ruto_mk_","Japan"
"ruu_love_me","Japan"
"ruuum0a5","East Asia"
"ruyggs","Venezuela"
"rvonprzm0511","Korea"
"rvyah_2110","Japan"
"rw_lck_17","United States"
"rwa_research","Japan"
"rwayne","Australia"
"rwbi8wlzgdnpord","Korea"
"rwithwing","Singapore"
"rwittenbrink","Germany"
"rx7_rainbowkids","Japan"
"ry0_cha_ng","Japan"
"ryan57598776489","Turkey"
"ryang_luckin","Japan"
"ryanlovelife8","North America"
"ryanross2679649","Singapore"
"ryanwalkeryipp","Turkey"
"ryanwei_law","Singapore"
"rybar_america","United States"
"ryel_ijio67","Korea"
"rynorhn","United States"
"ryo1025_24","Japan"
"ryo20191002","Japan"
"ryo_sing2","Japan"
"ryogapad","Japan"
"ryokasshair","Japan"
"ryokukenec","Japan"
"ryota56","Japan"
"ryou006381","Japan"
"ryou_127_","Hong Kong"
"ryou___04","Japan"
"ryougi_hachi","Japan"
"ryribbon","United States"
"ryu01__04","Japan"
"ryu_lcat","Japan"
"ryu_story0601","Japan"
"ryuchamaru","Japan"
"ryugo4470","Japan"
"ryuichi_natsuno","Japan"
"ryuj1_77","Japan"
"ryuken_tz","Bangladesh"
"ryukyuanripper","United States"
"ryumasayuki","Japan"
"ryusoa_ryusoa","Korea"
"ryusoohow","United States"
"ryutolifedesign","Japan"
"ryuu4288","Viet Nam"
"ryuujouteitoku","Japan"
"ryuukacchi","Southeast Asia"
"ryuushii","Japan"
"rznewscn","China"
"s04120105","Japan"
"s0malanmolant","Korea"
"s0ra_event","Japan"
"s1017_k0730","Japan"
"s10408978","Japan"
"s163841","Japan"
"s1eep1ng666","Hong Kong"
"s1geki_tochigi","Japan"
"s1lverfv","Switzerland"
"s1mple_be","North America"
"s22swd","Japan"
"s249mr","Japan"
"s2_0504_1412_","Korea"
"s2_s2_mone","Japan"
"s2_txp_","Japan"
"s2inii","Korea"
"s2kokoas2poke","Japan"
"s2suuluv","Japan"
"s2tefgmniv59196","United States"
"s2u_090686","Africa"
"s2ut0","Japan"
"s3gsi__rn","Japan"
"s4_3wj","Japan"
"s4ntficais","Brazil"
"s4r4_me_i","Japan"
"s54kq9","Japan"
"s5hn_ys","Japan"
"s5uow7tbujtt3qa","Japan"
"s6629z","Japan"
"s6v10r","Korea"
"s72830274","Hong Kong"
"s7w74whitetiger","North America"
"s7xigoqk5wnjpu6","Japan"
"s8h3gmjezesbzgf","Japan"
"s8ulesports","India"
"s9954560363285","Taiwan"
"s_8at14o","Japan"
"s_a_m42199","Nigeria"
"s_b_academy1","United States"
"s_gram","Japan"
"s_jagga","India"
"s_moon_tarot","Japan"
"s_shizu0830","Japan"
"s_siyul","Korea"
"s_v_2a","Japan"
"s_yuusuke0326","Japan"
"sa16484085","Taiwan"
"sa1ted___fish","Japan"
"sa2ukl","Japan"
"sa__nn4","Japan"
"sa_ff14","Japan"
"sa_i_me","Japan"
"sa_muel23","Nigeria"
"saaa_omi","Japan"
"saaaa1229","Japan"
"saaay_zs","Philippines"
"saamon2500","Japan"
"saas_addy","India"
"saas_buildr","South Asia"
"saatan0707","Japan"
"sabaringoo","Japan"
"sabibro666","Taiwan"
"sabitridas7","United Kingdom"
"sabrina55it3","Ethiopia"
"sabrinalately22","Brazil"
"sabsvisions","Brazil"
"sabu_kusunoki","Japan"
"sabul_hakase","Japan"
"saccc_c","United States"
"sachan_mam","Japan"
"sachiare935","Japan"
"sachin_rt","India"
"sachnz","Viet Nam"
"sacrifice_med","Japan"
"sad87918","Japan"
"sadafno99346708","Uruguay"
"sadcarrot2yue","United States"
"saddambase","Canada"
"sadducee_19425","United States"
"saderoj7","Japan"
"sadia82105","Bangladesh"
"sadicoool7","Bangladesh"
"sadixxy","Africa"
"sadyemalet","Viet Nam"
"saeedtlelh","Saudi Arabia"
"saekanojam","Japan"
"saeki_yumezyo","Japan"
"saemukai_design","Japan"
"safakkayran","Turkey"
"safepal","Seychelles"
"safepalcn","Singapore"
"safica__","Brazil"
"safty_okinawa","Japan"
"safu0z","Japan"
"saga_0413","Japan"
"sagaftra","United States"
"sagar2803","India"
"sage_dialog","Japan"
"sagerrgyalpo","East Asia"
"sagezr0","Nigeria"
"sagwa_dream24","Korea"
"sahiinthehood","South Africa"
"sahilbloom","United States"
"sahilpanhotra","South Asia"
"sahmeetrading","Lebanon"
"saibeirong46265","China"
"saigusagentaro","Japan"
"saika_aiart","Japan"
"saikodawan","Japan"
"sailor_july08","United States"
"sailortwif","India"
"saimoments","Taiwan"
"saintcuz","Africa"
"sainte_hermine5","Congo"
"saintjhn88","Kenya"
"saintvonvanity","United States"
"saitono_oto","Japan"
"saitsuchihitsu","Japan"
"saiyandegens","Netherlands"
"saka8am8aspis","Japan"
"sakaitexp","Japan"
"sakakihisao26","Japan"
"sakamoto_plaza","Japan"
"sake_kasu6751","Japan"
"sakebochan","Japan"
"sakenomi_diary","Japan"
"saki07131007","Japan"
"saki_1w1","Japan"
"saki_miyamoto","Japan"
"saki_tea1","Japan"
"saki_tty_15","Japan"
"sakid5do","Japan"
"sakimero444","Japan"
"sakipete","Japan"
"sakku31431","Japan"
"sakliyr","Japan"
"saknnayade","Japan"
"sakon0308","Japan"
"saksham070528","India"
"saku06_insight","Japan"
"saku0saku39","Japan"
"saku211368","Japan"
"saku21743","Japan"
"saku2_hare","Japan"
"sakuei1128","Japan"
"sakula135303","Singapore"
"sakumaru0409","Japan"
"sakuna_ai","Argentina"
"sakune_shion","Japan"
"sakura1109m","Japan"
"sakura20210621","Japan"
"sakura55nino","Japan"
"sakura_1231__","Japan"
"sakura_hubuki","Japan"
"sakura_maopon","Japan"
"sakura_sakeshi","Japan"
"sakuraburstpj","Japan"
"sakurai_aiart","Japan"
"sakurai_panda09","Japan"
"sakuramutimk4","Japan"
"sakuranoyuki39","Japan"
"sakurarikkacos","Japan"
"sakurasakariko","Hong Kong"
"sakurasaku00560","Japan"
"sakurasia2211","Japan"
"sakurazaka_ma_","Japan"
"sakurello_1","Thailand"
"sakusaku_oz","Japan"
"sakutan_momo_am","Japan"
"sakutosero","Japan"
"sakuyaakiv","Japan"
"sakuyandtoa","Japan"
"sakyo801_1895","Japan"
"salah87313","North Africa"
"salambo_x","Brazil"
"salary_doctor","Japan"
"salashihime","Japan"
"salatmonkey","Viet Nam"
"salesloh_","Brazil"
"salinasmari_3","Guatemala"
"salis_ot","Nigeria"
"salisedesign","Italy"
"salitengreen","Georgia"
"salleysalefl","Canada"
"sallubroz","South Asia"
"sallyeisenksxt","Brazil"
"salmadovu","Mexico"
"salmant38082","Bangladesh"
"salmon_cheese_k","Japan"
"salmonbro","Canada"
"salmuo3","West Asia"
"salon_de_arisa","Japan"
"salopcorp","Japan"
"salt3no","Japan"
"saltkn_","Japan"
"salty_crystal","Japan"
"salty_mochimaru","Japan"
"sam07168888","United States"
"sam1021219","Japan"
"sam2020666","United States"
"sam51824016070","United States"
"sam8002642","India"
"sam_qin","Southeast Asia"
"sama","United States"
"samadhi_vvyi_","United States"
"samalnel57588","United Kingdom"
"samamasamas","Indonesia"
"samanth08356287","Japan"
"samanthaei9116","United States"
"samanthake29823","Hong Kong"
"sambakalabo_03","Japan"
"sambakgol","Germany"
"same_sub_911","Japan"
"sameee_03","Japan"
"sameerizz","India"
"sameershaikhsa8","Japan"
"sami_o077","Japan"
"sami_white95613","United States"
"samir_sawarkar","India"
"samiranzm2001","Europe"
"samlinng","Hong Kong"
"sammidaly","United States"
"sammiemcclpsa","United Kingdom"
"sammybias","United Kingdom"
"sammykingsworld","Australia"
"sampussylover","Korea"
"samres90080833","Canada"
"samsg888","Singapore"
"samsir1997","Macao"
"samsugimotjlg","Turkey"
"samsungcn_eth","Thailand"
"samsungmobileus","United States"
"samtang","United States"
"samuelbutlsagl","Turkey"
"samueljamentej","Turkey"
"samuelowus14459","Ghana"
"samuelrobisrik","Turkey"
"samuelzengml","China"
"samuloppees","Brazil"
"samweinstein","Israel"
"san_1209617","Japan"
"san_san_san333","Japan"
"sana0917ki","Japan"
"sana_s0s_","Japan"
"sana_virk12","Pakistan"
"sanaka_ka4n","East Asia"
"sanasxahs","Japan"
"sanatani_ishq_","India"
"sanatani_sevak","India"
"sandaru_5","Japan"
"sandonomeshi_02","Japan"
"sandra_lowry","United States"
"sandraselmasr","Brazil"
"sandyleavens","United States"
"sandyyyy0922","Canada"
"sanei_jogen","Japan"
"saneitokochan","Japan"
"saneord","North America"
"sanesu_group","Japan"
"sangg_yo","Korea"
"sanggitat","India"
"sanggye_zzang","Korea"
"sangitabishnoi_","India"
"sangongjiedan","Hong Kong"
"sangsoo00093299","Canada"
"sanitater_1926","Hong Kong"
"sanjoaquintribs","United States"
"sanjosesharks","United States"
"sankarasguitar","Kenya"
"sankenainai","Hong Kong"
"sanketghatte23","India"
"sanko_doboku","Japan"
"sankui309","China"
"sanmao1528","Hong Kong"
"sanmigou","France"
"sannin_013","Africa"
"sanoayumidesu","Japan"
"sanotakuad","Japan"
"sanpaoalpha","Japan"
"sansan46panda","Japan"
"sansan_sansannn","Viet Nam"
"sanseago","Japan"
"sanshi_takuhai","Japan"
"sanshunyi","United States"
"sansinstitute","United States"
"sanskaribulla","South Asia"
"santaizi_james","Japan"
"santakumar59905","Japan"
"santiago1408sh","Brazil"
"santinaswallers","United States"
"santoslee_me","United States"
"santoulang","Singapore"
"sanvai","India"
"sanyeer3","East Asia"
"sanyuanvc","East Asia"
"saomayumi45003","Japan"
"saonyan12","Japan"
"saoq750","United States"
"saorin777games","Japan"
"saoringtptp","Japan"
"sapcenter","United States"
"sapientenigma","United States"
"sapientsp","Europe"
"sapperstuart","United States"
"sapporotokyurei","Japan"
"sara25pu0","Bangladesh"
"sara76053678","Taiwan"
"sara_nokonoko","Japan"
"sarah4u2013","Finland"
"sarah57nk1","Bangladesh"
"sarah_jayne625","Japan"
"sarahljacobson","Australia"
"sarahoverbnyz","Brazil"
"sarahrodriguesc","Viet Nam"
"sarahsenergy","United States"
"saraidiges1j","Viet Nam"
"saralopezk5ft","Turkey"
"saramishura","Japan"
"saranghae_hxh","Korea"
"sarapicc86","United States"
"saraporter18677","Thailand"
"sarariosss","North America"
"sarasa5463","Argentina"
"sarasara68399","United States"
"saravibes1714","Pakistan"
"sarcastic_shivm","India"
"sari_story_bule","Japan"
"saria_art","Japan"
"sariruffy","East Asia"
"saroopkumar102","South Asia"
"sarry_din","Japan"
"saruuu77","Korea"
"saryuin_shiera","Japan"
"sasan11922960","Japan"
"sasaoyaji1","Japan"
"sasapon_x","Japan"
"sasara_erica","East Asia"
"sasara_oekaki","Japan"
"sasasasaorigin","Japan"
"sasayu21906891","Japan"
"saseopain","Korea"
"sashaskarmory","United States"
"sashavolkoff1","Germany"
"sashimi_twt","Philippines"
"sashino_lana","Japan"
"sashiro_koma","Japan"
"sassa323","Japan"
"sassaflow","Japan"
"sassannotsnsbae","Japan"
"sasshiko","Japan"
"sasssymalum","Viet Nam"
"sasuke_tbs","Japan"
"sasurai_no_taxi","Japan"
"sat93109090","Japan"
"satan_66666q","Taiwan"
"satannnabis","Brazil"
"sathish12369","India"
"satillade","Iraq"
"satireorcry1","Europe"
"satoaym_","Japan"
"satontable","East Asia"
"satoru_kuzuslot","Japan"
"satorunohana","Korea"
"satorusgroove","Europe"
"satototoron","Japan"
"satotter7","Japan"
"satsdiary","United States"
"satsukirm_sub","Japan"
"sattamalfarwan","Saudi Arabia"
"saturnine357","Japan"
"satuwaiq","Saudi Arabia"
"satviksoul","India"
"saulgoodmanmtfk","United States"
"saulofernando","Brazil"
"sauricat","Canada"
"sautoguru","Japan"
"savaga2","Mexico"
"savagehanni","North America"
"savageteen102","Uganda"
"savechina911","Singapore"
"saveyourcinema","United States"
"savingthis","Japan"
"savon_ram","Japan"
"sawada46493","Japan"
"sawakokushi84","Japan"
"sawar_weex","Pakistan"
"saxsaxboom","Singapore"
"saxtond","United States"
"saya___0302","Japan"
"saya__vrc","Japan"
"saya_saya22","Japan"
"sayakankmt","Indonesia"
"sayang358","Thailand"
"sayasrr","Japan"
"sayasuyo13","Japan"
"saydatttttttttt","Canada"
"saye_2_16","East Asia"
"sayo_kitaori","Japan"
"sayohno222","United States"
"sayong_cam","Japan"
"sayusing","Japan"
"sazanamiganjiro","Japan"
"sbayca2576","Japan"
"sbbiyungsbbiyun","East Asia"
"sblkhs","Japan"
"sbwjqzx","Korea"
"sbyj_bgthhk","Taiwan"
"sc88sc_","Korea"
"sc_ayuki","Japan"
"scalewthai","Pakistan"
"scaling_x","Malaysia"
"scarletbardj0y","France"
"scarlyz5","United Kingdom"
"scarypumpk74334","Hong Kong"
"scftienini","India"
"schale_12928345","Hong Kong"
"schong666934688","Malaysia"
"schroederrosaw","Viet Nam"
"schtein001","Japan"
"sciencegirl","Europe"
"sciencemagazine","United States"
"sciubuh6zh62400","Japan"
"scketto1","Japan"
"scmpnews","Hong Kong"
"scottfoomusic","Southeast Asia"
"scottiebeam","United States"
"scottmalcolm18","United Kingdom"
"scottncku","Taiwan"
"scottstts","Ireland"
"scottz_gate","Japan"
"scquymq53xlskye","United States"
"scratchfox1213","Japan"
"screamuhell","Brazil"
"scretgrant","Brazil"
"scriabin_design","Hong Kong"
"scrlife_","Japan"
"scryptstrategy","Norway"
"sctowatch","Brazil"
"scx419","China"
"scy_btc","Hong Kong"
"sd5bui","Japan"
"sd_torihiki","Japan"
"sdb0tcppwf21723","Japan"
"sdcorporatelaw","United States"
"sdeyvoern","Hong Kong"
"sdf302030","Hong Kong"
"sdh196395","Hong Kong"
"sdianahu","United States"
"sdjn_wgc","United States"
"sdm8s","Japan"
"sdmymk239104","Japan"
"sdnmg123","Hong Kong"
"sdu4gdhfv3pbgy6","Australia"
"sdveclipse","Spain"
"sdweihai","China"
"se1774977056713","Japan"
"se_siberian","Japan"
"se_ya8686","Japan"
"seagull_koriyam","Japan"
"seaify1","Japan"
"sealquilan","Japan"
"sealseraph","United States"
"seamount1976","Thailand"
"sean6477","United States"
"sean_s6n","Hong Kong"
"seanfeucht","United States"
"seanking199603","Singapore"
"seanleiterlnz","France"
"seanliu78136438","Canada"
"seanwang0521","Japan"
"seanxu198236440","Singapore"
"seastory122699","Japan"
"seasui23","Malaysia"
"seawinexbt","Bangladesh"
"seaxing777","Japan"
"sebastianoooo_h","Taiwan"
"sebodasarvores","Brazil"
"second_ave","Japan"
"secondfloor","Singapore"
"secret47x","India"
"secret_joujuu","Korea"
"secretboysu2gj","Southeast Asia"
"secretforvalue","United States"
"secretlykangel","United States"
"secretsmile97","Malaysia"
"secrettfems","Brazil"
"secual2015","Japan"
"securityweek","Romania"
"secxb8jpvhxeirg","Japan"
"sedate_meganium","Sweden"
"sedativas","Brazil"
"sedracktinka","Africa"
"see6161","East Asia"
"seeei_0114","Taiwan"
"seeken_dai","East Asia"
"seekor","Japan"
"seeminglylovers","Africa"
"seeseejee","United States"
"seewe2023","Taiwan"
"sefadiri","Viet Nam"
"segare_teppouya","Japan"
"segojjinu1","Korea"
"segun_4lyf","Nigeria"
"sei_011009","Japan"
"seibu_htotsuka","Japan"
"seiho_shinsei","Japan"
"seiji19640911","Japan"
"seika_sirabe","Japan"
"seikintv","Japan"
"seil_guzzu","Japan"
"seima__ko","Japan"
"seiray0126","Japan"
"seireiyukino","Japan"
"seiryukai","Japan"
"sejina0521","Japan"
"sekai_pu","Japan"
"sekaihukashigi","Japan"
"sekistoneg","Japan"
"sekiyu88583156","Japan"
"sela_lady","Korea"
"selamatpagi084","Japan"
"seldobrv","Brazil"
"selenaagomez33","United States"
"selfconfidenc27","Hong Kong"
"selfgox193","Japan"
"selinagaudoy","Viet Nam"
"selinahomeuld","United States"
"selinameowbot","United States"
"selincanmtsr","United States"
"selinsimsevphf","United States"
"selinturan21pj","United States"
"sellarskeir","United States"
"sellerofoptions","Hong Kong"
"sellingcash","Taiwan"
"selracx","Nigeria"
"selsupernatural","Europe"
"semi_keyz","United States"
"semi_otrihiki","Japan"
"semihztrk13","Mexico"
"semmnon","Japan"
"sempelism","Nigeria"
"sena_gamelive","Japan"
"senabulut1","Canada"
"senatya_39","Japan"
"senbero7","Japan"
"sencha101017","Japan"
"send_dude10232","Hong Kong"
"sendai_cafe_mm","Japan"
"sendu633","United States"
"sendxicptohell","North America"
"sengoku_aiko","Japan"
"sengsengk37","East Asia"
"senjack126381","Japan"
"senmernewswire","United States"
"senny232772","Japan"
"senpai_kuriman","Japan"
"senpi_ai","United States"
"senrinkaku","Japan"
"senryaku_info","Japan"
"sensei_shinro","Japan"
"senseitutum","United States"
"senshi_bankou62","Japan"
"sentdex","United States"
"sentobousai","Japan"
"sentoc1010","Japan"
"sentosawan28087","Hong Kong"
"senya0707sgm","East Asia"
"senye10","Taiwan"
"senyics","East Asia"
"senyoku_saki","Viet Nam"
"senzu_rakuten_p","Japan"
"seo_drum","Japan"
"seobe08929","Japan"
"seogil_","Korea"
"seohyangss_0531","East Asia"
"seoij2","Korea"
"seokkown","Korea"
"seonayuri","Japan"
"seonui35555","East Asia"
"sepmiao","East Asia"
"septimuswaoxti","United Kingdom"
"ser4sh","Japan"
"sera8004","Mexico"
"sera_bvln","Japan"
"sera_taiga","Japan"
"serafinabowdon","United States"
"serawhite_","Korea"
"serena2010aid","United States"
"serenashea24p","United Kingdom"
"serenatode","Korea"
"serenity1944","Taiwan"
"serenjiminty_13","Brazil"
"serenjkity","Brazil"
"sereu_lt","Korea"
"serge_ai_lab","United States"
"sergio_mrivera","United States"
"sergiorami9zhw","United States"
"servalcandle","Japan"
"servasyy_ai","United States"
"ses_daily_life","Thailand"
"sesamestreet226","Japan"
"sesami_n","Japan"
"sesehawaaa","Singapore"
"sesmo_h","Kenya"
"seta_cbs","Japan"
"sethene_","Korea"
"setocrafter","Japan"
"seuiguinha","Brazil"
"seuiseuihon","Hong Kong"
"seul_sirr","Korea"
"sevcanersozlu","Turkey"
"seven_zop","Hong Kong"
"sevenbel","Japan"
"sevenitmddv","United States"
"sevenlxh","East Asia"
"sevensix_inc","Japan"
"sevenxl77","United States"
"seviiorshe","Africa"
"sevresearch","Japan"
"sewind77","Hong Kong"
"sexboyccchou","Singapore"
"sexla","United States"
"sexshigeru","Japan"
"seyipadi","Nigeria"
"seypucc9","Africa"
"sf_writer83","Korea"
"sfagentamyw","United States"
"sfamichan","Japan"
"sfdas2022","United States"
"sfg1775095","Indonesia"
"sfhoo","United States"
"sflamenco515","East Asia"
"sfmqperu","Peru"
"sfmrkf","Philippines"
"sfsqttlwvfiyhut","Taiwan"
"sfxa122545","China"
"sfxnz","United Kingdom"
"sfywyq","Hong Kong"
"sfzogex69","Bangladesh"
"sfzygallery","Japan"
"sg2zzl","Korea"
"sg_h2226","Japan"
"sgcrew__","Japan"
"sgfc86561456","Hong Kong"
"sgnanami_710","Japan"
"sgr23rii","Japan"
"sgs_acnt","Japan"
"sgtrejk","United States"
"sgw__02","Japan"
"sh10bara","Japan"
"sh11668","Hong Kong"
"sh179550","Japan"
"sh3n9ya0n","Korea"
"sh_cs1","Japan"
"sh_favoretc","Japan"
"shaanvp","United States"
"shabba19710602","Japan"
"shadouyoua","United States"
"shadowcat604","Malaysia"
"shadowwusk","Taiwan"
"shafu0x","United States"
"shafu__23","Japan"
"shaggedoutfro","United States"
"shagmoneydrix","Nigeria"
"shail_sr","India"
"shaileshhudda","India"
"shakespills","Hong Kong"
"shakilzen","South Asia"
"shakuyaku3","Japan"
"shalder34837","India"
"shalinigudiya","India"
"shaliniraosays","India"
"shalo12","Viet Nam"
"shameem_69","Bangladesh"
"shamscharania","United States"
"shana_vrc","Hong Kong"
"shancha103","United States"
"shandidehlpjj","Taiwan"
"shandigood04r","United States"
"shanezhao2017","Japan"
"shanfuerer_","China"
"shangdu2005","Japan"
"shangguanjiewen","United States"
"shanghai_kazu77","Japan"
"shanghaihagang","United States"
"shanghaojin","Hong Kong"
"shangli02234875","Singapore"
"shangu365","Singapore"
"shangyeeep","Hong Kong"
"shanhebtc888","Hong Kong"
"shaniquapljsz0","Japan"
"shannonlynchzx","Brazil"
"shannonpea2217","Brazil"
"shanoo__1","Africa"
"shanrsoul","Brazil"
"shanshan521","France"
"shanyanggm","United States"
"shanyuhai83","China"
"shanzhi_cc","Hong Kong"
"shao436059","Australia"
"shaochuan11","China"
"shaogong0726","Hong Kong"
"shaogongluck","Hong Kong"
"shaok45000","Hong Kong"
"shaorockey","Japan"
"shaosha35706778","Hong Kong"
"shaoxianduipai","Singapore"
"shaoyu2025","China"
"shapeshift","United States"
"sharechinese","China"
"shark1996_","United States"
"shark_aud","Hong Kong"
"sharkbtceth","Japan"
"sharkfps__","Brazil"
"sharkk777","Hong Kong"
"sharm42453","South Asia"
"sharon3687","Nigeria"
"sharonbailsw3b","Turkey"
"sharonhanjp","Japan"
"sharppurni16w","India"
"shashamii_3","Japan"
"shatuo0470","China"
"shaukatislamkh1","Germany"
"shaunbe42531","Indonesia"
"shaunmmaguire","United States"
"shawn_wu__","Singapore"
"shawnliu0913","Taiwan"
"shawnx_nya","Hong Kong"
"shayar00123","Germany"
"shayneonchayne","Australia"
"shaynumuprz","United States"
"shayueth","Hong Kong"
"shazam","United States"
"shdhdhjnv","Hong Kong"
"she_jd14","Europe"
"she_nellicious","Mexico"
"shecongyu011","Hong Kong"
"shed_many_tears","Korea"
"shei978","Lao People's Democratic Republic"
"sheldon36355913","Hong Kong"
"shelefreyr","Hong Kong"
"shellbaby1010","Hong Kong"
"shelleycar58766","Hong Kong"
"shelly_invest","Hong Kong"
"shelvin_liu","Australia"
"shemwilfred","Kenya"
"shenduqiepian","North America"
"shengpowan17063","Taiwan"
"shengtan86208","Japan"
"shengtang135754","United States"
"shengxj1","Japan"
"shengzhong90723","Korea"
"shenhaiyl83","Singapore"
"shenikafurjrto","United States"
"shenitabattista","Canada"
"shenkds6","Japan"
"shenmecaishi","Hong Kong"
"shenmei_jilei","Singapore"
"shenqi811","Hong Kong"
"shenqingchuan","Hong Kong"
"shenxiao123971","United States"
"shericehendren","Germany"
"sheriyuo","Hong Kong"
"sherkirito","United States"
"shernosabe","Mexico"
"sherolef","Hong Kong"
"sherry4869000","Japan"
"sherryatcrypto","United States"
"sherrybrow53609","United States"
"sherryp0124","United States"
"shf_ryn","United States"
"shgufng19600","China"
"shi_koukan0051","Japan"
"shi_nyu117","Japan"
"shi_shin_u","East Asia"
"shi_to_the_moon","Japan"
"shibart2","Hong Kong"
"shibu235711","Japan"
"shibufengchun11","Japan"
"shibuya_ex109","Japan"
"shichanglin5","United States"
"shidare_saki","Japan"
"shieldifysec","Bulgaria"
"shien_sherry","Japan"
"shieru996","Japan"
"shiga_ds_info","Japan"
"shiganai_syuhu","Japan"
"shige8979","Japan"
"shigoto_tools","Japan"
"shigure8964a","Japan"
"shigutz","Canada"
"shihab45eth","Bangladesh"
"shihaibo4","Korea"
"shihaosun7","Netherlands"
"shihonazuna","Korea"
"shihoron_media","South Asia"
"shiiinablog","Japan"
"shiitake_1011","Japan"
"shijia8199","Hong Kong"
"shijian919","Taiwan"
"shijiazhuangicc","Hong Kong"
"shijichen33","Japan"
"shijimiyoriniku","Japan"
"shijo_rashinban","Japan"
"shijumonantony","India"
"shikarevival","Japan"
"shikata_tomoka_","Japan"
"shikhaopc","India"
"shiki_mcls","Japan"
"shikinami_lanzh","Korea"
"shikka__chan","Japan"
"shilomura","France"
"shim900","Korea"
"shima_xiao9234","Hong Kong"
"shimaaikiramek1","Japan"
"shimadatetsuya","Hong Kong"
"shimaringochann","Japan"
"shimauma_works","Japan"
"shimesaba_prsk","Japan"
"shimkbrief","Japan"
"shimodavh","Japan"
"shimojima_jp","Japan"
"shimokenko","Japan"
"shin11227","Japan"
"shin_marketing","Japan"
"shina5239","Japan"
"shinamo7386731","Japan"
"shinba_toge","Japan"
"shinchan2343","Japan"
"shinchan_idol55","Japan"
"shinchiki1974","Japan"
"shindoi0901","Japan"
"shinian2023","United States"
"shinigkyu","Brazil"
"shinikimura","Korea"
"shining_moon_29","Korea"
"shiningyoungth","Hong Kong"
"shinji__0301","Japan"
"shinjigab","Brazil"
"shinkicoyg","Japan"
"shinnosukeshiro","Japan"
"shinofe2","Japan"
"shinon4400","Japan"
"shinonomeshimpo","Japan"
"shinoukki","Japan"
"shinrei_msnrs","Japan"
"shinsaibashinet","Japan"
"shinsho_collect","Japan"
"shinsuke_maza","Japan"
"shinsyo_shinkan","Japan"
"shintarouten","Japan"
"shintvv","Japan"
"shinvekdog","Korea"
"shinwakaichoshi","Japan"
"shinya_syousetu","Japan"
"shinyei_sk_im","Japan"
"shinyewun","Korea"
"shinymuny","Japan"
"shinystar__","Korea"
"shinzaka_46","Japan"
"shio415415","East Asia"
"shio_fm_o0","Japan"
"shio_vinyl","Japan"
"shioamecake","Japan"
"shiomii00","Japan"
"shion_0919000","Japan"
"shion_torihiki_","Japan"
"shionchan0801","Japan"
"shionsab","Japan"
"shiooogwx","Japan"
"shiori_izawa","Japan"
"shioriyamao","Japan"
"shiozawa_naoki","Japan"
"shipokurodayo","Japan"
"shippoyuka","Japan"
"shir_lxrld","Taiwan"
"shirahama2022","Germany"
"shiraishi1taka","Japan"
"shiraki_office","Japan"
"shiranuimomo","Japan"
"shirasame_me__","East Asia"
"shiri_shh","India"
"shirink_13","United States"
"shirley64711","Japan"
"shirleykemuma2","United States"
"shiro990l","Canada"
"shiro_nana_","Singapore"
"shiroikoibitoa","Southeast Asia"
"shirokumakun04","Japan"
"shiromame0304","Japan"
"shirone25","Japan"
"shiropan1320311","Japan"
"shirotodoragon","Japan"
"shirotsu918","Japan"
"shiroyan0416","Japan"
"shisaku_zen","Japan"
"shisanmei666","China"
"shiseshou","United States"
"shishirobotan","Japan"
"shisyamo_mgmg0","Japan"
"shitappa_0203","Japan"
"shitassmurphy","United States"
"shitunote","United States"
"shiu_miniusa_3","East Asia"
"shiv1966","India"
"shivasaika","Japan"
"shivetheguy","United States"
"shivrajsin0oyg","India"
"shivsharmaind","India"
"shiya_yi84395","Hong Kong"
"shiyidsh","China"
"shiyuki2384","Japan"
"shizueothe4f6m","Lao People's Democratic Republic"
"shizuku_0210","Japan"
"shizuku_after5","Japan"
"shlan128","United States"
"shlrgnoopq78892","East Asia"
"shnh571377","Japan"
"shnhimhng226543","United States"
"shnp390","Japan"
"shny589205451","United States"
"sho_00626","Japan"
"sho_enginner","Japan"
"sho_gm_official","Japan"
"sho_lil_tt","Japan"
"shochan_pilot","Japan"
"shodiary915","Japan"
"shoge_neutron","Japan"
"shogowakayama","Japan"
"shohei_parker","Japan"
"shoki0617e","Japan"
"shoko_x_2","Japan"
"shokobc","Japan"
"shongeunju64","United States"
"shongyun_","Hong Kong"
"shoonee27","Korea"
"shoototabi","Japan"
"shoots1dd","Brazil"
"shope_jade","United States"
"shopnerydeals","India"
"shopper_mm","Japan"
"shoppin32121001","China"
"shoptemu","United States"
"shor_co","Hong Kong"
"shorewisewealth","United States"
"shori_ms","Japan"
"shorter71867777","Japan"
"shory002","Nigeria"
"shoshinshaniki","Japan"
"shota55771","Japan"
"shotbylee2244","Nigeria"
"shou_fun","Japan"
"shoucccc","United States"
"shougai_0101","Japan"
"shouji_sadayo","Japan"
"shouna_gtw","Japan"
"shouno1","Japan"
"shouqu","United States"
"shoushuihe","Hong Kong"
"show5560","Hong Kong"
"show_u_ec","Japan"
"showakoduti","Japan"
"showheyohtaki","Japan"
"shox1018","Japan"
"shreyamurthy","United States"
"shrlockmeme","Peru"
"shshsh_shshsh_s","Canada"
"shsida1991","Japan"
"shtu499256","China"
"shu2891_","Taiwan"
"shu8126","Hong Kong"
"shu_ozan","Japan"
"shuai0705","United States"
"shuai1c32246","Singapore"
"shuaibaobaommd","Japan"
"shuailiu359865","Japan"
"shuakeporn","United States"
"shuankonoe_v","Japan"
"shubhams3515","India"
"shuchu101","Taiwan"
"shudong000","United States"
"shufeiz5179900","Singapore"
"shuge0731","Singapore"
"shugrue03","East Asia"
"shuihua0728","Japan"
"shuipashuine","North America"
"shuirenzhi88858","Hong Kong"
"shuix135","United States"
"shuixingji1207","Japan"
"shuizhuyu","North America"
"shujaat_zafar","Argentina"
"shukuaruin","Japan"
"shun_have_dream","Japan"
"shun_jaga1114","Japan"
"shun_kanpeki","Japan"
"shunchangames_c","Japan"
"shunfei8964","Japan"
"shunn5050","Japan"
"shunyuflow","East Asia"
"shuochong27244","Belgium"
"shuquanliu","Hong Kong"
"shuri55","Japan"
"shuspang","Japan"
"shuton_leon","United States"
"shuttle_zx14r","Japan"
"shuzki0089","United States"
"shx615_","Japan"
"shy06131","Japan"
"shyhaimao","East Asia"
"shyuuuuun","Japan"
"si05uuqewomb7ex","Korea"
"si0knor","Korea"
"si49132","Japan"
"si528si","Japan"
"si_nsa3","Japan"
"sia_hyx","Germany"
"sian_amaruga","Japan"
"sian_syumi","Japan"
"siantgirl","United States"
"sibianywal","Brazil"
"sibu_57957","India"
"sibylfingenffv","Bangladesh"
"siccalunakoubou","Japan"
"sickboy_anan","Taiwan"
"sickerversion","United States"
"sicks315","Japan"
"siddhar59018207","India"
"sidefirefire","Japan"
"sidelined_cap","Hong Kong"
"sidgrace76","United States"
"sidstark11","India"
"sie_grmk","Japan"
"siebel12139561","Suriname"
"siele111","Japan"
"siempretuhija","Colombia"
"siesta_tanmoshi","Japan"
"sietuve","Korea"
"sieunhancam","Viet Nam"
"sievertscentre","Kenya"
"sig2000555","Japan"
"sigefuhao","Korea"
"siggyporter","United States"
"sigma186x","Japan"
"sigma_ccc","United Kingdom"
"sign_lab","Japan"
"signalltc","United States"
"signrrr1","China"
"sigolzic","Korea"
"sigua_yumi","Southeast Asia"
"sigure021200","Japan"
"sihyeon_er","Korea"
"siitake500g","Japan"
"sijiamaoche","Hong Kong"
"sikha__patel","India"
"sikharajpu","India"
"siki_ikegami","Japan"
"sikinosousaku2","Japan"
"sikistpr","Japan"
"sikkarooru","Japan"
"sikong_100","Korea"
"siku461","Bangladesh"
"silas10m","Southeast Asia"
"silassteph56280","United States"
"silence01746","Taiwan"
"silence_xiamo","United States"
"silencegvq","Hong Kong"
"silenceisduck","Canada"
"silencerjoker","North America"
"silentforgk","East Asia"
"silentmous886","Japan"
"silentncry","Brazil"
"silentorbit114","Japan"
"silhouette_013","United States"
"silivary","Korea"
"silk_1997","Japan"
"silkalibies","Indonesia"
"silkdao_rwa","United States"
"silkworm_kiito","Japan"
"sillybwoman","United States"
"silv4nanda","Brazil"
"silva_albertini","Brazil"
"silveira50","Brazil"
"silverak_","United States"
"silverbergnesia","Japan"
"silverfang88","East Asia"
"silverfox3_","Japan"
"silverhsieh","Taiwan"
"silviluuuuu","Colombia"
"silviopamparoch","Peru"
"silviopolice","Brazil"
"silwic","Argentina"
"simarongongomba","United States"
"simbacrypto99","Viet Nam"
"simei41116714","Singapore"
"simeon_kalu","Nigeria"
"simodefamed","Italy"
"simon75861990","Austria"
"simon_wcw","United States"
"simoncuocuo","United States"
"simone67889363","Italy"
"simonle99917871","United States"
"simonwongio","United States"
"simooki_717","United States"
"simplejherph","Ghana"
"simpleplan03111","Japan"
"simplesmentere","Brazil"
"simplspark","Australia"
"simplyasutosh","India"
"simplynature8","Germany"
"simra99","Hong Kong"
"sin952204814464","Japan"
"sin_ea888","Georgia"
"sinbadilmarino","Italy"
"since1995jun","Japan"
"since_20120303","Japan"
"sincerite_s","Japan"
"sinenomium","Germany"
"sinfimasa","Spain"
"singapore5648","Japan"
"singenki","Japan"
"singingblues222","United States"
"singledoggyyyy","Taiwan"
"singlinkhk","Hong Kong"
"singlinkvpn","Singapore"
"singwalking","United States"
"sink7777777777","Japan"
"sinlsd","Japan"
"sino_go_global","United States"
"sinokumata","Japan"
"sinomiyararako","Japan"
"sinopark2007","United States"
"sinosin0324","Japan"
"sinsunmilk","Korea"
"sintarod","Japan"
"sintocracia","Mexico"
"sion_vocalist","Japan"
"sionn100percent","East Asia"
"sip_shatter","Germany"
"sir86415447383","Japan"
"siralexanderj","South Asia"
"sircreation","United States"
"sircreationintl","United States"
"sirena6663","Japan"
"sirhe12","Hong Kong"
"sirilee2026","Japan"
"siriusxyzzz","Hong Kong"
"siro20231212","Japan"
"siro58800","Japan"
"siroya_neilson","Taiwan"
"sirtimzempire","Nigeria"
"sirtrello","United States"
"sirtrickzz","Nigeria"
"sirui_01","Japan"
"siryoku_20000","Japan"
"sisan_bakuzou","East Asia"
"sisco50171831","Taiwan"
"sisitoh_reds","Japan"
"sistudiov","Japan"
"sisyphus3001","Hong Kong"
"sisyphusmr","North America"
"sitechpoken","North America"
"sithjohn","United States"
"sitinh76qn","Viet Nam"
"siudesert","Hong Kong"
"siuhowtime","North America"
"siven0504","United States"
"six030www","Taiwan"
"sixdnews","United States"
"sixgraces","United States"
"sixleafs","Taiwan"
"sixonwallst","Hong Kong"
"sixsexsexsix","Korea"
"sixteen_e16","Singapore"
"sixth9351","Japan"
"sixtimenight","Singapore"
"sixu495472","Hong Kong"
"siya7232","India"
"siyabon96095341","South Africa"
"siyuanhufo","China"
"siyuanyan3","Indonesia"
"siyune_hakaisya","East Asia"
"siyuxu15","Taiwan"
"sizario_pi","Japan"
"sizhe_bitcat","Japan"
"sizure__","Japan"
"sizz_miyamori","Japan"
"sj889966","Japan"
"sjak_ovo","Korea"
"sjearthquakes","United States"
"sjghohzykc21982","Hong Kong"
"sjhpfdwl","Hong Kong"
"sjl166","Hong Kong"
"sjpd_pio","United States"
"sjshb57","Singapore"
"sjszownlrkx1g8u","Japan"
"sk215210213","Japan"
"sk8__snow","Korea"
"skaas777","Singapore"
"skadio318","Japan"
"skarks3","Japan"
"skavenps1","Japan"
"skcineupdates","India"
"skcooper4","Hong Kong"
"skdky_0xzero","East Asia"
"skeletondegens","Europe"
"sketchcola","Taiwan"
"skh_nz_","Japan"
"skidwillie","United States"
"skiffccc","Hong Kong"
"skillogyinc","Japan"
"skipbreakfast_","Indonesia"
"skkawa22","Korea"
"skl866455799081","Hong Kong"
"skmtmayuyu","Japan"
"skr19872026","Hong Kong"
"skr_irrs","Japan"
"skr_km2","Japan"
"skr_x_x_sub","Japan"
"skrdermo1","United States"
"skrqwq","Japan"
"skrwja","Korea"
"sksko7o5","Japan"
"sky1818334","Japan"
"sky1855961","Japan"
"sky5_mori_","Japan"
"sky_color21","Japan"
"sky_f1shm","Japan"
"skyblue_0611","Japan"
"skybound","United States"
"skybytee","Singapore"
"skydong328982","United States"
"skyguocypherium","United States"
"skying001","Hong Kong"
"skyjeong5","Korea"
"skylawshq","France"
"skylover0106","United States"
"skymetaverse","Hong Kong"
"skynet_tiantian","East Asia"
"skysora2020","Japan"
"skysportsdarts","United Kingdom"
"skyssnsn","Taiwan"
"skytechfyh","Singapore"
"skytuu","Hong Kong"
"skywalk0230","North America"
"skyyyoon","Brazil"
"skz03250801skz","Japan"
"sl123579983","China"
"slaqdude","South America"
"slavalliere","Canada"
"slayerpirates","Taiwan"
"sleep_in_void","Japan"
"sleepinongems","United States"
"sleepy0x13","Hong Kong"
"sleepyab3","Hong Kong"
"sleepycatpicaso","Norway"
"sleepycloud01","United States"
"sleepym0nkey","Malaysia"
"sleetmizore1025","Japan"
"slety743","United States"
"slexpwalk","Korea"
"sli6_man","New Zealand"
"slience__48","Japan"
"slimmaeken","Japan"
"slittyslvt","United States"
"slktttt","United States"
"sloanegwmfww","United States"
"slonyan__","Japan"
"slot_pioneer","Japan"
"slotrom","Japan"
"slow_fing","Japan"
"slowestcat","East Asia"
"slowfastwell","Hong Kong"
"slowgirl_zzz","East Asia"
"slowmist_team","Hong Kong"
"slowmoonship","Hong Kong"
"slowpoke_l0ve","Japan"
"sltn0325","Japan"
"sluborw","Viet Nam"
"sm_bis_1127","Japan"
"sma_gift","Japan"
"smallstar1101","Korea"
"smark_ninsho","Japan"
"smartpig_joe","United States"
"smartpigai","Hong Kong"
"smartsupply2","Japan"
"smdtkm","Japan"
"smii_seihan_ya","Japan"
"smile123363","Japan"
"smile1881836739","China"
"smile315bot","Japan"
"smile4yes","Southeast Asia"
"smile_peach1034","Japan"
"smilebadday3","Hong Kong"
"smilebouquet93","Japan"
"smilefull_work","Japan"
"smilekao_sns","Japan"
"smilenatu01","Japan"
"smileoripa","Japan"
"smily_0516","Japan"
"smith_wessoninc","United States"
"smlrv_o","Japan"
"smmoshiur02","Bangladesh"
"smokeydougie","Thailand"
"smoky__04","Korea"
"smokytrading","Japan"
"smolblind","Germany"
"smoothiep__","France"
"smorgas6966","Japan"
"smritiirani","India"
"smsehy","Japan"
"smsrm4512910","Japan"
"smthsmthtrish","Southeast Asia"
"sn00pysehun","Brazil"
"sn72625231","Japan"
"sn__lapis_","Japan"
"sn_dimhmtr","Japan"
"sn_trhk_sn_trhk","Japan"
"snachoy","Korea"
"snackseatsmax","United States"
"snake505041","United States"
"snakeason","Japan"
"snap93273981","East Asia"
"snap_anda","Korea"
"snapstreat71463","Japan"
"sncrmpg_ks","Japan"
"sndi8891","Japan"
"snehasi98584538","Viet Nam"
"snehqubrid","India"
"sneyanikasu","Japan"
"snezhevnamazigh","Sweden"
"sngnonakayooo","Japan"
"sngytown","Korea"
"sniktchick","United States"
"sniper_yuyu","Japan"
"sniperinfra","United States"
"snipparaps","Colombia"
"snjh1117","Japan"
"snjun125197","China"
"snoopyprojeto","Spain"
"snow000chemiayu","Japan"
"snow_00","Japan"
"snow_hhww","Japan"
"snow_skibunny","Japan"
"snowbernic69893","France"
"snowboat84","United States"
"snowenh","Hong Kong"
"snowflake","United States"
"snowgraylilly","Japan"
"snowhare_2","East Asia"
"snowsxcx","Brazil"
"snowy12430433","United States"
"snozakisakura","Japan"
"snpngzi2","North America"
"snrn0819","Japan"
"sns_cn","Canada"
"snsdww1212","Japan"
"snsn1045946","Japan"
"snsuzu1417","Japan"
"sntcoiii2","Thailand"
"sntvwt","China"
"snwiki238337","Japan"
"so21863","Japan"
"so758grampus","Japan"
"soadriiii","Argentina"
"soalfy1","Japan"
"soap0718","Singapore"
"soapxia126","Hong Kong"
"soarea7446","Japan"
"sob_er","Japan"
"sociohackz","United Kingdom"
"socket42953979","United States"
"socorrogomes5","Brazil"
"socrate90001","Europe"
"sod_coscos_ikb","Japan"
"sodaart_class","Japan"
"sodaes03","Colombia"
"sodawhite_dev","United States"
"sodeokatohru","Japan"
"sodislikea","Hong Kong"
"sofa_pre","Russian Federation"
"sofi_nicole","Viet Nam"
"sofiasmindset","South Asia"
"sofiatw6","South America"
"sofiaudace","United States"
"sofiavibes01","India"
"sofish","United States"
"sofiya1429656","Taiwan"
"sofolum","United States"
"soft6161","Hong Kong"
"softbank","Japan"
"softbubbleblue","Indonesia"
"softor","United States"
"softstzuyu","Brazil"
"softtennismichi","Japan"
"sofu_shinseikai","Japan"
"sogo1225","Korea"
"soha_coin","Japan"
"sohabnb","Hong Kong"
"sohail2nice","Pakistan"
"soheeoe","East Asia"
"sohfangwei","United States"
"sohiii__xx","Japan"
"sojijs2hu04sf9z","Japan"
"sokokara_1000","Japan"
"sol018371910165","Brazil"
"sol2kplum","Japan"
"sol788888","Hong Kong"
"solamimi777","Japan"
"solana","United States"
"solanaxvx","Turkey"
"solangeknowles","United States"
"solchadnfts","Netherlands"
"soletire","Indonesia"
"solidgreenfire","East Asia"
"soliloquywords","Brazil"
"solip_022","Korea"
"solitaire7104","United States"
"solivaganterie","Brazil"
"solo9699","Hong Kong"
"sololifepick","Japan"
"solonlyluna","East Asia"
"solotrader12","United States"
"solotrainwreck","Brazil"
"solowing52","United States"
"solqtio9","East Asia"
"solte_art1","Korea"
"soltilrac666","Brazil"
"solutions_naija","Africa"
"som_ring9","Korea"
"somalijobs","Somalia"
"somari_tar_mabi","Japan"
"sombarubasumat7","India"
"somecharliebear","United States"
"sommimi_0w0","Korea"
"somnath50969461","United Kingdom"
"somoinakapeen","Africa"
"somoslafc","United States"
"somtochu_kwu","Nigeria"
"son_d_min","Japan"
"sona_y9","East Asia"
"sonbadag1955201","Korea"
"sonettodes","Japan"
"song_8_bird","Japan"
"song_for_a_king","Hong Kong"
"songbaobei1","Hong Kong"
"songguoluna","Spain"
"songguoxiansen","Hong Kong"
"songsong","United States"
"soniasilvab","Brazil"
"sonic__web3","Japan"
"sonicaiwizard","North America"
"sonma84176","United Arab Emirates"
"sonmingyu129603","Korea"
"sonnier_tan","Japan"
"sonnnnnnnnnnnna","Japan"
"sonny_002","Singapore"
"sonofgrace3018","Nigeria"
"sonomichinopro","Japan"
"sononozannpann","Japan"
"sonora233","United States"
"sons_of_italy","United States"
"sonsarang3814","Korea"
"sonyclassics","United States"
"sonymusic_kpop","Korea"
"sonypicturesuk","United Kingdom"
"sonyyang_","United States"
"soo_s0o_so0","Korea"
"soogle_fanfare","Japan"
"sookbarralyk","Germany"
"sooncrush","East Asia"
"soorjinwoo","France"
"sooyonkang","Korea"
"sopheoshq","Nigeria"
"sophiabr01","Brazil"
"sophiegiffdt","United States"
"sophiemichaeli","United States"
"sora__rf__","Korea"
"sora_goods88","Japan"
"sora_star_holo","Japan"
"sorahana_ai","Japan"
"soraiaserrao","Brazil"
"sorakosu01","Japan"
"sorallllllan","Japan"
"soramam90157429","Japan"
"soramizuki10","Japan"
"soranlan","United States"
"sorano_tsukiyo","Japan"
"soranoshita_net","Japan"
"sorayamatoki","Japan"
"soredehachesuto","Japan"
"sorekobi_gako","Japan"
"soren083","Singapore"
"sorisorimachi","East Asia"
"soryunahajime","Japan"
"sose_ta_ma","Japan"
"sosi8818","Korea"
"soslalisa","Brazil"
"sosockssssss","Brazil"
"sosotakei","Japan"
"sosour18","Singapore"
"sosu_talk","Korea"
"sosukewashiya","Japan"
"sotumanoe","Japan"
"sou39ra","Japan"
"sou_ice_love","Japan"
"souasiel","South America"
"soueunavida","Brazil"
"soufu_official","Japan"
"souha_rub0517","Japan"
"soul99soul","Japan"
"soul_fn1107","East Asia"
"soulkthc","Brazil"
"soullight99999","Japan"
"soulso14","Thailand"
"soulsutter","Korea"
"soumyattention","India"
"soundofhope_soh","Canada"
"soundofhopesoh","Canada"
"soundthousand","Hong Kong"
"souomaowo","United States"
"souon4444","Japan"
"soupmiua","United States"
"sourbuttonlamp","United States"
"south6west10","Korea"
"southdevon52","Japan"
"southern410105","Taiwan"
"southphillymom1","United States"
"sowelleconomics","South Africa"
"soyelarre","Mexico"
"soylorak","Brazil"
"soymarketing","Mexico"
"soymistyrose","Japan"
"soyounggum","Indonesia"
"sp22dwagon","Japan"
"sp_ringe","Korea"
"spacealpha1","United States"
"spacex","United States"
"spacexai","United States"
"spapaganlar","Viet Nam"
"spark2980","Japan"
"spark888","East Asia"
"spark_arena","Brazil"
"sparking_hzgb","Hong Kong"
"sparrow_701","Nigeria"
"spcxap","United States"
"special06640379","United States"
"special8686","Japan"
"special_week052","Japan"
"spectragai","United Kingdom"
"spectredxxx","United States"
"spenzdigital","Canada"
"speone7","Japan"
"spi_kazuma","Japan"
"spica59_","East Asia"
"spica8800","Japan"
"spica_519","Japan"
"spicy_maruyama","Japan"
"spider1000x1","United States"
"spider23503","Hong Kong"
"spider_z4","Myanmar"
"spidersun_","Brazil"
"spiderwots","Indonesia"
"spiderwots616","Indonesia"
"spikecalls","Poland"
"spikespiagel","Japan"
"spinnablesports","United States"
"spino_og","Nigeria"
"spirana_","India"
"spiredan","United States"
"spiroscgkouma","Germany"
"spk2077","Singapore"
"spkvijay0","India"
"splalog","Japan"
"splifbadazz1","United States"
"splucksp","Japan"
"spooky_m1934","Japan"
"spooledpilot","United States"
"sport840818","Singapore"
"sportscenter","United States"
"sportsqoner","Kenya"
"sportsstarsfish","United Kingdom"
"spotify","United States"
"spotify_o_crest","Japan"
"spotthegap","Italy"
"spr_domannaka","Japan"
"spring7212","Taiwan"
"spring88396","China"
"springimiii7","Japan"
"springjin222","Taiwan"
"springun_03","Japan"
"spvyg1sb7l9437","Taiwan"
"spwikyy_11","Southeast Asia"
"spydghost","Brazil"
"spydha00","Ghana"
"spyose5","Japan"
"sqjiang801","United States"
"sqlist221311","East Asia"
"squ1rrel7","Hong Kong"
"square71528046","Hong Kong"
"squawkcnbc","United States"
"sque_ee_eee_ze","Korea"
"sqw1117707","China"
"sr0ff","Japan"
"sr1659","Japan"
"srashibauddh","India"
"srazten","Brazil"
"srijanthebhaji","United Kingdom"
"srikanthrising9","India"
"srjalive","South Asia"
"srkian_tanvir","India"
"srntk_loveup","Japan"
"srs_ca_tv","India"
"srt_pr_official","Japan"
"srtapetters","Chile"
"srua_105","Japan"
"sryj5gro","Hong Kong"
"srykagetsu","Japan"
"ss1ptaku","Korea"
"ss_52_bds","Japan"
"ss_cine_updates","India"
"ss_po_i","Japan"
"sseellff0277","Japan"
"ssemzy1","Turkey"
"sseraftx","Brazil"
"sserujjaandrew","Uganda"
"ssestyylgnkia6s","Japan"
"sshen90","Singapore"
"sshikang","United States"
"ssjhels","Japan"
"sskkkkam","Japan"
"sskycn","United States"
"sslss0609","Taiwan"
"ssmr20061101nk","Japan"
"ssovoovo","Hong Kong"
"sssenkiss","Germany"
"sssinhyooo","Korea"
"sssky404","Singapore"
"ssslumdunk","Japan"
"sssnb21","Hong Kong"
"ssss_sera0819","Japan"
"ssssaoss","Hong Kong"
"ssssdry_oq","Japan"
"sssssss1680","United States"
"sssy2019","United States"
"sssyuyuyuw","Taiwan"
"ssv_network","United States"
"ssxaizyf","Japan"
"ssyong0825","East Asia"
"st1iwlvpwzw8nbq","Japan"
"st4r_sk1p","United States"
"st5vgdgun5jzuby","Japan"
"st_data_science","Japan"
"stablecoin_p","Poland"
"stackview_99","United States"
"stainpqpl","Southeast Asia"
"stakejapan","Australia"
"staketg","Germany"
"staley_leo","Taiwan"
"stalkertradingg","Andorra"
"stalky_bo","Japan"
"stanikulechov","United Kingdom"
"stanleygao45","United States"
"stanleysobest","Japan"
"star_7tai28","Japan"
"star_flow_ai","Hong Kong"
"star_fujitv","Japan"
"star_in_night_1","East Asia"
"star_okx","Hong Kong"
"star_thames","Brazil"
"starclub02","Southeast Asia"
"stardewxvalsper","Indonesia"
"stardiedowns","United States"
"stardomain_","United States"
"starfal45170341","Japan"
"stargocn","East Asia"
"stargridcompass","United States"
"stark_axie","France"
"starknetboss","Japan"
"starknight","Japan"
"starkrr900","Brazil"
"starlightynews","Thailand"
"starlink","United States"
"starlinknexus99","Japan"
"starlitbunnie","United States"
"starmanxhj","Japan"
"starokxparody","Hong Kong"
"starreadsz","Brazil"
"starrism0716","East Asia"
"starrkreiger","United States"
"starrr_13","Japan"
"starrysky_liyu","East Asia"
"starsdown","East Asia"
"starstaehy","Brazil"
"start_gravityjp","Ireland"
"startingoveryet","Japan"
"startupwisdom_","United States"
"starvepanda","Taiwan"
"starwars","United States"
"starzigapp","India"
"statiocat","United States"
"stats_feed","Europe"
"statswire","India"
"staycute_32","Tunisia"
"staykdz","Brazil"
"staylightblow8","United States"
"staynewsth","Thailand"
"staypinkyup","Australia"
"stctravis","Ecuador"
"ste_ph_en__","Ireland"
"stealthgpt","United States"
"steam_diary123","Malaysia"
"steamk45","Hong Kong"
"steamworld2016","Germany"
"stechup_kabira","Japan"
"steelbookv","France"
"steelcityjames","United States"
"steelepfc","Kazakhstan"
"stefanposne5t","Philippines"
"stella0109_","Japan"
"stelladapaueii","France"
"stellajiang333","United States"
"stellarorg","North America"
"stellberrycake","Southeast Asia"
"stengelbengel","United States"
"step_showcase_","Japan"
"stepbetween","United States"
"stepbystepnomad","Canada"
"stephaniakarla7","Viet Nam"
"stephaniebox8s","Argentina"
"stephaniefbph8","United States"
"stephanielee_30","France"
"stephaniemn5bv","Peru"
"stephanusof","United States"
"stephenasmith","United States"
"stephenbel9oxu","Turkey"
"stephendeb01","Nigeria"
"stephengrinich","United States"
"stephenlewhtcr","Turkey"
"stephenoonga","Kenya"
"stephenricgwih","Turkey"
"stephonesun","Korea"
"stephouse_hyogo","Japan"
"stephscip","United States"
"steponeai","Singapore"
"steps_xyz","Southeast Asia"
"sterlingcamox","United States"
"sterlingdesignv","United States"
"steve8lily","Malaysia"
"stevehotspots","Singapore"
"steven669988","Hong Kong"
"steven_2376","Canada"
"stevenbayesian","Hong Kong"
"stevencheng","Japan"
"stevenchentx","United States"
"stevennettle77","United States"
"stevenr02178621","Hong Kong"
"stevensiyang","Japan"
"stevensun520417","United States"
"steventhomare","United States"
"stewieeeee7","United States"
"sthiogna","Japan"
"stickyslimenest","Taiwan"
"stilwellza48396","United States"
"stinkbugss","United States"
"stitch___ooo","Japan"
"stkokomipoli","Singapore"
"stmwtnb","Japan"
"stockloverol","Japan"
"stocksalesman","United States"
"stocktoweb3","Taiwan"
"stog_sol","Hong Kong"
"stoiczuqr","South Asia"
"stone7k9","Japan"
"stonekaiju","United States"
"stonesleri","Nigeria"
"stoneweb_seo","Japan"
"stonksbnb","West Asia"
"stoolpresidente","United States"
"stori126","United States"
"story_qhd","China"
"storyteller_","Japan"
"stoshida","Japan"
"str_neo","Japan"
"strap_otto","United States"
"strat_rev","Africa"
"strategyapp","Palestine"
"strato_nano","Indonesia"
"straw_hat07","South Asia"
"strawmono_","Hong Kong"
"strbr_ituki","Japan"
"streetcated","Africa"
"streetsblogla","United States"
"streetsforall","United States"
"stringerviral","India"
"stroudcoleman","United Kingdom"
"strwing2014","Taiwan"
"strxwbby_x","North America"
"sts_kun1126","Japan"
"stsaxin","Hong Kong"
"sttpsantan","Mauritius"
"stubborn007_","Nigeria"
"studio_bukiya","Japan"
"studio_farfa","Japan"
"stuipidmanbozo","Uganda"
"stupefy666","Hong Kong"
"stupidmanbozo","Denmark"
"styleofaking","Japan"
"stylishdegen","Southeast Asia"
"styx1349005","Brazil"
"su_0sz","Japan"
"su_museru","Japan"
"su_texi","Japan"
"suannai53","Singapore"
"suannaigg","Southeast Asia"
"suanrongyouyuxu","North America"
"suaover","United States"
"suaptf7m3j79782","Japan"
"suarezchamorro","Netherlands"
"sub_chilll","Japan"
"sub_typeb","Japan"
"subeiy233","Taiwan"
"subin9301","Korea"
"submura_29","Japan"
"subs_dc","Singapore"
"subuta_toutou","Japan"
"subworks_fn","Japan"
"successful52v01","Japan"
"successpartner_","Japan"
"succinite_a","Japan"
"succubus3584","Viet Nam"
"suddl_01","Korea"
"sudoingx","Thailand"
"sudokutooth","United Kingdom"
"sue_sub_19","Japan"
"suehiro_potechi","Japan"
"suelcimorales","Brazil"
"suelen_c_santos","Peru"
"sueno6371_luz","Kenya"
"sueshi96612585","Hong Kong"
"suesue_miku39","Japan"
"suf8dijzjr7","Korea"
"suga_wara_san","Japan"
"sugarblack_01","Japan"
"sugardad076","Japan"
"sugary_bean_","Hong Kong"
"sugela5","Hong Kong"
"suger30834289","United States"
"sugi04425627","Japan"
"suglitt","Argentina"
"sugoikotoga","Japan"
"suhuan2hen","Southeast Asia"
"sui_kawasaki","Japan"
"suibinlucky","Malaysia"
"suifeng24","Hong Kong"
"suifengfreedom","Southeast Asia"
"suinetworkcn","Singapore"
"suinomaru_301","East Asia"
"suisui_0209","Japan"
"suisui_ai_metal","Japan"
"suitapelook","Japan"
"suiyw1999","Singapore"
"sujayashreekan1","Netherlands"
"sujing110","United States"
"sujinicent","Nigeria"
"sujito654271","Indonesia"
"sujitroy2010","Hong Kong"
"sujoun987","Bangladesh"
"suka_bell","Japan"
"sukekiyop","East Asia"
"suki_love_white","Japan"
"sukimiku0831","Japan"
"sukiyonio","East Asia"
"sulaima61510588","Africa"
"suleeaumw944421","Japan"
"suleymanmena","East Asia"
"sulin2046","United States"
"sulixing0213","United States"
"sullibi","Chile"
"sullivanethell","United States"
"sullyinoho","Taiwan"
"sultfirty","Brazil"
"sulye_eth","United States"
"sumagafun","Japan"
"sumaten_co","Japan"
"sumendlessmer","China"
"sumi20211120","Japan"
"sumi_web","Japan"
"sumicalls","India"
"sumif4a2","Japan"
"sumika45379","Japan"
"sumika_ch","Japan"
"sumikirizinro","Japan"
"sumim_57","Korea"
"sumimakito","Japan"
"sumireko0724","Japan"
"sumit_meena_swm","India"
"sumithee","Japan"
"summer1845179","United States"
"summer_avery_","China"
"summerweatscas","United States"
"sumon4447s","South Asia"
"sun001shine","East Asia"
"sun1316924","China"
"sun1339797","China"
"sun28355","Japan"
"sun_dolphin_","Korea"
"sun_jini_skz","Japan"
"sun_oct28","Taiwan"
"sun_redondo","Korea"
"suna_vab","Japan"
"sunafukin1981","Japan"
"sunamitam00","Brazil"
"sunao_vissel","Japan"
"sunbumdiaries","United States"
"sunchris357","Korea"
"sundancefest","United States"
"sundarpichai","United States"
"sunday77985","Taiwan"
"sunduoyu666","Japan"
"sundyme","United States"
"sunflowerlunna","Taiwan"
"sunfloweroya310","East Asia"
"sunfororchids","Slovenia"
"sungoidekame","Japan"
"sunhenry225","United States"
"sunitarazz","India"
"sunjiadong88","United States"
"sunjiaxuanxuan","China"
"sunjingquan","United States"
"sunkaixuan1718","Japan"
"sunking85735","Hong Kong"
"sunlc_crypto","Japan"
"sunligh676919","China"
"sunlittlebooker","Taiwan"
"sunny19930522","Hong Kong"
"sunny661825","China"
"sunny_reed_0","United States"
"sunnydreamer17","Brazil"
"sunnyfinance1","Canada"
"sunnyliao9","Taiwan"
"sunnywmfr","United States"
"sunnyx145986","China"
"sunrisetrader","United States"
"sunroundtable","Japan"
"sunshinebinance","Southeast Asia"
"sunshinetalker","United States"
"suntory","Japan"
"suntvcatchplus","Japan"
"sunwei8698","East Asia"
"sunwukong_zh","United States"
"sunyangxianyan","Australia"
"sunyuchentron","Singapore"
"suo__024","East Asia"
"suo_ya56311","China"
"suofeiya128433","China"
"suoluomen2007","Denmark"
"suomi55","Germany"
"suono_pukapuka","Japan"
"suou_mao27","Japan"
"suou_ttm","Japan"
"suoudollkasa","Korea"
"suoyuanjchen","United States"
"suozhangketang","Viet Nam"
"sup_surf_ski","Japan"
"suparluxi","Japan"
"suparnatax","Japan"
"super4defi","East Asia"
"super55668","Taiwan"
"super_easosu","United States"
"super_teslakun","Japan"
"superbitmaneth","Japan"
"superchao2021","Hong Kong"
"supereasyit","Korea"
"superfang119","United States"
"supergwh","Hong Kong"
"superja888","United States"
"superjdfz","Taiwan"
"superkracy","United States"
"supermanbin666","Hong Kong"
"supermanchairo","Mexico"
"supermicro","United States"
"superogers1","Taiwan"
"superprojili","Hong Kong"
"supersergio99","Chile"
"supersonico_100","United States"
"supertrinah","Uganda"
"superx870112381","United States"
"superxma","United States"
"superzc315","United States"
"supezen","Japan"
"supfin","United States"
"supkealy","China"
"suplexinsider","Europe"
"supper4x","South Asia"
"support_to_san","Japan"
"supremegaius","Nigeria"
"suqakot","Japan"
"suqfktbggs38970","Hong Kong"
"suraavinash2","Japan"
"surajso57219831","Brazil"
"surdark","Japan"
"surendar__05","India"
"sureshr99201556","United Kingdom"
"surfanken","Japan"
"surfcapitalfour","Hong Kong"
"suriaidabakri","Malaysia"
"suriya_offl","India"
"surpass_e","Japan"
"surpr164","Hong Kong"
"surugaya_st","Japan"
"suruzoppp","Japan"
"suryazana222","Indonesia"
"susan6082377790","Viet Nam"
"susannpalazzi","United Kingdom"
"susanraines03","United Kingdom"
"susanryanlin","United States"
"susanryanlin1","Viet Nam"
"susanti27402566","Indonesia"
"susaotong","United States"
"sushhifuu","Taiwan"
"sushi_papa_tuna","Japan"
"sushigyouzasuwa","Japan"
"sushisyokunin32","Japan"
"sushiudon3tu","Japan"
"susiemmxuzi","China"
"susj_a","Taiwan"
"susupngn2777331","China"
"susygime","Mexico"
"sutaho7777","Japan"
"sutetekonet","Japan"
"sutnkwfrfkmhhsg","Taiwan"
"sutoresuzannmai","Japan"
"sutoroberi0705","Japan"
"suttorune","Japan"
"suu766","Hong Kong"
"suu_fishing_1","Japan"
"suusandesuu3","Japan"
"suuusuuuow","Japan"
"suuuu_ne","Japan"
"suuuuui_ka","Japan"
"suuxy1","Africa"
"suwakopro","United States"
"suwansri7377","Hong Kong"
"suwanyu7777","Taiwan"
"suwappi_sub","Japan"
"suwen40","Spain"
"suyanzhenq","Viet Nam"
"suyu2018block","Canada"
"suzane_70","Mexico"
"suzuhanado","Japan"
"suzuki_s_fang","Japan"
"suzukiaiko123","Southeast Asia"
"suzukuma_2019","Japan"
"suzumebachi_8","Japan"
"suzunamirei","East Asia"
"suzuno1511","Japan"
"suzuyoshoji","Japan"
"suzy_nibu_tama","Japan"
"sv04ytaka","Japan"
"svbizjournal","United States"
"svnonbiebs","Brazil"
"svt13_tr12_","Japan"
"svtrs15","Japan"
"sw0_0sone","Korea"
"sw4guu","Nigeria"
"sw520141","United States"
"swagbagx","Nigeria"
"swanbatby","Southeast Asia"
"swang20201","Canada"
"swanitstar","Southeast Asia"
"swankyjohnx","United States"
"swarmapp","United States"
"sweatystartup","United States"
"sweem174765","Chile"
"sweeo274095","Chile"
"sweet_pinkday","Korea"
"sweetannybella","Europe"
"sweetbabe6969","United States"
"sweetdreamin2d","Germany"
"sweeterlove3","Nigeria"
"sweetflips","Netherlands"
"sweethard_id","Indonesia"
"sweetie_prim_04","Korea"
"sweetlarkb5sz","United States"
"sweetsnyan","Japan"
"sweett_me1","Brazil"
"sweetter6340","Japan"
"sweety7968","China"
"swextdemon","Indonesia"
"swgxj1688","Hong Kong"
"swi4awmi5gr36np","Japan"
"swichski","United States"
"swiftsma","Brazil"
"swingerwav1121","Japan"
"swingtraderco","United States"
"swipe1official","Malaysia"
"swissycrypto89","Japan"
"swladywarriors","United States"
"swntk_fun","Japan"
"swoopboys","United States"
"swordbluesy","United States"
"swvouzsns982sjv","Japan"
"swyvpn","Taiwan"
"swyxy4484","East Asia"
"sx_2xn","East Asia"
"sxdive_gs","Taiwan"
"sxdwzz","East Asia"
"sxlag92","Hong Kong"
"sxnwhitez","Brazil"
"sxp01001","Hong Kong"
"sxttnmsl","Hong Kong"
"sxxyx012","Japan"
"sy3611884954559","Korea"
"sy7rlf3tpt6aeoe","Japan"
"sy_creative","Africa"
"syabuzonmat","Korea"
"syakkin_my","Japan"
"syaru9090","Japan"
"syasyarumi","Japan"
"syauboy","Singapore"
"sycknight","United States"
"sydney2026med","Japan"
"sydneydaddy1","Australia"
"sydneysshub","United States"
"syedmuhammadad","United States"
"syepue","Korea"
"syhily","Singapore"
"syhung909090","Viet Nam"
"syifaaafz","United Kingdom"
"syk233","United States"
"sykfez","Korea"
"syko_kween","United States"
"sylk63","Japan"
"sylvainproulx8","Canada"
"sylvia1na","East Asia"
"sylviachukwu4","Nigeria"
"sym_____35","Japan"
"symiiii7","Japan"
"symk14","Japan"
"symphoneed","Japan"
"sync_ad","Japan"
"syncacreations","Japan"
"syndredy","United States"
"syndrxmniall","Viet Nam"
"synerrin","Canada"
"synthwavedd","United Kingdom"
"syokomizo","Japan"
"syokopu_hige","Japan"
"syorakuka","Japan"
"syoshinsya2525","Japan"
"syou0616","Japan"
"syouta1001","United States"
"sysg_it_saiyou","Japan"
"sysit","Singapore"
"syszvw","Japan"
"syu_195","Japan"
"syu_s_syu","Japan"
"syukyusun","Japan"
"syumumemokikuro","Japan"
"syunikissarata","Japan"
"syunta812","East Asia"
"syx58016787347","Singapore"
"syxz1992630","China"
"syyholbswjwneh2","Japan"
"sz2086210859","Singapore"
"sz__nk1317","Japan"
"szattoz","Japan"
"sznk_","Japan"
"szok_ufactor","Japan"
"szslg","United States"
"szsxcs","United States"
"szwhjkq","China"
"t0move","East Asia"
"t0r1ndle0","Japan"
"t0rihikil242","Japan"
"t15448176","Japan"
"t1r9h8k3","Japan"
"t4ty_","Brazil"
"t654u9fzxu5qp6o","Japan"
"t66ylab","Japan"
"t74fppdj74","Philippines"
"t77vqkzkdzlpvdz","Japan"
"t85ofkiuamvxemc","China"
"t9ifl9bhpq83250","Korea"
"t_a___k_i","Japan"
"t_artifact","Korea"
"t_celebs","India"
"t_didb67409","Japan"
"t_kohki_ff","Japan"
"t_ohshita3824","Japan"
"t_p_andt_c","Japan"
"t_shiomoto","Japan"
"t_sota_0429love","Japan"
"t_umaumanote","Japan"
"t_wakihara","Japan"
"t_ycoo","Japan"
"t_youbi_","Japan"
"t_yurui","Taiwan"
"ta0202bybyby","Japan"
"ta0_ex0","Japan"
"ta16dataeng","Japan"
"ta7ctq_ka2","Japan"
"ta___kun0728","Japan"
"ta_cha_bug","Japan"
"taaboo4118","Japan"
"tabako_killer","Japan"
"tabako_v","Japan"
"tabakodose","Korea"
"tabbypos","Malaysia"
"tabgdoueth","Hong Kong"
"tabhob","Hong Kong"
"tabimaru2023","Japan"
"tabisiro114114","Japan"
"tabuchi_taka","Japan"
"tabunoki357","Japan"
"tachibana7010","Japan"
"tachibanahime07","Japan"
"tadmania","Japan"
"taedon24o6","United States"
"taegiimuse","Brazil"
"taeguide","West Asia"
"taeh_jung_ruum","Japan"
"taehyrf","Brazil"
"taeinsi","Korea"
"taekokmin","Brazil"
"taesanyako","Indonesia"
"taethvlove","Brazil"
"taffyboyx1","United Kingdom"
"tag___o0x","Japan"
"taguchigomu","Japan"
"tahechan3","Japan"
"tai9492hui","Singapore"
"taibaoshuo","Japan"
"taichi_stream4","Japan"
"taichisunsun","Japan"
"taidaisgood","Japan"
"taiga15","Japan"
"taiga_raise","Japan"
"taiga_sys","Japan"
"taihuiwan","North America"
"taikeido_sanai","Japan"
"tail61259281","Japan"
"taimamamasumi","Japan"
"taipeifuntw","Taiwan"
"taipingjiezong","Southeast Asia"
"taisenyoroyoro","Japan"
"taishi0518tt","Japan"
"taishi_cho","Japan"
"taishi_fk","Japan"
"taishibow022","Japan"
"taiwannewsgnrl","Taiwan"
"taiwoftx","Nigeria"
"tajiri5502","Japan"
"tajwan_tamim","South Asia"
"taka10050914","Japan"
"taka1009jpgr","Japan"
"taka31584","Japan"
"taka450815","Japan"
"taka_haciware","Japan"
"takadadillon","Viet Nam"
"takadai_fishing","Japan"
"takahashi_174","Japan"
"takahashi_mai__","Japan"
"takahiro313","Japan"
"takahiro3iura","Japan"
"takahirosuzuki","Japan"
"takaikawa_kun","Japan"
"takamaru73","Japan"
"takamitsu_1966","Japan"
"takanatravel","East Asia"
"takanostume24","Japan"
"takao_mizuno1","Japan"
"takapashi222","Japan"
"takashido12","Japan"
"takashima169527","United Kingdom"
"takashislaus","Japan"
"takataka_0101","Japan"
"takatoki65","Japan"
"takatono1","Japan"
"takayan_0530","Japan"
"takazkmr","Japan"
"take_chiyo1991","Japan"
"take_ko_bs_","Japan"
"take_yaki","Japan"
"takejo4222","Japan"
"takemiyo_books","Japan"
"takenaka_saiyo","Japan"
"takenoko_coco","Japan"
"takeokazeirishi","Japan"
"takeraka_create","Japan"
"takeru1113suki","Japan"
"takeshisenpaio0","Japan"
"taketaxlabor3","Japan"
"takethiamine","United States"
"taketsuki_217","Japan"
"takeyan4562","Japan"
"taki8964","United States"
"takijimann","Japan"
"takikomi__rice","Japan"
"takitokk_japan","Japan"
"takkuman_blog","Japan"
"tako180","Japan"
"tako_tonnbo_15","Japan"
"takon_btbsu2001","East Asia"
"takthenight","Japan"
"taku5036411","Japan"
"taku6581_233","Japan"
"takudzwafranck","Africa"
"takumi_west","Japan"
"takumimorii","Japan"
"takuminnotoriko","Japan"
"takuminso","Japan"
"takunicochask","Japan"
"takuya_photo_x","East Asia"
"takuyagomori","Japan"
"takuyannu32","Japan"
"talcualsoy_2","Guatemala"
"tali_re_asset","Japan"
"talkingtyranno","East Asia"
"talleyho1","United States"
"talyaaras","Caribbean"
"tam002e","Japan"
"tama84642191","Japan"
"tama_enjoymovie","Japan"
"tama_supe","Japan"
"tamachan9141104","Japan"
"tamago_tamagonn","Japan"
"tamahanagoma","Japan"
"tamapii__","Japan"
"tamaragoss5","United States"
"tamariotto","Japan"
"tamax0","Japan"
"tamekiaplyer","United States"
"tamiltvhouse","India"
"tamiyagorou9090","East Asia"
"tammeh1","Bangladesh"
"tamon_180cm","Japan"
"tampictg87","Singapore"
"tamrajean1113","Japan"
"tamu_a_","Japan"
"tamz520","Southeast Asia"
"tana_mabinogi","Japan"
"tanakas22104035","Japan"
"tanakaseiji14","Japan"
"tang05290213","Hong Kong"
"tang0x7","Hong Kong"
"tang_hui42285","China"
"tangdaowan13781","China"
"tangem","Switzerland"
"tangeorange","East Asia"
"tanghongru41847","Hong Kong"
"tanglege22","Spain"
"tanglewave","Japan"
"tangqrr","North America"
"tangsanzangbtc","Hong Kong"
"tangshangchao06","Singapore"
"tangsoft","United States"
"tangtaizong2026","North America"
"tangyuan131419","Canada"
"tangyuan250214","China"
"tankstackz5","United States"
"tanliman1","Hong Kong"
"tansanfabrik","Japan"
"tansm122219","United States"
"tantan22527748","France"
"tantontoketo_","Japan"
"tanujprakash37","India"
"tanvir48992","Bangladesh"
"tanyixiang10","Malaysia"
"tao_an_hpu","Singapore"
"tao_tao123","Southeast Asia"
"tao_trhk66","Japan"
"taoe1j","Hong Kong"
"taofen_boy","Singapore"
"taoist_mark","Japan"
"taoistalchemist","Australasia"
"taoli7798","Hong Kong"
"taotalkpod","United States"
"taotieqiyu","Hong Kong"
"taoyaotaoyao","Hong Kong"
"taozhao90505","Hong Kong"
"taozhiping1","China"
"taozi0929","Singapore"
"taozibuilds","Japan"
"taperewrite","Japan"
"tapevoice","Japan"
"tapioka_hao","Japan"
"tapjr","United States"
"taposkumarbasu","India"
"tappyu3_games","Japan"
"tarajipenda_h","Finland"
"tararakko092","East Asia"
"tarcisiobrito8","South America"
"taremimi_marron","Japan"
"taretama777","Japan"
"tarezo13","Japan"
"tarkobm","Japan"
"tarkr18","Japan"
"taro8573","Viet Nam"
"tarohaka","Japan"
"taros_physics","Japan"
"taroswirl2026","Korea"
"tarrynwilk_","United Kingdom"
"tarshatortcs","Philippines"
"tarsixseveneig1","Japan"
"tart_egg25188","Hong Kong"
"tarttvs","United States"
"taru_kujira_2","Japan"
"tarugosa","Philippines"
"tarutaru2244","Japan"
"taryohi1255","Japan"
"tasao0750184001","Viet Nam"
"tasho_x","Spain"
"taskonxyz","Hong Kong"
"taste_live_bus","Japan"
"tasteoftaiyaki","Japan"
"tastygoo_d","Korea"
"tatakiyagroove","Japan"
"tatar47794785","Thailand"
"tatemonoservice","Japan"
"tateyoko0417","Japan"
"tathjikook","Brazil"
"tatianasnead","United States"
"tatimonzon","Viet Nam"
"tatiyixi","United States"
"tatsuno_doraku","Japan"
"tatsurokashi","Japan"
"tatsuya_xmx2","Japan"
"tatum2turnt","United States"
"tatyrck","Brazil"
"tausagi","Hong Kong"
"tausif_eth07","India"
"tavioow_","Brazil"
"tax_scan","India"
"taya_hairsalon","Japan"
"tayl0rwtf","United States"
"taylor76001243","United States"
"taylorcioffi1","United States"
"taylorlehman","United States"
"taylorswift13","United States"
"taylotsec","Southeast Asia"
"tayrianacline","Brazil"
"tayrice810","United States"
"tazmus982","Zimbabwe"
"tb6yocjxclyzptq","Japan"
"tbagcity","Africa"
"tbasejapan","Japan"
"tbone13trg","United States"
"tbros6868","Southeast Asia"
"tbsnewsdig","Japan"
"tbutom9vcn32518","Japan"
"tbzoe1","United States"
"tc8880","United Kingdom"
"tc_consultingke","Saudi Arabia"
"tcdwww","Singapore"
"tcheiong","Brazil"
"tchinnom","Korea"
"tcvarbanov","Bulgaria"
"td_nash","United States"
"td_pr_team","Japan"
"tdh21mokggjvhyf","Japan"
"tdknyarko","Ecuador"
"tdu10842133","Hong Kong"
"te_ux_xu","Japan"
"tea_cchi","United States"
"teacher253605","China"
"teacher_cao","North America"
"teaganmilldk","United States"
"tealifekokoro","Japan"
"team_asobit","Japan"
"team_c2syndrome","Japan"
"teapsey1","Europe"
"tearmyuyuunya","Japan"
"tecaixxiii","Argentina"
"techbiz_inc","Japan"
"techflowpost","Southeast Asia"
"technoa_japan","Japan"
"technotcr","Japan"
"techpicks_02","Japan"
"techtradestt","India"
"techtravelagent","Viet Nam"
"techwongcrypto","East Asia"
"techwork_rif","Japan"
"teclastjapan","United States"
"teclis0734","Japan"
"teddy22810247","East Asia"
"teddy_mexc","Taiwan"
"teddykoguma","Japan"
"teddyrewa","India"
"tedpillows","Netherlands"
"teenagerbook","Romania"
"teensmn","Japan"
"teextranoaaa","New Zealand"
"tefudavictoria","Japan"
"teg_ax","Africa"
"tei_qua116","Korea"
"teikokupc","Japan"
"teirikop","Japan"
"tekitounacule","Japan"
"telegram","Netherlands"
"televisionacad","United States"
"tellerstore","Japan"
"tellthetruthal1","Pakistan"
"telugutvexpress","India"
"temabble","Tunisia"
"temari_hanan","Japan"
"temmy_royals","Nigeria"
"temmyreel","Nigeria"
"temnsxri0mcmxc1","Japan"
"templepeter2026","Africa"
"templeursu95823","United States"
"temptvtion_nft","Belarus"
"tempy_vy","Japan"
"ten1sion","Hong Kong"
"ten_0x0w","Japan"
"ten_alrescha2","Japan"
"tencentai_news","Hong Kong"
"tenchan_fx","Japan"
"tenetbtc","East Asia"
"tengr123","United States"
"tenkai_amami","Japan"
"tennimunews","Japan"
"tennoma","Japan"
"tennshousann","Japan"
"tenphoenix2018","United States"
"tenshaku","Japan"
"tenshokucom13","Japan"
"tensuana","North America"
"tenxhunter","Japan"
"teo8933","Malaysia"
"teodzi3","Brazil"
"teonwhite0","United States"
"teortaxestex","Argentina"
"tequilawan9","United States"
"ter_ry46048","Japan"
"teramisu1977","Japan"
"terannnn","United States"
"tercyidukk","Indonesia"
"teresahl01","North America"
"teresarich9r6i","Turkey"
"terestrial_xtra","East Asia"
"teriteritoushi","Japan"
"terrelltres","United States"
"terriblemaps","Europe"
"terry16748","Pakistan"
"terryharmonic","Singapore"
"terryyang1999","United States"
"teru_385","Japan"
"terutsuki116a","Japan"
"tesaki_1990","Japan"
"tesla","United States"
"tesla_nobu","East Asia"
"teslam2030","East Asia"
"teslamillion","United States"
"teslanewssquare","Korea"
"teslaownerssv","United States"
"teslatesla_10","Japan"
"teslife_tokyo","Japan"
"tess_42","United Kingdom"
"tessjenny242063","United States"
"testingcatalog","Germany"
"tesu777ur","Japan"
"tetegiholics","Brazil"
"tetsu71400808","Japan"
"tetsu_suzu2023","Japan"
"tetsudesu8","Japan"
"tetsuya_00x","Japan"
"teunyan_00","Japan"
"tevacrude","Japan"
"tevivosophie","Brazil"
"texas_divine","United States"
"tezza_w_ver2","Japan"
"tf_hichi__813","Japan"
"tferriss","United States"
"tforce13","United States"
"tfy1352531","Taiwan"
"tg0x8x9wz2urspv","Japan"
"tgdealsofficial","India"
"tgemr","Japan"
"tgo_music","United States"
"tgw7b9frkk765","Hong Kong"
"th3gentpirate","Canada"
"th_39k","Japan"
"th_jpnft","Japan"
"th_yumenikki","Japan"
"thaddeusjiang","Japan"
"thailand1926","East Asia"
"thanh_designdn","Viet Nam"
"thanhtr41026053","Viet Nam"
"thankgodehios","Nigeria"
"thankgudx","Japan"
"thanksutrump","North America"
"thankucrypto","Hong Kong"
"thannerstefan","Switzerland"
"thanphu656","Viet Nam"
"thao3080","Viet Nam"
"thardevhaz","Nigeria"
"thatdeenguy_1","Nigeria"
"thatguy08635840","Iraq"
"thatonegamerdad","United States"
"thatsosick_44","United States"
"thayannaribeiro","Brazil"
"thbn05208503","Hong Kong"
"thcaroline2233","Hong Kong"
"the_beanstalk","Japan"
"the_biellv","Brazil"
"the_chart_life","United States"
"the_cyber_news","India"
"the_designer_58","Kenya"
"the_f00l000","Hong Kong"
"the_infamous_t8","Mozambique"
"the_quantastic","Turkey"
"the_sellsman","United States"
"the_triver","Africa"
"the_yoshioo","Japan"
"theabsentperson","Pakistan"
"theacademy","United States"
"theacut88341493","United States"
"theai0bserver","Canada"
"theamazingatm","United States"
"theanuragrao","India"
"theaterhouse","Japan"
"theb1m","United Kingdom"
"thebabycandle","Indonesia"
"thebabylonbee","United States"
"thebasedcapital","Canada"
"thebelgiancule","Belgium"
"thebigbull2026","Southeast Asia"
"thebitcode","United States"
"thebitcoinguru_","Argentina"
"theblackbull0x","Europe"
"theblocksea","North America"
"thebuydipbro","East Asia"
"thecitylion","North America"
"thecotrixgalaxy","Japan"
"thecowiscoming","United States"
"thecraftman_","United Kingdom"
"thecryptoskanda","Southeast Asia"
"thecutest_lover","Hong Kong"
"thecybersechub","United Kingdom"
"thecyborganics","North America"
"thedammi","Nigeria"
"thedaywarrior","United States"
"thedevdwarf","Turkey"
"theearlypanda","United States"
"theeastsiderla","United States"
"theehoppin","Kenya"
"theejhay01","Africa"
"theemusicrat","Brazil"
"theenzolad","United States"
"thefader","United States"
"thefargofella","Ireland"
"thefirs31043355","North America"
"thefirs9","Southeast Asia"
"thefithabits","Syrian Arab Republic"
"thefli300","Chile"
"thefluke999","Hong Kong"
"thefrogmaxi","Viet Nam"
"thegamerbenny","Germany"
"thegengarkhan","United States"
"thegodlivia","Australasia"
"thegodmam6000","Japan"
"thegrovela","United States"
"theguide1776","United States"
"thehappywang","United States"
"thehavencrypto","Europe"
"thehypedotnews","United Arab Emirates"
"theiosgregorios","Brazil"
"their_heart_8","East Asia"
"thejoanayebola","Africa"
"thejsnode","United States"
"thejustinwelsh","United States"
"thekiaforum","United States"
"thekimjim","East Asia"
"thekinggeorge14","United States"
"thekucha","Japan"
"thelagborn","Chile"
"thelascene","United States"
"thelastoftake","India"
"thelenhadoor","Brazil"
"thelostrlove","Japan"
"theludovicolea","Southeast Asia"
"thematrixwizard","Europe"
"themexication","United States"
"themoondojo","Hong Kong"
"themoonmomnoey","Thailand"
"thenation","United States"
"thenecromatoma","South America"
"thenexus_team","South Asia"
"theni_game","Korea"
"thenickmurphy","United States"
"thenualog","Korea"
"thenulldesk","Singapore"
"thenutz01","United States"
"theo_network","United States"
"theoananedelcu","United States"
"theobullish","Africa"
"theonlyempres","United States"
"theoryixqg","United States"
"theovoszalegacy","Canada"
"theoxcc","United States"
"thepennylounge","Canada"
"thepixelsai","North America"
"thepremlge","United Kingdom"
"thepulse247","Nigeria"
"theragolds88419","United States"
"therealbuni","Argentina"
"therealchapo2","United Kingdom"
"therealchuno","Libya"
"thereality32","United States"
"therealnaathan","Bangladesh"
"therealridgeway","United States"
"therealtc9000","United States"
"therealtlovan","United States"
"thereisnohair","Japan"
"theresejenab","United Kingdom"
"thesafarist_","Africa"
"thesalgreco","United States"
"thesaudisnft","Morocco"
"thescenestar","United States"
"theshareplayers","Monaco"
"thesilverhermit","Israel"
"theskys25675511","North America"
"thespagheddie","Canada"
"thesports_arena","Africa"
"thestalwart","United States"
"thesteinline","United States"
"thestudyofwar","United States"
"thetakencareof","United States"
"theterukookura","United States"
"thetime_staff","Japan"
"thetime_tbs","Japan"
"thetroubadour","United States"
"thetruekrazykat","United States"
"theunderdogshk","Hong Kong"
"thevikitalks","Viet Nam"
"thevviccan","Brazil"
"thewei123","China"
"thewrap","United States"
"thewrldbaby","Africa"
"thexiangyang","United States"
"theycallmemryu","United States"
"theyusen_","United States"
"thezombkiller","Brazil"
"thf_883","Japan"
"thiblvd","South America"
"thiccassi","United States"
"thidara49595383","Thailand"
"thief_xoxo9","Japan"
"thimondesu","Japan"
"thingjian","Southeast Asia"
"thinker04230409","China"
"thinking_reed","Japan"
"thinkingcapy","Japan"
"thinkingchain","Taiwan"
"thinkspin","United States"
"thinkymachines","United States"
"thirdfy_u","United States"
"thirdgear_games","Japan"
"thirteenarmyser","Philippines"
"thirteenyizuka","Japan"
"thirtyld","South Asia"
"thirtyninekgs","Canada"
"this_is_snatch","Japan"
"thishazeplus","Indonesia"
"thisisaboose","United States"
"thisisfordx","Brazil"
"thisisfuzhou","Hong Kong"
"thisisntreal117","Netherlands"
"thisisspotify","United States"
"thisissuzhou","Southeast Asia"
"thitima_kheiyw","Thailand"
"thomas_leeeeee","Korea"
"thomasbui2010","Viet Nam"
"thomasjswithers","United States"
"thomasulmer14","Poland"
"thomasxblocked","France"
"thomaszhou_","United States"
"thor_0916","Japan"
"thornyamazon127","Japan"
"thpgkm0tcn59189","Japan"
"thr","United States"
"three102611","Japan"
"threebeanscoff1","Germany"
"threepastevents","Southeast Asia"
"throneofdesirec","Taiwan"
"thrush238","Japan"
"thsgst5ugn0b1m4","Japan"
"thsottiaux","United States"
"thtygccwsg86179","United States"
"thuankhang6","Southeast Asia"
"thugz001","Japan"
"thund3rbringer","Brazil"
"thuno_taro","Japan"
"thuthuy57147984","Viet Nam"
"thuyzeigerlzoc","United Kingdom"
"thv_andyh","South America"
"thvhaerin","Mexico"
"thystle_0715","United States"
"ti_fani_a","Indonesia"
"tiagoflanko","Brazil"
"tiahe77","Hong Kong"
"tian9jaw","North America"
"tian_cheng520","Japan"
"tianbaosu","Hong Kong"
"tianchaeth","Hong Kong"
"tianchai1995","Southeast Asia"
"tiandi_zhang","Singapore"
"tiandoubtc","Hong Kong"
"tianlaobnb","Hong Kong"
"tiantianmaoovo","Hong Kong"
"tianxiu68954","Singapore"
"tianyayu0124","United States"
"tianyinglife","Hong Kong"
"tianyuanyule","Hong Kong"
"tianyuku","Singapore"
"tianyunzhanshen","Hong Kong"
"tianzhch175423","Hong Kong"
"tianzhushengji","Japan"
"tibetanfoxii","China"
"tidianeseen27","Senegal"
"tie0a","Japan"
"tiejun_wen78633","United States"
"tientientien121","East Asia"
"tieuhy26","Viet Nam"
"tieulyvlog","Viet Nam"
"tifee_s","Hong Kong"
"tiffanlot","Taiwan"
"tiffanyfong","United States"
"tiffanyli1010","Taiwan"
"tifuru202404","Japan"
"tig012345","Japan"
"tig88411109","North America"
"tiger125093","China"
"tiger7bob","Canada"
"tiger_web3","Netherlands"
"tigerchen7411","Japan"
"tigerpridefrog","Japan"
"tigerwaang","East Asia"
"tigerweb3riji","Thailand"
"tighnari_wife_","Korea"
"tigotou","Japan"
"tiiel_tl","Korea"
"tiiinydenise","Canada"
"tikpanidaladee","Thailand"
"tikubige29","Japan"
"tikuwa_tarako","Japan"
"tilatea_steve","Taiwan"
"tile_market","Japan"
"till_okb","Japan"
"tillerpuortoh","United States"
"tillxr","Brazil"
"tim58821887","China"
"tim98feng","Canada"
"timbazp","Japan"
"timbonds","Japan"
"timbrobro","United States"
"timburt70247923","Nigeria"
"time","United States"
"time_horizonx","Hong Kong"
"timedonotwait","Taiwan"
"timelordyx","Brazil"
"timikasouvrmw","Singapore"
"timileyinopeye9","Nigeria"
"timjayas","South Asia"
"timl20455972","Hong Kong"
"timliu92","Hong Kong"
"timo289929417","China"
"timon_spirit","Germany"
"timothyadavmni","Turkey"
"timothyrivsqgh","Turkey"
"timsfoyle","Netherlands"
"timwjp","Japan"
"timyao888","Japan"
"timzhou19","United States"
"tina63991073","Japan"
"tinamarie30383","Brazil"
"tinawates94894","United States"
"tinayeah5","China"
"tincarl66","Southeast Asia"
"tingju4","East Asia"
"tingtin75896271","China"
"tingyun97","East Asia"
"tinker934","Japan"
"tinkerbell_web3","Hong Kong"
"tinne94280359","Thailand"
"tinoforbidden","Europe"
"tinorin4545","Japan"
"tintin653363051","China"
"tintinx2021","Southeast Asia"
"tinwung11","North America"
"tinyfool","Japan"
"tinyray1314","United States"
"tip_tsutomu","Japan"
"tipfunder","United Kingdom"
"tiramissad","Southeast Asia"
"tischlerei_","Japan"
"tison1096","Singapore"
"tiss_of_jos","Nigeria"
"tistan170085","Japan"
"titan6086","Japan"
"titanexneo","Japan"
"tite_official","Japan"
"titiboinboin","Japan"
"tivawrld","United States"
"tizzty518","Hong Kong"
"tj0n7","Japan"
"tj_ruichen","United States"
"tjjtv2t0mm7amqd","Japan"
"tjsince87","United Kingdom"
"tjtrend","China"
"tk20y_n18","Japan"
"tk4hath","Hong Kong"
"tk_primewing","Japan"
"tk_sm_12","Japan"
"tkarahan_","Mexico"
"tkddud957","Korea"
"tkhdo_aiillust","Japan"
"tkhsttj","Japan"
"tki2o_","Japan"
"tkj_george","United States"
"tkktkk_","Japan"
"tkkyuantkk","Singapore"
"tkmhk99","Japan"
"tksi16","Japan"
"tkt_0308","Japan"
"tktyc_12","Japan"
"tlayanl1903","Turkey"
"tle_doujin","Thailand"
"tlh1603","Japan"
"tlhayna","Brazil"
"tluy15","Singapore"
"tlz5rm","East Asia"
"tm47383445","Japan"
"tm_26p","Japan"
"tm______6v6","Japan"
"tm___co","Japan"
"tmagled","Canada"
"tmamikors","Japan"
"tmar_22_","Japan"
"tmc_io","United States"
"tmgebjc1977","Japan"
"tmhaec","Korea"
"tmki8223","Japan"
"tmls10301030","Japan"
"tmn_laugh74","Japan"
"tmn_zmhr","Japan"
"tmp84387228","Japan"
"tn6_up","Hong Kong"
"tnakah3","Japan"
"tncoin6","Japan"
"tng99636","Japan"
"tngtng184339","China"
"tnk_o6l5_l76","Japan"
"tnsk4m","Japan"
"tntinniee","Philippines"
"to10615550","Japan"
"to43cw","Japan"
"to4tayotayota","Japan"
"to8novs_ttjan8","United States"
"to__fuma","Japan"
"to_ka0821","Japan"
"to_pluto_j","East Asia"
"toba_yuna2","Japan"
"tobari2982","Japan"
"tobechukwu9058","Africa"
"tobeybabbi31007","United States"
"tobidasimarina","Japan"
"tobio_69","Japan"
"tobitakaikei","Japan"
"tobynft_","Australia"
"tochimaru2","Japan"
"todaybest123","United States"
"todayvalue97230","United States"
"todoerradosla","Brazil"
"todoroki_hajime","Japan"
"todzheng25","East Asia"
"toeiki_c","Hong Kong"
"tofutaberu_t","Japan"
"togootto","Japan"
"tohgashi_event","Japan"
"toho_movie","Japan"
"toilesarena","Hong Kong"
"toitoitoi78toi","Japan"
"tok1_r","Japan"
"toka1984","Japan"
"toka_1229","Japan"
"tokai_orijinal","Japan"
"tokaiad_create","Japan"
"tokanize","United States"
"tokekomukage","Korea"
"tokengodone","Hong Kong"
"tokengremlin","Brazil"
"tokenmore","Canada"
"toketu_dame","Japan"
"toki_1227_6","Japan"
"toki_sakura_09","Japan"
"tokinihaa","Japan"
"tokiwa_printing","Japan"
"tokiwal","Japan"
"toknekoneko","Japan"
"toko_trhkatox","Japan"
"tokotoko4000","East Asia"
"toku_sato_0429","Japan"
"tokueiichiko","Japan"
"tokumeikibou96","Japan"
"tokuyosi_seiki","Japan"
"tokyodorashogun","Japan"
"tokyoinfo2","Japan"
"tokyoink_1923","Japan"
"tokyotowerkaida","Japan"
"tokyuhotels_jp","Japan"
"tolecen","United States"
"tolgademirj3b7","United States"
"tolgakeserthti","United States"
"tolgayalciyjdx","Turkey"
"toligato","Colombia"
"tolo_106ooo","East Asia"
"toly","United States"
"tom127887287456","United States"
"tom901118965057","China"
"tom9996688","United States"
"toma_kig","Japan"
"toma_nyako0","Japan"
"tomappleid","Singapore"
"tomari_w230","Japan"
"tomas_oak94131","Viet Nam"
"tomasi1303","Belgium"
"tomaskyviyr","Hong Kong"
"tombads23","United States"
"tombadwolf","Brazil"
"tomikoumiusami","Japan"
"tommy21584","Germany"
"tommy3583636680","China"
"tommylv333","Japan"
"tommynho","Hungary"
"tomo2key","Japan"
"tomo45790","Japan"
"tomo_eat222","Japan"
"tomo_hii0125","Japan"
"tomoakikitada","Japan"
"tomofumiosawa","Japan"
"tomoko04sophia","Japan"
"tomokttmkatsu","Japan"
"tomorinao2022","Japan"
"tomorou312","Japan"
"tomorrow3235","Japan"
"tomot2e","Japan"
"tomotana","Japan"
"tomoyo259","Japan"
"tomoyodaji","Brazil"
"tomrich1619","United States"
"tomstark2025","North America"
"tomzhan45818080","China"
"tomzheng_in_x","Hong Kong"
"ton80x","Japan"
"tonbi67","Japan"
"tongbingxue","United States"
"tongfucat","United States"
"tongsz1","Hong Kong"
"tongtian886","Hong Kong"
"tonikroos","Spain"
"tonisoloc","Mexico"
"tonnguynjfwa","Viet Nam"
"tonniesheriff","Kenya"
"tonnyblackwho","United States"
"tonnym95","Kenya"
"tonobon","Japan"
"tonu_u_","Japan"
"tony598374","Taiwan"
"tony_portraits","Japan"
"tonyaauble","United States"
"tonychan1276","China"
"tonydobestmao","Japan"
"tonyfeng","United States"
"tonygonzalez44","Azerbaijan"
"tonyjonesrtc","United States"
"tonyjzhou","United States"
"tonylin_x","Hong Kong"
"tonyliu395995","Australia"
"tonyok91","North America"
"tonyrsrsrs","Japan"
"tonysaying959","East Asia"
"tonytom68","Southeast Asia"
"tonywu111225528","Japan"
"tonyzha82088330","Hong Kong"
"tonyzhang12025","North America"
"tonyzho31613343","Canada"
"toolateclub","Kenya"
"toolkaer","United States"
"toomadekabutu01","Japan"
"toomasu33213324","Japan"
"toonhive","United States"
"tooniethe","Canada"
"tooooooripiki","Japan"
"toooorhk25","Japan"
"toosoft221","Nigeria"
"tootoocvc","Malaysia"
"tooyoutooyou","United States"
"topazcheshiro","Southeast Asia"
"topdandy1st","Japan"
"toplayerno8","United States"
"toppo0145","Japan"
"topproductionz","United States"
"topsea_eth","Hong Kong"
"topsytu04683490","United Kingdom"
"topwiner2026","Taiwan"
"tora_naonao","Japan"
"tora_veller","Japan"
"toraoh5","Hong Kong"
"toratsu3","Korea"
"torazuma_1223","Japan"
"tori_0415_","Japan"
"tori_3_hiki9","Japan"
"tori___hiiikii","Japan"
"tori_min__o","Japan"
"tori_mone_eak","Japan"
"torihiki100200","Japan"
"torihiki222zzz","Japan"
"torihiki__0987","Japan"
"torihiki__40","Japan"
"torihiki__ryus","Japan"
"torihiki__s9","Japan"
"torihiki_dake_0","Japan"
"torihiki_o122s","Japan"
"torihiki_rr__","Japan"
"torihiki_uomou_","Japan"
"torihiki_yciu","Japan"
"torihiki_zenin","Japan"
"torihikiaka_5en","Japan"
"torihikichan915","Japan"
"torihikim628","Japan"
"torihikisan87","Japan"
"torihki080","Japan"
"toriihikkiyy","East Asia"
"toriiihiiikiiii","East Asia"
"toriiii___hiki","Japan"
"toriken","Japan"
"torineedelrdf8","Italy"
"toris_kr","Korea"
"toritatsu_","Japan"
"toritori__358","Japan"
"toritorihikiik","East Asia"
"torojushiai","Canada"
"torontobigface","North America"
"tosaka_najuro","Japan"
"toscamusk","United States"
"toshi_ai_nana","Japan"
"toshiki3y","Japan"
"toshikis227","Japan"
"toshushik","Brazil"
"tosiakifukuokah","Japan"
"tot_uni","Japan"
"totallynotaidzz","Philippines"
"totogonzalez","Paraguay"
"totolottino","Japan"
"totoriii__","East Asia"
"totthepoopking","Singapore"
"toudai_neet","Japan"
"toudouhan","Japan"
"toujishengtu","Taiwan"
"tourerv_2459","Japan"
"tourouken555","Japan"
"tousidaisukida","Japan"
"touzijun","United States"
"towaakaneya","Japan"
"towakawaii0307","Hong Kong"
"towatchi0220","East Asia"
"towertoken","Malaysia"
"toxdeal","Japan"
"toya_300722","Japan"
"toya_kamesan","Japan"
"toyamagrouses","Japan"
"toyaowens","United States"
"toyasui1986","Japan"
"toyoconnect","Japan"
"toyoukaimekki","Japan"
"toypasser","Taiwan"
"toyzz01","Japan"
"tp10ka","Japan"
"tptdao","East Asia"
"tpv587","Singapore"
"tqf8nns1quccdl4","Japan"
"tqhk_um","Japan"
"tqw_j0h","Japan"
"tqzv2idzzrywvz9","Japan"
"tr8o_14","Japan"
"tr__h_k87","Japan"
"tr__kansai","Japan"
"tr__lin","Singapore"
"tr__ns2","Korea"
"tr_ak21","Japan"
"tr_roa_pg","Japan"
"tr_snhk_p","Japan"
"tra_banc","Japan"
"tracy10hf5","Bangladesh"
"tracy_cher59633","United States"
"tracyblank77704","Hong Kong"
"trade_change_","Japan"
"trade_hinata","Japan"
"tradeoff665","United States"
"trader1ms","Canada"
"trader2xia","United States"
"trader_aiden","Japan"
"trader_liang","United States"
"trader_s18","Japan"
"traderblackbag","Korea"
"traderkernel","United States"
"traderkiki_","Hong Kong"
"traderwanwan","Taiwan"
"traderyamamoto","Japan"
"tradingbeats_","Hong Kong"
"tradingsignalx","Pakistan"
"tradingtop2025","Singapore"
"traitwr","Brazil"
"trala_glacial","Japan"
"tramy2468","Viet Nam"
"tranbi_tw","Japan"
"transspiritsoul","United States"
"tranthanh261988","Viet Nam"
"trap_takaoka","Japan"
"trashchannvt","Europe"
"trashwzard","Brazil"
"travel_invest","Korea"
"traveldudes","Germany"
"travelpur","Puerto Rico"
"travis1","United States"
"travis_kling","United States"
"trcljp","Japan"
"tre1234k","Japan"
"tre1vo","Australia"
"tre_n25t09","Japan"
"treasure05xoffi","Japan"
"treca_kawaiilab","Japan"
"treehousefi","Singapore"
"treenewking","Thailand"
"trees123trees","Netherlands"
"treetree0104","Japan"
"trelqt8xil60355","Viet Nam"
"trendonomicshd","India"
"trendrop1","East Asia"
"trengsinzy","South America"
"tresbull","United States"
"trey_wrld","Nigeria"
"trhimrs","Turkey"
"trhk0725n","Japan"
"trhk29jya","Japan"
"trhk_22789","Japan"
"trhk__jjss","Japan"
"trhk_bbbbbb6","Japan"
"trhk_equali","Japan"
"trhk_hkd","Japan"
"trhk_mn000","Japan"
"trhk_ossk","Japan"
"trhk_piii","Japan"
"trhk_sanos","Japan"
"trhk_ti_sh","Japan"
"trhk_tr888","Japan"
"trhkiii_ooo","Japan"
"trhknozomin","Japan"
"trhkrnrksnyu","Japan"
"trhkyhkt","Japan"
"trhzk","Japan"
"triangle_octa","Japan"
"tribeca","United States"
"tribunbernabeu","Indonesia"
"tricentis","United States"
"tricia_dejong","United States"
"triciai4jp","Kuwait"
"trickyriffy","United States"
"tricoloucofectt","Brazil"
"trinketdolly","Indonesia"
"trinview","United States"
"tripancaadri","Indonesia"
"tripeakprod","United States"
"tripinchina","Hong Kong"
"tripleclickth","Thailand"
"trippylasers","North America"
"tristanbdpxpw","United States"
"trivia_sage","Japan"
"trko_fr0be","Japan"
"trllindah","Indonesia"
"trmillitakip","Turkey"
"trngne0510","Viet Nam"
"trochecarlos","Paraguay"
"tron46225048829","Malaysia"
"trondaocn","Singapore"
"tronspark","United States"
"tropwyld","North America"
"troublebao","United States"
"troy666_castor","Brazil"
"trqitorrr","Colombia"
"trtr_xyz","Japan"
"truckbon","United States"
"truckeesnowgirl","United States"
"trudabront7si8","Brazil"
"trudytectivehq","United States"
"true_adapt_oath","Japan"
"trueej1","United States"
"truefacts0001","South Asia"
"truereaperr","United States"
"truru_wcr","Japan"
"trustoflight","Hong Kong"
"trustwallet","United States"
"truth19890604","Taiwan"
"truthmedia123","United States"
"truururun","Japan"
"trv_komura","Japan"
"trx__usdt","United States"
"try392936167426","China"
"ts61914","Japan"
"tsalgerie","Algeria"
"tscscc1853761","North America"
"tsehaybank","Ethiopia"
"tsekothapelo","Lesotho"
"tsewangbtc","Hong Kong"
"tshh0011","United States"
"tsiberia","Japan"
"tskadaishanb","Iraq"
"tskyxjp","Hong Kong"
"tslowrush","Brazil"
"tspy","United States"
"tsu1nan","Japan"
"tsuba1218","Japan"
"tsubasukisuki","Japan"
"tsubu_an_ff14","Japan"
"tsuchiuraengeki","Japan"
"tsudaayuuto","Japan"
"tsudaindustrial","Japan"
"tsugawa_syoukai","Japan"
"tsuisoku777","Japan"
"tsuka3f61","Japan"
"tsukasa758","Japan"
"tsukasaneko_t","Japan"
"tsukeyou17760","Japan"
"tsukishiroluna","Japan"
"tsukisizuki","Japan"
"tsukito_minami","Japan"
"tsukki37_ota","Japan"
"tsukubasaaan","Japan"
"tsukumodouhonpo","Japan"
"tsukusut","Japan"
"tsukuyomi2021","Japan"
"tsumeragicchi","Indonesia"
"tsumiki_tsuki","Japan"
"tsumugi_live","Japan"
"tsun_tsun_tsun8","Japan"
"tsunagaru_adval","Japan"
"tsutsuji987654","Japan"
"tsuyo_1214","Japan"
"tsuyoshitty","Japan"
"tsuyuri_plus","Japan"
"tsyty3135","Japan"
"tt2000914","Japan"
"tt_bud_","Japan"
"tt_research0","France"
"ttaed55","Japan"
"ttaschiiii","Korea"
"ttbellini","Brazil"
"ttbrar12","Japan"
"ttcloud579694","Singapore"
"ttii7r","Saudi Arabia"
"ttjattja","Korea"
"ttk90703818","Japan"
"ttmomo20220222","East Asia"
"ttnyqjhiqophsw","United States"
"ttotto_door","Japan"
"tttkkkrrrsm","Japan"
"tttsak","Japan"
"ttttinyfish","United States"
"tttttttttmax","United States"
"tttxde","Singapore"
"ttu___ttu","East Asia"
"ttv_sender","Canada"
"ttwong51878687","Japan"
"ttztts","Singapore"
"tu2004252","China"
"tu_ba_ki0","Japan"
"tualatrix","United States"
"tuandinh_0604","Viet Nam"
"tuantuan1020","Singapore"
"tube1925","East Asia"
"tuberian174","Spain"
"tubror1","United States"
"tubuan__h_a","Japan"
"tubuyakitarox","Japan"
"tuckercarlson","United States"
"tudm47oijia1xo3","Japan"
"tudonjiaoququwa","China"
"tudumi__0","Japan"
"tufuamamon","Japan"
"tuge8888","Hong Kong"
"tugeallin","Hong Kong"
"tugoulr","Turkey"
"tujintianxia","United States"
"tuki_alnst","Japan"
"tukiba_jr","Japan"
"tukimi_kuragew","Japan"
"tukimurasora","Japan"
"tukushikawano","Japan"
"tulio_briceno1","United States"
"tulipasdiveraoo","Brazil"
"tulipwihs","Brazil"
"tultukomisenmon","Japan"
"tumbling_snow","Canada"
"tumblrtrnsplant","United States"
"tun2049","East Asia"
"tuna2049","Hong Kong"
"tuna4egg","Japan"
"tunageru_p","Japan"
"tunapsycho_99","Korea"
"tunguz","United States"
"tuolaji2024","United States"
"tuquan83055","United States"
"turatangoooo","Japan"
"turbuleynce","Indonesia"
"turesidencianet","Venezuela"
"turingou","Japan"
"turkey10933","Korea"
"turn199603","China"
"turningpointjpn","Japan"
"tursun_jamila","United States"
"tuti_velasquezb","United Kingdom"
"tutiantifasciti","France"
"tutiyaatsushi","Japan"
"tutkuselin","Viet Nam"
"tutou2040","Hong Kong"
"tutu77999","United States"
"tutu_lips_","Kenya"
"tututueth","Hong Kong"
"tuuitar","Brazil"
"tuyenph77095510","Viet Nam"
"tuzi0088","Japan"
"tuzibtc","Japan"
"tv103","Japan"
"tv_douga","Japan"
"tvasahi_cs","Japan"
"tvd1nner_","East Asia"
"tvgweb","Japan"
"tvouro_","Brazil"
"tvq39","Japan"
"tvwod123","Japan"
"tvwod235","Japan"
"tvxq0126","Japan"
"tw0tv_","United States"
"tw_type21","Japan"
"twandaeliapp","France"
"tweet_kunal17","India"
"tweet_luther","Guatemala"
"twertyhj","Germany"
"twice_momo_all9","Japan"
"twiligh56382101","East Asia"
"twinkle3721","United States"
"twinmagicnightm","Japan"
"twintowercity","Australia"
"twitch_un_nie","East Asia"
"twitcto","Hong Kong"
"two3pro","United States"
"tws860","Korea"
"tx090929","Japan"
"tx_healer","United States"
"txbo122715","United States"
"txcupcake","United States"
"txlonghorntx","United States"
"txmwp4myznz1kpo","United States"
"txsqgft","Malaysia"
"txxapbgwbl45672","United States"
"txxsw103","Hong Kong"
"ty_4_life","United States"
"tyaaa46463509","Japan"
"tyas2__","Korea"
"tyatorashiro","Japan"
"tychozzz","Hong Kong"
"tygwty","North America"
"tykneedd","East Asia"
"tyleradamsne2y","Turkey"
"tylerbai_loveai","Singapore"
"tylerratcliff17","United States"
"tylerzhu465061","United States"
"tynraxx","Australia"
"tyomateee","Japan"
"tyosangnyuii","East Asia"
"type_lexy","Japan"
"typical47","Nigeria"
"typingmindapp","Viet Nam"
"tyrasojdap5r0","Brazil"
"tyroltrhk","Japan"
"tyso_net","Southeast Asia"
"tyten67237068","Philippines"
"tythekid_04","United States"
"tyty0569","Japan"
"tyuan4472","Japan"
"tyw1984","East Asia"
"tyzaiduck2025","Hong Kong"
"tz_2022","United Kingdom"
"tzvfjg","Japan"
"tzxizib202","United States"
"u1001ta","Japan"
"u11050","North America"
"u2egn","Japan"
"u2yasemasu","Japan"
"u3vygw","Korea"
"u6k8x9882g27698","Japan"
"u6u_8","Japan"
"u9trpmno0y76081","Japan"
"u___115chan","Japan"
"u___3333","Japan"
"u__uni_rera","Japan"
"u_g_y_a_u","Japan"
"u_kaito116","Japan"
"u_l307","Japan"
"u_lvvlnn","Japan"
"u_mama00","Japan"
"u_pura_kitakata","Japan"
"u_pura_koriyama","Japan"
"u_pura_nihonmat","Japan"
"u_rat1018","Korea"
"u_ronch__","East Asia"
"u_wakige","Japan"
"u_yuka0531","United Kingdom"
"uabub2ymxr25449","Japan"
"uaimanas","Brazil"
"uarffoc","Japan"
"ubin91446473","Korea"
"ubunaki_cocco","Japan"
"ucaird_zenith","Viet Nam"
"uccyaezfpsp3ipu","Japan"
"uchiko_sinku","Japan"
"uchimaslimclub","Japan"
"uchujinn","Japan"
"ucla","United States"
"ucool","United States"
"ucswdvnndxqdwht","Japan"
"ucua_2115","Japan"
"ucxmn","East Asia"
"udaxyuu","Singapore"
"uddenfeldt","Belgium"
"udhssbhic25bn","Taiwan"
"udilove1","Korea"
"udockie928","United States"
"udon_xd","Japan"
"udonbosyu","Japan"
"uee0vo","Yemen"
"ueohpkahmisziz","United States"
"ufc","United States"
"ufc_156if","Japan"
"ufhcubentz8frfh","Japan"
"ufocaptainting","United States"
"uforiagames","Japan"
"ugbreks","United Arab Emirates"
"ugly42061647","Singapore"
"ugnikhil99","India"
"ugo_1984","Japan"
"ugougolhuga624","Japan"
"ugrxxx_x","Japan"
"ugxchukwu","Nigeria"
"uha_oyuo","Japan"
"uhenro","Japan"
"uhmpassword","Ghana"
"uhyoo","Japan"
"uigerok","Argentina"
"uihercules","Nigeria"
"uine_otorihiki","Japan"
"uiozisan","Japan"
"uir6bh829ptxyk9","Japan"
"uisga7","Japan"
"uismip","Japan"
"uitan_nico25","Japan"
"uiuiui54985364","United States"
"ujaiwar","North America"
"ujgguiexiq68599","Japan"
"uk6128com","Japan"
"uk_official_jp","Japan"
"uka00554008","Japan"
"uka_crik","East Asia"
"uki_rabbit","Japan"
"ukikiki35","Japan"
"ukopr8r","United States"
"ulawhit24011","United States"
"ultra_saiyo","Japan"
"ultraredshark","Japan"
"ulw8s5appxspqcz","Japan"
"ulysses1919810","Netherlands"
"um_alolayan","United Kingdom"
"umaioki_yu0204","Japan"
"umairisnoob","South Asia"
"umargwagwada","Hong Kong"
"umaridr97364671","Africa"
"umarweb_3","Nigeria"
"umasahu8319","South Asia"
"umauma_tk7","Japan"
"umbre0nlover","Korea"
"umeka0320","Japan"
"umenosuke215","Japan"
"umfudidocomun","Brazil"
"umg","United States"
"umi170207","Japan"
"umiiiii17","Japan"
"umiusio","Japan"
"umjpso","Japan"
"umn3a25","Japan"
"umu_rythm","Japan"
"umutaydin","Turkey"
"un_nerv","Japan"
"unable_to_empty","Korea"
"unabyssapp","Poland"
"unbreakable0424","Japan"
"uncle2","Hong Kong"
"uncle_surie","Nigeria"
"uncle_zja","Hong Kong"
"unclenear666","Hong Kong"
"unclestocknotes","United States"
"uncorped","India"
"underrune1zz0","Japan"
"unfilteredxrp8","United Kingdom"
"unhstatic","Brazil"
"unicorn18888","Hong Kong"
"unicorntaxfree","Canada"
"unidolfan_01","Japan"
"unige_875269","Japan"
"unikey_ai","United States"
"unikraftcloud","Germany"
"unimalaya","Malaysia"
"union_mand","Korea"
"unipixnft","France"
"uniso_official","Japan"
"unison_us","Japan"
"united7emperor","Japan"
"unitedera6","Kenya"
"unitool1987","Japan"
"uniuni2923","Japan"
"uniuni__inuinu","Japan"
"universalpics","United States"
"universeguild","Hong Kong"
"universetavares","Japan"
"universo970py","Paraguay"
"unjyoukairou","Japan"
"uno_dadon","United States"
"unoakira371025","Japan"
"unoffsource","India"
"unpayanitorihi","Japan"
"unreod","Hong Kong"
"unriskcoin","Hong Kong"
"unruly20184874","Guinea"
"unsc_official69","Poland"
"unscriptapp","Hong Kong"
"unslothai","United States"
"unssttop","Indonesia"
"untalnixon_exe","Colombia"
"unthztoya","Brazil"
"untilthen13","United States"
"untko10","Japan"
"unya009","East Asia"
"unyooooo000n","Japan"
"unyuchan_2410","Japan"
"uo_ma2","Japan"
"uochu_hiroki","Japan"
"uochu_hisashi","Japan"
"uochusatosato","Japan"
"uochutaihei","Japan"
"uovoxo","Japan"
"uoxou0326_","Japan"
"up18177","United Kingdom"
"up9dqab","Korea"
"up_ko23","Japan"
"upatai1","East Asia"
"upbrother4456","United States"
"uplincang","China"
"upnya129","East Asia"
"upwaychina","Hong Kong"
"uqnaaxfacx19224","East Asia"
"uqtnb2qr3420616","Japan"
"uqzyj5dkaqxzxu4","Japan"
"ur_sister_mone","Japan"
"ura0301122923","East Asia"
"ura47471","Japan"
"ura_aka32","Japan"
"urabi00","Japan"
"urafuni_do","Japan"
"urafutanari","Japan"
"urakeiba3","Japan"
"uralphaball","East Asia"
"uramiyabi_","Japan"
"uranai_sasoriza","Japan"
"urara326","Japan"
"urara_raksha","Japan"
"uraragi55ai","Japan"
"urassholes","Hong Kong"
"urbanizela","United States"
"urbanxsweet_x","Japan"
"uresiine_love","Japan"
"urglxxy","Indonesia"
"uriel_builds","Canada"
"urieru28","Japan"
"uririwealth","Nigeria"
"urmoviegirl5556","Poland"
"urmsex777","Japan"
"urpatik","Bangladesh"
"urru888","Japan"
"ursaminor333","Canada"
"uru_0124","Japan"
"urufu25_x","Japan"
"urushisan2","Japan"
"urutoramankent","Japan"
"uruurusetuyaku","Japan"
"urwishere","Hong Kong"
"us_zouhai_watch","Japan"
"usa_chan_18","Japan"
"usa_gi014","Japan"
"usa_pyorn","Japan"
"usabu_kun_x","Japan"
"usagi_deal","Japan"
"usagi_no_bancho","Japan"
"usagi_tsukino9x","Viet Nam"
"usagidigital","Japan"
"usagimm208","Japan"
"usagiringo13","Japan"
"usahana11","Japan"
"usalei","United States"
"usamiperolina","Japan"
"usanewshq","United States"
"usanewsoffpl","United States"
"usannu__kinniku","Japan"
"usapan556","Japan"
"usapon684781","Japan"
"usasa_usagi","Japan"
"usasabi12345","Japan"
"usc","United States"
"usconnect2021","Thailand"
"usd666666","United States"
"usd_mochiko","Japan"
"uselessmid","Tunisia"
"user3663738kiki","Thailand"
"user3688","Japan"
"user609288","Korea"
"user62929372","United States"
"uset82","Norway"
"ushinanon","Japan"
"usixusi","Japan"
"usmanmughalz","Pakistan"
"usmanu26","Nigeria"
"usonyanlv","Japan"
"usu_tatu","Japan"
"usuallyscott","United States"
"usus295262","Japan"
"usuwanana","Japan"
"uta_wo","Japan"
"utagyoseishoshi","Japan"
"utaka_yoi","Japan"
"utane_sougo","Japan"
"utano_k_uta","Japan"
"utaro20097777","Japan"
"utau_rs","Japan"
"utd_elius","Kenya"
"utdaro","Argentina"
"utondusamuel","Nigeria"
"utopiamap","United States"
"utopiazh","United States"
"utsubonokaraago","Japan"
"uturo0624","Japan"
"utus299","Korea"
"uu10012","South Africa"
"uug28aiuopy2six","Japan"
"uuidtina","United States"
"uukdkx6sqkrp2fc","Hong Kong"
"uun_0u0","Korea"
"uuu_ok00","Japan"
"uuuuu61536870","Japan"
"uvhobie","Brazil"
"uvyadshaya","Chile"
"uwearth","Japan"
"uwnulu","Korea"
"uwzyrdw3qm54839","Japan"
"ux_xuxx104","Japan"
"uxotto","Japan"
"uxqxe2","Japan"
"uxx___10","Singapore"
"uyngqngtin5844","China"
"uyo_mayor1","Nigeria"
"uyustarihs","Japan"
"uzam3r8k8x73563","United States"
"uzulla","Japan"
"v08n0o4yfx93923","East Asia"
"v20200604","Europe"
"v2metax","United States"
"v526","United States"
"v5wxmvjn7b41697","Japan"
"v7zcqk","South Asia"
"v993374792","Japan"
"v_3394","Southeast Asia"
"v_37_v","Japan"
"v_9123095","Korea"
"v_brigade_eric","Australia"
"v_tabs1984","United States"
"vab0912","Japan"
"vabteafg8ua1bkt","Japan"
"vachan_cr","United Arab Emirates"
"vacidinz","United States"
"vaelkross45","United States"
"vaesmall","Singapore"
"vaiile50","Japan"
"vairfly12","Singapore"
"val_eigen","Taiwan"
"valensrfor711","United States"
"valentynemusic","United States"
"valerioli86","Thailand"
"valkyrjagsheryl","Japan"
"vall_yupay","Japan"
"valliecashyv","United States"
"valuetainment","United States"
"vamp0rex1c","United Kingdom"
"vampirantee","Brazil"
"vampire__0309","Japan"
"vanarcha1n","France"
"vanderlpt13","Brazil"
"vanessa16674732","Hong Kong"
"vanessalynnbird","United States"
"vanettaamefc","United States"
"vangoexpress","United States"
"vangoflorvil","Hong Kong"
"vanguardrsa","South Africa"
"vanheneth","Viet Nam"
"vanicakeivi","North America"
"vanity54752021","United States"
"vanityfair","United States"
"vann1490751","Hong Kong"
"vansicklebryan","United States"
"vansvoler","United States"
"vanteguksz","Brazil"
"variational_io","United States"
"variationradio","Japan"
"variety","United States"
"varinlada5","Thailand"
"vasco2027_","Brazil"
"vasisubha1","India"
"vasselgerald","United States"
"vasu_ndhara7711","India"
"vationin","Hong Kong"
"vatoshi","Europe"
"vavanessadev","France"
"vazzray","United States"
"vbanlord","United States"
"vbjby3","United States"
"vbpa7jztgbf5apg","Japan"
"vbrxc","Hong Kong"
"vbu2clmze2iazje","Japan"
"vc_kxs","Hong Kong"
"vcc0001","Japan"
"vcgsgz5","Japan"
"vckshsrj0dl6za0","Korea"
"vcsretro","South America"
"vctvexmkulered","United States"
"vd3fqvknxyfl7nx","Japan"
"vdbruhan","South Africa"
"ve1vet199","South Asia"
"vectorjeager","United States"
"vectrex0904","Japan"
"vedsing80453893","India"
"veedon","Japan"
"veeeeking","United States"
"vefm912jlo","Japan"
"vega_115_coco","Japan"
"vegas_liu","Singapore"
"vegeta9_","East Asia"
"vegetable__ji","Korea"
"veitjacobwalter","Austria"
"veitore_kk","Japan"
"veking9899","Japan"
"veknqaq","United States"
"vellvethel","Argentina"
"veloradex","Portugal"
"vely_lo3","Korea"
"vemsyi9","Japan"
"vendetta1313_","Colombia"
"vendizzle4","United States"
"vensuxyz","Brazil"
"ventgthclown","Brazil"
"ventures_htx","Canada"
"venus_tnhs","Australia"
"venusofty","Brazil"
"veonun_","Korea"
"veramariams","Brazil"
"vercel","United States"
"verchena","United States"
"verenakempf","France"
"veriv7","United Kingdom"
"verlenethomj","United States"
"vernellkellayq","Germany"
"veromcah51047","United States"
"veronica19ag9","Bangladesh"
"veronicaa27477","United States"
"veronikah53","United States"
"verse428","Japan"
"verselinkstudio","Taiwan"
"version898433","Singapore"
"verudof","Japan"
"veryfbfjphfpprw","Japan"
"veryfuzhou","Hong Kong"
"veryniubibi","Southeast Asia"
"verysmallwoods","Ireland"
"veryyumni","Indonesia"
"vesmallu","Singapore"
"vesmallwu","Singapore"
"vesper2536","Japan"
"veteran199jp","Netherlands"
"vfan755","United States"
"vfsovxsbjjvbi7a","Hong Kong"
"vg56250819","Japan"
"vgalliz","Brazil"
"vgfdsth","Japan"
"vgld37rbpxjocgo","Japan"
"vh86fc","Singapore"
"vhopoem","Brazil"
"vhrrhekd","Korea"
"viadocatkkj","Brazil"
"viaminicab","Japan"
"vib3coded","Ukraine"
"vibe718","Hong Kong"
"vibhu","United States"
"vickervics9","Nigeria"
"vicki_ranking","Africa"
"viclovebangtan","Brazil"
"vicoindao","Japan"
"victor946022999","Chile"
"victor_kane_ai","South Asia"
"victorgao1117","Singapore"
"victoria199011","United States"
"victoria_reh","Viet Nam"
"victoriamausns","Brazil"
"victorkim83","Kenya"
"victorrich5360","Hong Kong"
"victory_yh","Japan"
"victorzhang1984","East Asia"
"videocub04","United States"
"viedoogo","United States"
"viescaoz","Brazil"
"vietlook8rq","Viet Nam"
"vietnam_cz","Viet Nam"
"viewfinder_inc","Japan"
"viewming82","Hong Kong"
"viewsofchris","Hong Kong"
"viezdama","Brazil"
"vigery","United States"
"viggie561108","United States"
"vigny_dudu","Taiwan"
"viite_en","East Asia"
"viitinhox","Brazil"
"vikhyatk","United States"
"vikingmute","Japan"
"vikktorrrre","Africa"
"viktoria01043","Morocco"
"vildanden_ai","Hong Kong"
"vildenli","United States"
"vileosse","Southeast Asia"
"villa_halfmoon7","Japan"
"village_lion","Japan"
"villain_0428","Korea"
"vince7839","Singapore"
"vincelai2026","North America"
"vincelovelife","Malaysia"
"vincent01195217","Hong Kong"
"vincent88ll","Europe"
"vincent_ainotes","East Asia"
"vincentfandw","Germany"
"vincentsjeixf","France"
"vincentskywalke","Taiwan"
"vincentsunx","Japan"
"vincentwinf674","United States"
"vincentxiao2022","Hong Kong"
"vincentzha95629","Singapore"
"vincentzz0928","Hong Kong"
"vincenzogiambra","Italy"
"vincenzoxen","South Asia"
"vincoono","United States"
"vinicios_betiol","Brazil"
"vinolohector","Argentina"
"vinsakes","Kenya"
"vinson1101","United States"
"vinswex","Southeast Asia"
"vintcessun","Singapore"
"violencels","Brazil"
"violento_99","Mexico"
"violet_masque","Singapore"
"violetmaserlgz","United States"
"violettacstllo","Brazil"
"vip520_","Hong Kong"
"vip666617","Hong Kong"
"vip8888883","Japan"
"viperlyed","United States"
"vipersanke","United States"
"vipin008008","India"
"vipx7bot","Hong Kong"
"viralmistrtood","India"
"viralsnews45","Nigeria"
"viregeek","Taiwan"
"virgo_tigerlily","Japan"
"virtualinlimbo","Japan"
"visa6363","United Kingdom"
"viscoon","Japan"
"vise365","United States"
"visegrad24","Poland"
"vishalp78680395","India"
"vishalzone","India"
"vision_ia","France"
"visionnkwinika","South Africa"
"visit_spring","Hong Kong"
"visselfan_beef","Japan"
"vista","Taiwan"
"vistahollywood","United States"
"vistamdc","United States"
"vistoh589787","South Africa"
"vistword","Japan"
"vitaliony","West Asia"
"vitindib","Brazil"
"vitoriaqws","Brazil"
"vitotttttt","United States"
"vivaan_85","India"
"vivekadumka","India"
"vivekpratap0602","India"
"vivendasdabarra","Brazil"
"vivian162023","Canada"
"viviananiew","Taiwan"
"vivianmiao11","United States"
"vivianq91395561","Cyprus"
"vividvivivivi","Japan"
"vivilinsv","United States"
"vivimoneya","Japan"
"vivouac_inc","Japan"
"vjuacvloyrzwdr","United States"
"vjx2xb1zkgh4ioi","United States"
"vkktz","Brazil"
"vkq44448089","Taiwan"
"vladtenev","United States"
"vlingyang","Indonesia"
"vlvokvdytq0vuv","United States"
"vndvnd_n","Korea"
"vniaribeirocav","Brazil"
"vntmon","Brazil"
"voaxiaoyu","United States"
"voc520140933","East Asia"
"vocero0","Spain"
"voicehavefun","North America"
"voidasuka","Japan"
"voiddeliverer","Taiwan"
"voidjan","Japan"
"volcanomps","Japan"
"volcanowatanabe","Japan"
"volk_850","Japan"
"volkancelicyad","Turkey"
"volkansahigkth","Turkey"
"voltex_talking","Japan"
"vomworthy","East Asia"
"vongodel","Singapore"
"vonniemanery","Brazil"
"voravom","East Asia"
"votapvblica","United States"
"vovudebosh","Germany"
"voxcatai","United States"
"voxelneko","Germany"
"voxvex000","Taiwan"
"voyagermfhd","Japan"
"vphm23380671","Viet Nam"
"vpsing_de","United States"
"vqlsal_","Korea"
"vraholder1","Austria"
"vrc_iceorange_","United Kingdom"
"vrcuni_","Japan"
"vrg6lorpmxfwvti","United States"
"vrk_db","India"
"vrockcham","Japan"
"vroid_rota","Japan"
"vsaietta","Italy"
"vskx0x","United States"
"vsn_officialaic","Japan"
"vstreamtw","Taiwan"
"vsyc267655","Singapore"
"vszt_t","United States"
"vtuberaoiheart","Taiwan"
"vtuberawen","Taiwan"
"vtuberrafisu","Japan"
"vu2cp8d8iuegx4y","Japan"
"vuetech2","Japan"
"vulhalo","East Asia"
"vulture","United States"
"vvane178","United Kingdom"
"vvgcavv","Japan"
"vvickym2","Japan"
"vvnlznglmpkzny","United States"
"vvnoticiasx","Argentina"
"vvvboyvvvgirl","Japan"
"vvvega2020","Japan"
"vvvxiaolong","China"
"vw6gzlghorkktfr","Japan"
"vwaabquqxqzxomg","Japan"
"vxb2k2","Japan"
"vxmstories","Japan"
"vxonb9je7xhs534","Korea"
"vy3c4","Taiwan"
"vyaque","Viet Nam"
"vybwsj","Thailand"
"vyhqsvzmhp0hhe","Japan"
"vyxzb","Philippines"
"vyzvvz","United States"
"vz_bnb","Japan"
"vzhx2byv588esp8","Japan"
"vzqlrdktyedylyo","Japan"
"w0lf__d4rk","Spain"
"w0rstana","United States"
"w17np2ybna46473","Japan"
"w1iwa","Japan"
"w1lfr3d_11","Africa"
"w1ltz0","Hong Kong"
"w1sh4awish","Korea"
"w2yjin","Brazil"
"w3_888","East Asia"
"w3bd4nny","Europe"
"w51hryudai","Japan"
"w6xl2gn010xgnvx","United States"
"w7039v0nhfexuxx","Japan"
"w7182_wsetdn49s","Japan"
"w7meiiraxz","Brazil"
"w7vxc","Japan"
"w_0w3r","Hong Kong"
"w___0_0","Korea"
"w_ancol","Japan"
"w_q_b_","Japan"
"wa9works","Japan"
"wa_ika89390","Japan"
"waaaaai85","Japan"
"waabam_eth","Canada"
"wabab_jonna_eat","Korea"
"wabilo376442","Hong Kong"
"wabsiee","United Kingdom"
"wackwackdoki2","Japan"
"wada_lifestyle","Japan"
"wadakurao","Japan"
"wadezone","United States"
"waguwagu1330335","East Asia"
"wahab1848","South Africa"
"waheeddadamouni","Saudi Arabia"
"wahhig","Philippines"
"wahtool","Singapore"
"wahwah923","Australia"
"waikit41689380","Australia"
"wailord_cetus","Japan"
"waimaixiaoming","United States"
"waini0213","Taiwan"
"waitformyqueen","Germany"
"waitingalpha","East Asia"
"wajr31","Japan"
"wak_on_spy","Korea"
"wakappa02","Japan"
"wakara_nagomi","Japan"
"wakashachi5","Japan"
"wakashima_maz","Japan"
"wakatuki_print","Japan"
"wake_neko","Japan"
"wakitasan22","Japan"
"wakuangdashen","Canada"
"wakuwakumen1","Japan"
"walangeffect","Philippines"
"walayx4e","Hong Kong"
"walden779","North America"
"walex12475","China"
"walex20947439","Nigeria"
"walker878070006","United States"
"wallace1658427","Germany"
"walledboss1","Singapore"
"wallet","Hong Kong"
"wallet21206","Viet Nam"
"walletv_cn","Singapore"
"wallstengine","United States"
"wallsttv","United States"
"wallstwolfdog","United Kingdom"
"walterbrowgjv1","Turkey"
"walterc1114","Hong Kong"
"walterlewiiwpm","Turkey"
"walzelyo","Brazil"
"wama_31","Korea"
"wamkazini","Africa"
"wan88168","Hungary"
"wan_165cm","Japan"
"wanaka035","Japan"
"wananqaland","Ecuador"
"wanbihouid","East Asia"
"wanbiyangjia","East Asia"
"wanchul92__","Korea"
"wandb","United States"
"wanderiian","Kenya"
"wanducks3","Canada"
"wanf5vrqis26926","Japan"
"wang10xuan","United States"
"wang179392316","Hong Kong"
"wang202688","East Asia"
"wang76076","United States"
"wang__xiaolong","United States"
"wang_an10045","Taiwan"
"wang_power43395","United States"
"wang_wen71728","East Asia"
"wangba__","Japan"
"wangbuai","Taiwan"
"wangc0yk","Taiwan"
"wangchangfu88","East Asia"
"wangchaohan0803","Hong Kong"
"wangchenwei127","Japan"
"wangchuanqin3","Japan"
"wangcongfe","North America"
"wangdakealien","Hong Kong"
"wangdamao0522","China"
"wangdan62887811","China"
"wangdefar001","Japan"
"wangdefou","United States"
"wangderuy","Japan"
"wangduanniao","Hong Kong"
"wangfeibbc1","United States"
"wangfengagent","United States"
"wanggege911fbi","Hong Kong"
"wangguo55487392","China"
"wanghandd","United States"
"wanghe353311166","Hong Kong"
"wanghou4128","Hong Kong"
"wangjie2023","France"
"wangjinmu6","United States"
"wangjinpingbao1","Germany"
"wangjun10257","United States"
"wangjupaian","Japan"
"wangkai62933","Hong Kong"
"wangkailinux","Japan"
"wangkezhangrich","Singapore"
"wangli123123","China"
"wanglinkunfc","United States"
"wangmeili_333","Hong Kong"
"wangmin91627797","Italy"
"wangminghui13","Hong Kong"
"wangmr45619","Singapore"
"wangnextdoor2","United States"
"wangpanda666","Thailand"
"wangpeipeiya","United States"
"wangpugong0527","Japan"
"wangsammm","East Asia"
"wangwan97978269","Hong Kong"
"wangwang1917839","China"
"wangwangggung","Korea"
"wangwatchworld","Thailand"
"wangxia08927029","Japan"
"wangxiaolong188","North America"
"wangxuelong007","Singapore"
"wangyan627","Korea"
"wangyonk","Taiwan"
"wangyouyou419","United States"
"wangyunwy0203","North America"
"wangzan101","United States"
"wangzao16","Hong Kong"
"wangzhian8848","Japan"
"wangzhitu","China"
"wangzhizhen666","Hong Kong"
"wangzhuo69089","Japan"
"wanko_kawaii03","Japan"
"wanko_m_s_","Japan"
"wankooyako","Japan"
"wanlei12345","Hong Kong"
"wanli1598","Hong Kong"
"wanli_xiong","United States"
"wanmancar_16","Japan"
"wanna_lost_","South Asia"
"wannabeqreatest","Africa"
"wanochie_jp","Japan"
"wanqiu_web3","East Asia"
"wansenbtc","Hong Kong"
"wanshiyu2022","United States"
"wantangyoza","Japan"
"wantoutou","Japan"
"wanwan_seeya","Japan"
"wanwu70","United States"
"wanxubo","East Asia"
"wanyanaguda73","Japan"
"wanyanyongqiang","United States"
"wanzhi555","North America"
"wao1201","East Asia"
"waodong","North America"
"waqas23364628","Italy"
"waqwaqattack","United States"
"wara_kokoro","Japan"
"warab1m0ch1111","Japan"
"warner_mag92486","United States"
"warnervrl","Brazil"
"waroundi","North America"
"warren0guan","United States"
"warrenwarren9","Hong Kong"
"warrenzp8","Singapore"
"warriors","United States"
"wasabiwaniwani","Japan"
"wasak_hi","Korea"
"wasanbon_55","Japan"
"washa_kingwelo","Kenya"
"washerawitt","Malaysia"
"washi_pic","Japan"
"watabe_sukisuki","Japan"
"watagashi825","Japan"
"watann_dayoooo","East Asia"
"watanuchi","Japan"
"wataseyuu_","Japan"
"watcherguru","United States"
"water4655122240","Southeast Asia"
"waterdamage1972","Japan"
"waterfullcr","Taiwan"
"watermanhealth","United States"
"waterpoint_corp","Japan"
"waterwhitekvs","Singapore"
"watococo767","Japan"
"watreejane","Hong Kong"
"watsonjanuario","Brazil"
"wavaneth","Taiwan"
"wavedarling","Brazil"
"wavewave008","Hong Kong"
"wawaup1024","United States"
"wawawa55523","Japan"
"way2collector","United States"
"wayama2s","Japan"
"waylybaye","Japan"
"wayne998708718","United States"
"wayne_1175","Taiwan"
"wayv_airlines","Southeast Asia"
"wbe3jason","Singapore"
"wbhkivysjcookad","United States"
"wbrndly","Brazil"
"wbs1231","Taiwan"
"wbxugeb25822","Hong Kong"
"wbybtc","Hong Kong"
"wc27089053","Hong Kong"
"wc8880","Japan"
"wcb13956015329","East Asia"
"wcg8904","United States"
"wchenhao001","United States"
"wcouu4","Hong Kong"
"wd1u_c","Japan"
"wda1337","Malaysia"
"wdahei","Hong Kong"
"wdctlllltcdw","Hong Kong"
"wdgfsxc","Japan"
"wdpct","Japan"
"wdv1kjumrizwjtu","Japan"
"wdvn666","Hong Kong"
"wealthyfrog","Korea"
"wearebayfc","United States"
"web3168","East Asia"
"web3454354","Hong Kong"
"web3467888","Hong Kong"
"web3_andehui","Viet Nam"
"web3_golem","Hong Kong"
"web3_treasure","United States"
"web3_vio","United States"
"web3_vip_","Germany"
"web3_yu","Singapore"
"web3bin","Hong Kong"
"web3counsels","Africa"
"web3cxk","Korea"
"web3digest80314","United States"
"web3dolphinz","Malaysia"
"web3eden01","Hong Kong"
"web3feng","Japan"
"web3jiucai111","Hong Kong"
"web3kexin","United States"
"web3leaf","United States"
"web3liequan","United States"
"web3lmj","United States"
"web3loli","Thailand"
"web3mengmeng","Hong Kong"
"web3octar","Hong Kong"
"web3pig","Hong Kong"
"web3pmls","Japan"
"web3qianggeriji","Hong Kong"
"web3rayxy","Japan"
"web3shiyue","Spain"
"web3usb","Brazil"
"web3wesley","Japan"
"web3xiaoyu56","Japan"
"web3xunlianshi","Japan"
"web3yezhu","United States"
"web3zjxcanall","United States"
"web8516","United States"
"webberlu1969","Taiwan"
"webhogwatrs","Hong Kong"
"webktsr","Japan"
"webmarketer_tai","Japan"
"webs1t3","Korea"
"websea_cn","Hong Kong"
"webthreecool","Southeast Asia"
"wechatpub","United States"
"wedding_award","Japan"
"weex_kangkang","Japan"
"weexailabs","Hong Kong"
"weexchanges","Japan"
"weexcn","Hong Kong"
"weexglobal_ch","Japan"
"weexjiuye","East Asia"
"weeybrid","Japan"
"wegi8666","Hong Kong"
"wehocity","United States"
"wei_junnie_","Taiwan"
"wei_meatball_","Taiwan"
"wei_wang","United States"
"weibolj","East Asia"
"weichen_ink","Germany"
"weichonginsight","Germany"
"weifangdel68869","China"
"weihaijkq","China"
"weihuweihu9999","East Asia"
"weiiidouob","Taiwan"
"weijinxiao3","East Asia"
"weilee1245475","Taiwan"
"weipingqin","United States"
"weiquanz68597","Japan"
"weisaoa9","Hong Kong"
"weishun_","United States"
"weiss_kinaco","Japan"
"weivip_10","Hong Kong"
"weiwei2018831","United States"
"weiwei5126181","East Asia"
"weixiao07796779","Hong Kong"
"weixiao188","Singapore"
"weixiaoqvq","Japan"
"weiyi88890","Japan"
"weiyux2021","United Kingdom"
"weizhishu77","Hong Kong"
"wejilin","China"
"well_coach","Japan"
"well_santos21","Brazil"
"wellnas_jp","Japan"
"wellsaidguru","India"
"wellzhiai","Southeast Asia"
"welrockyou1","Australia"
"wen2two","United Kingdom"
"wen394428142129","Japan"
"wen4929","China"
"wen_nn1019","Singapore"
"wenbin_usstock","East Asia"
"wendy000120","Hong Kong"
"wendy52033","Japan"
"wendybaby2017","East Asia"
"wendys","United States"
"wendywu88611361","Australia"
"weneedweget","United States"
"wenfeng34974","China"
"wengenguyi4","Japan"
"wengie","Australia"
"wenhao888891","Japan"
"wenhejun","Singapore"
"wenli10905579","Taiwan"
"wenqiangjp","Japan"
"wenroro","Japan"
"wenrugouapp","Hong Kong"
"wenser2010","Korea"
"wenshizuot54431","Japan"
"wensuvn","East Asia"
"wentian322","Singapore"
"wenwen11703261","Hong Kong"
"wenxin202","China"
"wenxue600","Hong Kong"
"wenzherunze","Japan"
"wepoets1107","Singapore"
"weriseagain_","Kenya"
"wesley10032","East Asia"
"wesley_cfc1","Nigeria"
"wesmarquesx","Brazil"
"westaicommerce","Canada"
"western_myname","El Salvador"
"westernideaking","Germany"
"westhillrecruit","Japan"
"westlife29nic","United States"
"wetheitalians","United States"
"wetzchat","United States"
"wf5zxopzjpn1h0d","Saudi Arabia"
"wfjman","United States"
"wfutur39580","Niger"
"wgddking","Japan"
"wgiordanol66","Hong Kong"
"wh04maye","Japan"
"wh1tely_bl4ck","Japan"
"wh2s111","Japan"
"whaling__ship","Japan"
"whateve12864507","United States"
"whatiffootba11","Rwanda"
"whattfdoyouwan","India"
"whb0821","United States"
"whdiux","Korea"
"whe6ed","Korea"
"wheelx_fi","Southeast Asia"
"wherepond","France"
"whesnt","Brazil"
"whib_official","Korea"
"whib_on","Korea"
"whichone_com","Japan"
"whirling_","Hong Kong"
"white111ght","East Asia"
"white88com","Hong Kong"
"white_61ue","Japan"
"white__12348","Japan"
"white_hpns","Japan"
"white_niginigi","East Asia"
"white_razors","United States"
"white_sibu","East Asia"
"whitebad31","Hong Kong"
"whitenight_012","Taiwan"
"whitenight_pic","Korea"
"whitepeach","Korea"
"whiteshot","United States"
"whitestar224","Hong Kong"
"whitetony99","Hong Kong"
"whitney96ga8","United States"
"whiz_umar247","Nigeria"
"whodatboy_sol","Canada"
"whoisfav","Brazil"
"whoisfeezbalone","Nigeria"
"whoisknowledww","United States"
"whojungji","Brazil"
"wholoveyou3","United States"
"wholyv","South Asia"
"whoooo38771838","Japan"
"whopls_","Nigeria"
"whosraquan","United States"
"whotfismick","Africa"
"whotonz","Japan"
"whshdkk","United States"
"why153351","Hong Kong"
"why1ray","Korea"
"whykay044","Nigeria"
"whyyoutouzhele","East Asia"
"wi11champ","Southeast Asia"
"widmer_chase","United States"
"wifimapapp","United States"
"wigglysquirms","United States"
"wiggs82364","United Kingdom"
"wijglv","Hong Kong"
"wikeygo","Hong Kong"
"wikifxjp","Japan"
"wiky99001","Israel"
"wildboar777075","France"
"wilderrodrigues","Netherlands"
"wildflwerwild","Brazil"
"wildkumada","Japan"
"wildobsession_","Brazil"
"wildsidetokyo","Japan"
"wildwall1984","Europe"
"wilkinsonshika","Japan"
"will123r","Brazil"
"will_binance","Southeast Asia"
"will_christou","Lebanon"
"will_evans_qld","Australia"
"will_lovemyself","Japan"
"willenafig8uy","Canada"
"william40152988","Italy"
"william81690924","Japan"
"william88crypto","Japan"
"william98386210","United States"
"williamkong03","Hong Kong"
"williamlopr3ma","Turkey"
"williamlu126","Hong Kong"
"williamswenajr","Nigeria"
"williamzyovo","Finland"
"willin214","Hong Kong"
"willingzw55880","Japan"
"willowclosure","Brazil"
"willseeten","Japan"
"willyundaya","Germany"
"willzero","United States"
"wilmarpetista","Brazil"
"wilsonbekky10","Africa"
"wilsonluisalmei","Brazil"
"wilsonng2019","Singapore"
"wilsons93209871","Guatemala"
"wiltern","United States"
"windeck2018","Nigeria"
"windhustler","Croatia"
"windmoon_flower","Hong Kong"
"windonuside","East Asia"
"windwolf9527","Hong Kong"
"windy71727282","China"
"windybuttiaal","United States"
"winfredbrann","France"
"wing02181","Japan"
"wing02547","Indonesia"
"wing_1860","Hong Kong"
"winglife","Korea"
"winglight","United States"
"wings1105","Hong Kong"
"wings19141919","Taiwan"
"wingsecurity","Japan"
"wingzerorx93","Hong Kong"
"winledkocey","Brazil"
"winneravgwin","Taiwan"
"winnietheping64","Europe"
"winniexing2017","United States"
"winningseason91","United States"
"winovavuggky","France"
"winter111201","Japan"
"winter4soldier","Japan"
"wintermute_t","United Kingdom"
"wintersinners","Brazil"
"wintersiouxland","United States"
"wintervjin","Brazil"
"wintyr_ux","Korea"
"winunlimitww","United States"
"winzheng_lab","United States"
"wirausahaaa","Indonesia"
"wireman256","Uganda"
"wis02_","Hong Kong"
"wisdommatic","Africa"
"wise_x_trade","Japan"
"wiseinvest513","Hong Kong"
"wisewolfhoro64","East Asia"
"wishlistfor___","Japan"
"wissemzinoubi","Tunisia"
"wissfleurs","Brazil"
"witchdilara","Viet Nam"
"without0thought","United States"
"withyoualways93","Korea"
"wits_osaka","Japan"
"wiwiwnwno3o","Korea"
"wiwixing1995","China"
"wix_rei_sigure","Japan"
"wixette","Singapore"
"wixngn3","China"
"wixngzh1301991","China"
"wixoss_sps","Japan"
"wiz_von","Hong Kong"
"wizarab10","Nigeria"
"wizargod","United States"
"wizarp_zz","United States"
"wizeinthebeat","Nigeria"
"wiztx2","United States"
"wizzr_app","Japan"
"wj6pfqhzxrsxre8","Hong Kong"
"wj_smile","United States"
"wjf110","Hong Kong"
"wjixmssgiml1qn","United States"
"wjlzw4irk","Taiwan"
"wjshanshui","China"
"wk1c95","Japan"
"wk95_free","United States"
"wkaisha","Japan"
"wkfxjfrp","Korea"
"wklausner76482","Turkey"
"wl1637","Malaysia"
"wla4fjkh8k35843","Japan"
"wlcomenta","Brazil"
"wldnjsxn6666","Japan"
"wless","Australia"
"wlfi138168","Hong Kong"
"wlliiy1267599","Japan"
"wlrodek","East Asia"
"wlzh","United States"
"wmmw3c","Viet Nam"
"wmperry321x","United States"
"wmtbxsh","Taiwan"
"wnb1926","Hong Kong"
"wnbgayani","Europe"
"wnbjb79300","Singapore"
"wndnsv","East Asia"
"wng1126332","Canada"
"wngbn98803997","China"
"wngdf3302553271","Japan"
"wnghh762723","China"
"wnghi0845465246","United States"
"wngjng10","China"
"wngkiyo520550","Singapore"
"wngkng87573109","Japan"
"wnglohn3","North America"
"wngmnjng189038","United States"
"wngxiochun41015","Netherlands"
"wngxshng354649","Singapore"
"wngy127952","Canada"
"wni_jp","Japan"
"wnjinfi126579","United States"
"wnlwn532273","Hong Kong"
"wo_xiang86448","Taiwan"
"woaifuqin","United States"
"woaini1889","United States"
"woainikiyo","North America"
"woaixinchang1","China"
"woaizhuren_","Hong Kong"
"wobuliangren","East Asia"
"woernailonbjlv","Japan"
"wofuhuola","Thailand"
"wohaokuna34023","Hong Kong"
"wohsj110","United States"
"woirlovs","Brazil"
"woirschier","Brazil"
"wojia114","China"
"wokanhaoni","Australasia"
"wokey_ai","Singapore"
"wolaile520806","Japan"
"wolf__kana","Japan"
"wolffasegunda","Brazil"
"wolfking1002","Taiwan"
"wolfmuratafan","Japan"
"wolfy44231","Hong Kong"
"wolfyxbt","Malaysia"
"womansakura","Japan"
"womb_74","Japan"
"wombat_investor","Japan"
"womenmakemovies","United States"
"womp_womp_womp0","Hong Kong"
"wonchumi","Brazil"
"wonder21g","Japan"
"wondercouple126","Indonesia"
"wonderwall_rock","Japan"
"wonderxcat","Japan"
"wong041428280","Hong Kong"
"wong2__","Japan"
"wongsatset","Indonesia"
"wongyong_fan","Hong Kong"
"wonla23","Korea"
"wonsik8907","Japan"
"wonwononly29","Japan"
"woodsbets","Canada"
"woodworksheds","Hong Kong"
"wooh_luu","Taiwan"
"wordstionary","India"
"workbuddy_ai","Hong Kong"
"workinslave","East Asia"
"world_starrysky","Japan"
"world_xyz","United States"
"worldgolfjp","Japan"
"worldjingou","Japan"
"worldlovex4680","Korea"
"worldnetwork","Germany"
"worldofcharts1","Pakistan"
"worms0and0me1","United States"
"worstbehavikr","Brazil"
"worthlessoft","Japan"
"woshiluokongbai","Japan"
"woshiok","North America"
"wovbinpark","Indonesia"
"wowm0qqbnl16441","Japan"
"wowthk","Europe"
"woxiangripittr","Japan"
"woxiangrun","United States"
"woyao100m","Hong Kong"
"woyaoaiai","Hong Kong"
"woyoung21","Indonesia"
"wpaopao007","North America"
"wpm_2000","Japan"
"wpoolmcuvr3276","China"
"wpxabzlzmx902","Japan"
"wq3hycib9buszrq","Japan"
"wqlba11","East Asia"
"wqre4qa8ec8f1pm","Japan"
"wrc_rallyjapan","Japan"
"wren251","Philippines"
"wrenmwgqg","United States"
"wretchednetwork","United States"
"wrf942conn","Japan"
"wrfqagpseel4nb","United States"
"wrh122333","North America"
"wrlddbest","Nigeria"
"wrqyvlsjoyjhlw","United States"
"ws1069","United States"
"ws6eq","United States"
"wsanfairy","Brazil"
"wsanstoney","United States"
"wscexvnh2tr73of","Japan"
"wsdta90s_11","Hong Kong"
"wsdxbz1","Japan"
"wsfjdehlwst0sm","United States"
"wshdsh2560211","China"
"wshngknshji1","United States"
"wshuibuxing","Hong Kong"
"wsl8297","Japan"
"wsmabc01","North America"
"wso7_","Korea"
"wspbobdmgq3g6yc","United States"
"wswanwu81578","China"
"wswm7212151","United States"
"wtfmeez","South Asia"
"wtfpoiiison","Pakistan"
"wthant13","India"
"wthjins","Brazil"
"wtometh","Hong Kong"
"wu12345ssdlh","United States"
"wu91888","Thailand"
"wu_recruit","Japan"
"wubin28","Japan"
"wuchenye","United States"
"wudiayu","United States"
"wudibjoa","Japan"
"wufav2","United States"
"wuhao1031","United States"
"wuhuang559869","Germany"
"wuhuoqiu","Australia"
"wujiazong","United States"
"wujizhuzhu","Japan"
"wukaho0857","Taiwan"
"wukong5eth","Singapore"
"wukongnumber1","East Asia"
"wuliao_btc","Japan"
"wulujia","Singapore"
"wumai16","Hong Kong"
"wumao748","United States"
"wuming0721","Singapore"
"wuming51986591","China"
"wuminxiac2ff","United States"
"wumism","Japan"
"wupei0414","United States"
"wupingju","Taiwan"
"wupowge","East Asia"
"wuqimaheizai","Japan"
"wuren463338","Singapore"
"wurenhua","Taiwan"
"wuruizhe1778543","Taiwan"
"wushiya666","United States"
"wut326411","Hong Kong"
"wuta180615","Singapore"
"wutongainiyo","East Asia"
"wutongshu2732","United States"
"wutzkinarcy","Brazil"
"wuuhoom","Japan"
"wuuu23333","Viet Nam"
"wuweizi2018","Hong Kong"
"wuwenhang","United States"
"wuwufeng6","Japan"
"wuxian_btc","Hong Kong"
"wuxiaomingzii","Japan"
"wuya666eth","Hong Kong"
"wuyangchi","Korea"
"wuyifanasd","United States"
"wuyuanwugu906","Hong Kong"
"wuyyychbz","Taiwan"
"wvmyuujsogzxdsh","Japan"
"wvnpmjsfz3vxam1","Canada"
"wvxrz","Japan"
"ww3mediaa","West Asia"
"ww_melomelon","Japan"
"wwe","United States"
"wweagee","North America"
"wwenjie278","Korea"
"wwhuo7777","Hong Kong"
"wwnjn5670210173","United States"
"wwontstop","Europe"
"wwp3m1k7edxvp8p","Japan"
"wwtlitee","Hong Kong"
"www_ahen","Japan"
"wwwbnbwang","Hong Kong"
"wwwehks","Japan"
"wwwest41008746","China"
"wwwi0i","Korea"
"wwwiia111497","Taiwan"
"wwwjulescom","Australia"
"wwwxiyocom","Korea"
"wwwyq6640005112","United States"
"wwwyq9972901409","Japan"
"wxc162522","China"
"wxinhdng184897","Japan"
"wxmcan","Canada"
"wxqdoit","Japan"
"wy_mask","Hong Kong"
"wy_william80051","China"
"wyahk","United Kingdom"
"wyattlacedtg","Europe"
"wyd_henry_","Nigeria"
"wyl2035","Singapore"
"wym19861","China"
"wym668","Hong Kong"
"wyomingreserve","United States"
"wyw9668","Hong Kong"
"wyzbeng","Singapore"
"wz1581","Hong Kong"
"wz220321","United States"
"wzcyxk","Taiwan"
"wzh100","Europe"
"wzperson","United States"
"wztlink1013","United States"
"wzz105309","Taiwan"
"x","United States"
"x001fx","United States"
"x0110gyy","Hong Kong"
"x0608345546028","Japan"
"x0iay","Korea"
"x100chen","Hong Kong"
"x11x90","United States"
"x157946428989","East Asia"
"x18aakil","Sri Lanka"
"x1aoxia0xiao","United States"
"x1ler","United States"
"x22report","United States"
"x2775co","Japan"
"x3idoexfrh71558","Japan"
"x41100","Japan"
"x7dave","Malta"
"x7hldulzfxxdtrd","Netherlands"
"x831ql99","Korea"
"x94rmpu","Taiwan"
"x_3_c","West Asia"
"x_autonomy","United States"
"x_com_jonny","United States"
"x_file15","East Asia"
"x_ii8y","Korea"
"x_knock_ceo","Japan"
"x_miaomi","Singapore"
"x_moon_lord","Nigeria"
"x_x_man_","East Asia"
"xaa79jtvdjrcpqw","United States"
"xad1039459","United Arab Emirates"
"xadillax","Japan"
"xadr666","Japan"
"xafka_","Nigeria"
"xaialrl","Taiwan"
"xalpha168","Hong Kong"
"xamto_ai","Hong Kong"
"xanderwow_a","United States"
"xangus","Malaysia"
"xannyidc","Brazil"
"xargghhhp","United States"
"xarito0","Peru"
"xauglex","Taiwan"
"xauusd_god","United States"
"xavi93849835","Brazil"
"xavierbuckfni","Turkey"
"xaviercedotal","United States"
"xavierlaw","Canada"
"xaviermoreira1","Ecuador"
"xaviernunca","Brazil"
"xavierphurho0","United States"
"xavierqqnniw","United States"
"xaxcbxwk","China"
"xb_reversi","Japan"
"xbai461467","Singapore"
"xbio9_","Korea"
"xbudaix","Japan"
"xbull_btc","Pakistan"
"xbusiness","United States"
"xby6689","Hong Kong"
"xbyeval","Singapore"
"xc_lab","Japan"
"xcan99","Hong Kong"
"xcellenthusband","United States"
"xchatgcp","Singapore"
"xchatnow","United States"
"xchatscout","Southeast Asia"
"xclmbg","Hong Kong"
"xcreatorzone","India"
"xcrunnn","Japan"
"xctwy543808","United States"
"xczyuan","United States"
"xd3uth","Taiwan"
"xd_yuh182","Korea"
"xdd1458","North America"
"xdevye","Japan"
"xdmnnn0616","East Asia"
"xdniwei","Europe"
"xdroverse","Indonesia"
"xds2000","United States"
"xelgmmx1lycjzah","United States"
"xemdu0","Japan"
"xeno838861lord","Japan"
"xenoasher","Japan"
"xeophon","Europe"
"xepxe1soula","Japan"
"xeyooooz","Korea"
"xfcpepm0ui75715","Japan"
"xfli5","Netherlands"
"xfq715","United States"
"xfvpgscu6korc8s","Hong Kong"
"xgalaxiverse","Europe"
"xgsds210","Hong Kong"
"xharppp","Nigeria"
"xhcaigc","United States"
"xhdweb3","Japan"
"xhm214","Hong Kong"
"xhr6666","Hong Kong"
"xhty2009","Singapore"
"xhuozhong","Taiwan"
"xhusdush","Japan"
"xhyiwp","France"
"xhzone","United States"
"xi32515","North America"
"xi_bei49530","China"
"xi_shu83166","China"
"xi_tou58563","China"
"xia65645","China"
"xiachu0208","Japan"
"xiacikanhaiqu","Hong Kong"
"xiamikong","Japan"
"xiamiyumu","North America"
"xiamuzairiben","Japan"
"xian_mao39516","Singapore"
"xianenji1979","Hong Kong"
"xiang888x","United States"
"xiang_duan3407","Japan"
"xiang_kui99761","China"
"xiangcesun","Japan"
"xiangchunerxin1","China"
"xiange1888","Hong Kong"
"xiangfang888","Hong Kong"
"xiangguo755","Hong Kong"
"xiangliu_xbt","United States"
"xiangnidenageye","Hong Kong"
"xiangqiankanqi0","Poland"
"xiangrui131419","East Asia"
"xiangshi001","Hong Kong"
"xiangwang1912","Japan"
"xiangxiang103","Hong Kong"
"xiangyuli","United States"
"xiangzhang87","Hong Kong"
"xianyuxiaoxiami","Japan"
"xianzhizhou","North America"
"xianzhong_1953","Australasia"
"xiao18881","China"
"xiao19375","United States"
"xiao2027btc","East Asia"
"xiao512tang","Taiwan"
"xiao76187tu","China"
"xiao8885","China"
"xiao8tu8y8","Hong Kong"
"xiao92666","Hong Kong"
"xiao_jingmin","Hong Kong"
"xiao_xiang59990","Germany"
"xiao_xiaofei","Hong Kong"
"xiao_zhuanzhuan","North America"
"xiaoayi1997","Japan"
"xiaobai_w3","Hong Kong"
"xiaobobo0713","United States"
"xiaobu759084","Singapore"
"xiaochangai","United States"
"xiaochuan2_0","Japan"
"xiaochuan8688","Hong Kong"
"xiaochun_dev","United States"
"xiaodaige168","Hong Kong"
"xiaodao8734","Hong Kong"
"xiaodongs01","Japan"
"xiaodu_htx","Malaysia"
"xiaoduoya_","East Asia"
"xiaoemomrzhang","United States"
"xiaoerweb3","East Asia"
"xiaofang1232","China"
"xiaofangsh69411","Denmark"
"xiaofapro","Taiwan"
"xiaofei94853217","China"
"xiaofeilong99","Hong Kong"
"xiaogou617","Japan"
"xiaoguai000420","Japan"
"xiaogui_real","Taiwan"
"xiaoguo_168","Hong Kong"
"xiaohai99412518","Singapore"
"xiaohangli62900","Singapore"
"xiaohao041","Japan"
"xiaohao67942591","Hong Kong"
"xiaohe085","Taiwan"
"xiaoheitu_1231","United States"
"xiaoheiyjng","Malaysia"
"xiaoheshang2025","Taiwan"
"xiaohu","United States"
"xiaohua_888","United Kingdom"
"xiaoixaoz22823","Hong Kong"
"xiaoiyct","Hong Kong"
"xiaoji0403","United States"
"xiaojianjian567","Hong Kong"
"xiaojing029","Netherlands"
"xiaojing8868","Singapore"
"xiaojingcanxue","United States"
"xiaojinzi17","China"
"xiaojunsong3","Taiwan"
"xiaokooeye","United States"
"xiaokuwang","Hong Kong"
"xiaol_btc","Hong Kong"
"xiaolajiaoshayu","China"
"xiaolaodigan","Hong Kong"
"xiaoliangc56843","China"
"xiaoliao5220135","Taiwan"
"xiaolimao111","Japan"
"xiaolinnihao","United States"
"xiaolongkingdom","Hong Kong"
"xiaolongxia696","Hong Kong"
"xiaolus12","United States"
"xiaoluv12o","Singapore"
"xiaoluweixiao","China"
"xiaomageha","Taiwan"
"xiaomai304","China"
"xiaomaoshao","Singapore"
"xiaomei312500","China"
"xiaomianyangggg","United States"
"xiaoming_web3","Hong Kong"
"xiaomudao","Hong Kong"
"xiaomustock","Hong Kong"
"xiaon_23","Singapore"
"xiaonianjiang11","United States"
"xiaopan116688","Hong Kong"
"xiaoqia69276352","China"
"xiaoqingwu83363","Singapore"
"xiaoqingxi74178","China"
"xiaosabtc1","Hong Kong"
"xiaosanju","Hong Kong"
"xiaoshayus","Japan"
"xiaoshen","East Asia"
"xiaoshenketoyou","United States"
"xiaoshiyi021","Japan"
"xiaoshunli","Singapore"
"xiaotian630625","United States"
"xiaowacrypto","United States"
"xiaowei5226","United States"
"xiaoweino1","United States"
"xiaowongbao","Southeast Asia"
"xiaoxi118","Hong Kong"
"xiaoxi919396","United States"
"xiaoxia96597793","Singapore"
"xiaoxiao855","United States"
"xiaoxiaojiujiu","Hong Kong"
"xiaoxin20221","China"
"xiaoxin_eth","Korea"
"xiaoxivva","Japan"
"xiaoxue2026","United States"
"xiaoyal493","Hong Kong"
"xiaoyan52013","Japan"
"xiaoyang0822","Hong Kong"
"xiaoyangyu14","North America"
"xiaoybubu","Malaysia"
"xiaoyifnz","Thailand"
"xiaoyon52351223","Korea"
"xiaoyongyuan25","China"
"xiaoyu328512","Germany"
"xiaoyuan2512","Kazakhstan"
"xiaoyuandev","United States"
"xiaoyubtc","Hong Kong"
"xiaoyueqiu111","Singapore"
"xiaoyumama9968","Hong Kong"
"xiaoyun678543","Denmark"
"xiaoyushanshan","East Asia"
"xiaoyzi_web3","Viet Nam"
"xiaozblog","Japan"
"xiaozeyoum80749","China"
"xiaozhan258_","Japan"
"xiaozhi_btc","Japan"
"xiaqingfeng666","Japan"
"xiaxiaoyubing","Japan"
"xiayu912","East Asia"
"xiayutian52010","Malaysia"
"xiazhenyiecz","Taiwan"
"xicilion","United States"
"xicoalexndre","Brazil"
"xiduoxing","United States"
"xie_cx68279","Japan"
"xie_jiahao1999","United States"
"xie_xiao_zheng","Hong Kong"
"xieasun2008","Japan"
"xiejiayinbitget","Taiwan"
"xiela414899","China"
"xielaob69013640","Japan"
"xielaoban100","East Asia"
"xieqianwan642","United States"
"xiexiaoli3","Taiwan"
"xiexieyixin","Hong Kong"
"xifancry","East Asia"
"xifengsuixiang","East Asia"
"xiguashuan1","China"
"xihuankanmeinv1","United States"
"xileno4","Brazil"
"xilixjd","Hong Kong"
"ximen069","Hong Kong"
"ximetac","United States"
"ximihoo1","East Asia"
"xin_guan25585","Hong Kong"
"xinbaipigp","Hong Kong"
"xincctnnq","East Asia"
"xinchan95199720","Hong Kong"
"xinchne_eth","Japan"
"xing0082","Hong Kong"
"xing6136","Japan"
"xing8047","Hong Kong"
"xing_eth","Japan"
"xingbugengming","Japan"
"xingchivpn","United States"
"xinggao7","Hong Kong"
"xinggugu597782","United States"
"xingkaixin","Southeast Asia"
"xinglee23","United States"
"xinglyu8964","North America"
"xingmiw8","United States"
"xings15c","Japan"
"xingsmile88","United States"
"xingtianxia1980","United States"
"xingtianzhang","Southeast Asia"
"xingtinmng2433","China"
"xingxingjun8888","Japan"
"xingyao47854","Japan"
"xingyer61607","East Asia"
"xingzengji","United States"
"xingzhanai","Japan"
"xingzhi0502","Japan"
"xingzhu4real","United States"
"xinhang_zheng","Japan"
"xinkiss2010","China"
"xinlingdiantai","Japan"
"xinlizhang3","United States"
"xinrui0214","East Asia"
"xintenb","Hong Kong"
"xintongai","Hong Kong"
"xinxiao83099","China"
"xinxin188191","China"
"xinyang2024","China"
"xinyi_mai","Australia"
"xinyu540","North America"
"xinzhi","Southeast Asia"
"xioaqiangge","Japan"
"xiomy655049","China"
"xiongchun007","East Asia"
"xionghuanwei","United States"
"xiongluming","North America"
"xiongmaotoubnb","Singapore"
"xiongying28346","Korea"
"xionzi480322988","China"
"xioxiorn7","China"
"xiqi41412635","China"
"xiruimama1","China"
"xisi39341944284","Hong Kong"
"xiuleis1258","United States"
"xiuxinnil","Japan"
"xiuyi22558","Japan"
"xiuyingwang6","Japan"
"xiuzhizhu","United States"
"xiweiyamei83789","Japan"
"xiwengting13","Japan"
"xixi20240221","China"
"xixi50895624162","Germany"
"xixibtc123","United States"
"xixiha12361","Hong Kong"
"xixikawaii","Canada"
"xixilo_u","Korea"
"xixirangrang345","Japan"
"xixiyangjz1y","Singapore"
"xiyan587862","United States"
"xiyu20242023","China"
"xiyue0803","Japan"
"xizhe937","Hong Kong"
"xizheng9610","China"
"xjmj118890","China"
"xju_rin","Korea"
"xkaileyrae","Brazil"
"xkfai","Hong Kong"
"xkimmwmp7dowpyw","Japan"
"xkxn1764081","China"
"xkyuan1981","Hong Kong"
"xkyzui","United States"
"xlambxx","Korea"
"xldjfjto6141026","Sri Lanka"
"xleaps","United States"
"xlittlebai","United States"
"xloesx0120","Taiwan"
"xlonggo2","North America"
"xlovnge","Kenya"
"xlr830488386796","China"
"xlrxin","Japan"
"xlxd1004","United States"
"xm0123","China"
"xm3_lue","Taiwan"
"xm_usman","Nigeria"
"xmanwu123","China"
"xmaximist","United Arab Emirates"
"xmfrj9zymadmpr8","Japan"
"xmglab","North America"
"xmissionpro","Japan"
"xml___o","Japan"
"xmoep","Germany"
"xmoney_vn","Viet Nam"
"xmonkes81","Malaysia"
"xmpdq41784648","Singapore"
"xnar_mx","Japan"
"xnayin","Indonesia"
"xndajgw","Japan"
"xng10686683","Japan"
"xnghn16","Hong Kong"
"xngtng20","China"
"xnjiochng0593","China"
"xnn1163875","China"
"xnni6o","Japan"
"xntpezarc4gc0b5","United Kingdom"
"xnxcmm","Japan"
"xnxx_en","Southeast Asia"
"xnylx013","United States"
"xo_en3","East Asia"
"xocctv","East Asia"
"xoco__5","Korea"
"xognsehdns","Korea"
"xohekxa","Turkey"
"xoiman93","United States"
"xomissb","Philippines"
"xotesfaye___","North Africa"
"xotwo1204","Korea"
"xox_905","Japan"
"xoxo6969xoxox","Japan"
"xoxo_maru_oo","Japan"
"xoxoayumixoxo","Japan"
"xoxoyoyxoxo","Japan"
"xoxxax_peony","Korea"
"xpd_schenn83","United States"
"xpjeooxvj519460","East Asia"
"xpnftclub","Hong Kong"
"xpng80120833376","China"
"xpolitelab","United States"
"xpredictweekly","Malaysia"
"xqdw77","Hong Kong"
"xqnoa25ovm6vfym","Japan"
"xrefcece","United States"
"xrg0r","Japan"
"xrmkunome","Taiwan"
"xrn1666827","Netherlands"
"xroc4","Hong Kong"
"xrocksxy","Hong Kong"
"xrpwhale589","Korea"
"xryq8866","Japan"
"xs0w0dx","Japan"
"xs19770","United States"
"xsabtwtsx","United States"
"xshude","Hong Kong"
"xsl_rhythm","Korea"
"xssffssx","United States"
"xstock_molly","United States"
"xstylsupreme_","United States"
"xsweet_star","Peru"
"xtaocowboy","Japan"
"xtexchangecn","Singapore"
"xtil76miwrqn3lp","Hong Kong"
"xtinefang","Thailand"
"xtlily2025","Brazil"
"xto398993076120","East Asia"
"xtony1314","Hong Kong"
"xtraaricee","United States"
"xtzzl212","Japan"
"xu159411209","United States"
"xu2001jie","Hong Kong"
"xu27888","East Asia"
"xu3f8wi1csm5hq2","Japan"
"xu_feng1","China"
"xu_hui6538","Hong Kong"
"xuan2589","Taiwan"
"xuanbi6688","Hong Kong"
"xuanguillotine","Canada"
"xuanplus04","United States"
"xuantongtrllo","Japan"
"xuanwo","United States"
"xuanxuan104759","China"
"xuanzy143636","Hong Kong"
"xudaoai","Australia"
"xudaoliang","Hong Kong"
"xue69601","China"
"xue9500","Southeast Asia"
"xue_yyyy","Taiwan"
"xuegaogx","United States"
"xuelongsun_ai","United States"
"xueshengwanbi","Hong Kong"
"xueting_tt","United States"
"xueyu1125","Hong Kong"
"xueyzh","United States"
"xufng61469","United States"
"xuhaomuch","Philippines"
"xuhe030","East Asia"
"xukego","France"
"xuli141605","United States"
"xuliang198241","United States"
"xuliu37747","China"
"xumi23038167","Hong Kong"
"xumouren_yt","Italy"
"xunwmng97783630","Southeast Asia"
"xupaopaogm","Japan"
"xuqilin571030","Taiwan"
"xuruili747753","Japan"
"xut176481","Hong Kong"
"xuxiaopengmint","Korea"
"xuxubaobao0819","Hong Kong"
"xuyaoyaoyao","United States"
"xuyeah","United States"
"xuzhizhi001","China"
"xvoidflux253","United States"
"xvpv1234547378","Canada"
"xvxnuo","Hong Kong"
"xx0316m","East Asia"
"xx06930","North America"
"xx0izojewyn5ipd","Japan"
"xx_589s","Japan"
"xx___r__k","Japan"
"xx__peso__xx","Japan"
"xx__suzu","Japan"
"xx_hime_xx0o","East Asia"
"xx_jiyoyoyo","Korea"
"xx_k0__","Japan"
"xx_k_i__","Japan"
"xx_sora555","Japan"
"xx_xxx_torihiki","Japan"
"xxantiwar","Hong Kong"
"xxcmaxxxxxx","Japan"
"xxcxz888","Japan"
"xxdahan","Hong Kong"
"xxhite_yj","Korea"
"xxj3lly_f1shxx","United States"
"xxmark1499","Hong Kong"
"xxmoe_175kxx","Japan"
"xxoo3k5k","Hong Kong"
"xxoo4dhl","East Asia"
"xxoyu155xx","Japan"
"xxpe7g5","Korea"
"xxroroe","United States"
"xxrun_x_runxx","Japan"
"xxt9300","Japan"
"xxtkxx__degi","Japan"
"xxuan1139507","Taiwan"
"xxuser_zetaxx","Japan"
"xxx0007_","Japan"
"xxx05224283","United States"
"xxx14566","Japan"
"xxx_221blue","Japan"
"xxx__lemon__xxx","Japan"
"xxx_ioioi","Japan"
"xxxanita_","Singapore"
"xxxapril_d13","United States"
"xxxire88","Japan"
"xxxkagerou","Japan"
"xxxlionalxxx","Viet Nam"
"xxxririruka","Japan"
"xxxu1024","East Asia"
"xxxuniholic","Korea"
"xxxunoi","Korea"
"xxxxx20201221","Hong Kong"
"xxxxxxxxxxxxo0","Japan"
"xxxxxxxxxxxxxre","Europe"
"xxy177","East Asia"
"xxyl888","Japan"
"xy050310","North America"
"xybuilds","Singapore"
"xyeguai","Hong Kong"
"xyjmd13","Hong Kong"
"xyjx7ocmkauvbl0","Korea"
"xykbjh05289","Korea"
"xymghr","Japan"
"xyngling2","China"
"xyrusjosh","United Arab Emirates"
"xyukinachan","Japan"
"xyxkuammpagy3of","Japan"
"xyxy_noah","Japan"
"xyyang528","East Asia"
"xyz_fnzero","Singapore"
"xyzrockyx","Singapore"
"xzcho258788","United States"
"xzcute12138","United States"
"xzhenfei28168","United States"
"xzip_xlayer","Hong Kong"
"xzwww123","China"
"xzwwxxrzefjewb","United States"
"xzzxthlhm","Japan"
"xzzzjpl","Japan"
"y00ngh","Brazil"
"y0kogurl","United States"
"y1cxmm","Hong Kong"
"y1nrj","Japan"
"y1zhe_520","Japan"
"y221os","Japan"
"y2k0078_1","Korea"
"y3gfzyqse6eynwx","United States"
"y4n5k","Japan"
"y5nt1dul0yrjfmu","Singapore"
"y642873","United States"
"y719478720","United States"
"y73m_y","Japan"
"y7kqe","Hong Kong"
"y969358286","Hong Kong"
"y__camd_","Japan"
"y_angyuhuan","Singapore"
"y_anyanxi","Korea"
"y_b__hhh","Korea"
"y_kono427","Japan"
"y_record_0819","Japan"
"y_t0926","Japan"
"y_ume_1202","Japan"
"y_z_kana","Japan"
"ya12369874","Japan"
"ya_0515_yk_923","Japan"
"ya_aa_an","Korea"
"ya_mm_sou","Hong Kong"
"yaa_b1j","Japan"
"yaaaaaangyoong","Korea"
"yaastuita","Brazil"
"yabaaata","Japan"
"yabataji9","Japan"
"yabayaba_887","Japan"
"yabby1980","China"
"yabuyabu_poker","Japan"
"yaccson","Saudi Arabia"
"yachae_0716","Korea"
"yacinemtb","Canada"
"yadaoshi","Japan"
"yado___n123","Japan"
"yaegashi28gou","Japan"
"yaepf5qr2xlvvtp","Singapore"
"yagawa_fuyu","Japan"
"yaghmyark","Korea"
"yaghsizian","United States"
"yagicorporation","Japan"
"yagikun_oekaki","Japan"
"yah0o0_","Korea"
"yahachi326","Japan"
"yahagi1989","Japan"
"yahhotrain_2134","Japan"
"yahiaswe","Egypt"
"yahoofinance","United States"
"yahoonewstopics","Japan"
"yaixx386870","United States"
"yakko_cool","East Asia"
"yakugakulabo","Japan"
"yakumo_mtk999","Japan"
"yakumo_sigure","Japan"
"yakumosan0920","Japan"
"yala168","Taiwan"
"yallgetscared","Germany"
"yam_foxx","Korea"
"yama3619","Japan"
"yama_aa831","Japan"
"yama_zo","Japan"
"yamag_10310","Japan"
"yamahi_org","Japan"
"yamajii_pk","Japan"
"yamaki_rin","Japan"
"yamamii_dokusho","Japan"
"yaman_salaryman","Japan"
"yamane2527","Japan"
"yamane_ou","Japan"
"yamanimilitaryx","Yemen"
"yamano_reo","Japan"
"yamap_1985_4_9","Japan"
"yamaseinc","Japan"
"yamata14","Japan"
"yamatake5741","Japan"
"yamato_046","Japan"
"yamato_kokoro01","Japan"
"yamatopsy","Singapore"
"yamayamawww","Japan"
"yamigodoy015","Argentina"
"yamon81440437","Japan"
"yamy0910","Japan"
"yamyun_","Japan"
"yan1920585632","Hong Kong"
"yan202520252025","Hong Kong"
"yan_negimabeya","Japan"
"yana9hd","Viet Nam"
"yanagi_404_","Japan"
"yanakingon","Japan"
"yanana2255","Japan"
"yananuku","Japan"
"yanasekiyosi","Japan"
"yanbo2004","Germany"
"yanbo2009","Japan"
"yanbranski88t","United States"
"yanchun42676440","United States"
"yandangwuyi","North America"
"yane_giu","East Asia"
"yanellyfuentes","Hong Kong"
"yang02010","Hong Kong"
"yang0668","Singapore"
"yang2008zy","Hong Kong"
"yang4_bs","Japan"
"yang8299539","Hong Kong"
"yang_2019","Japan"
"yang_sheep1","Korea"
"yangandwu","Viet Nam"
"yangdong2023","China"
"yangduda28291","East Asia"
"yangeric261902","Taiwan"
"yangfze","Singapore"
"yangguang4872","Japan"
"yanghai916","New Zealand"
"yangheran516","East Asia"
"yangifty","Japan"
"yangjiang990431","Japan"
"yangjieshu83493","China"
"yangjingzhe330","Hong Kong"
"yangliang41885","East Asia"
"yangmimi233","Japan"
"yangni1111","Taiwan"
"yangon_eth","Hong Kong"
"yangonchain","Hong Kong"
"yangqisniper","Singapore"
"yangray326","Hong Kong"
"yangseen46137","Germany"
"yangskyfly","United States"
"yangtze_seventh","Japan"
"yangx1n0","Hong Kong"
"yangxiyun888","Japan"
"yangyang040209_","Japan"
"yangyang6658","Hong Kong"
"yangyang_403","Korea"
"yangyangjapan","Japan"
"yangyangn6666","United States"
"yangyangyangshu","Hong Kong"
"yangyi","United States"
"yangyxxy","China"
"yangzhao182","China"
"yanhua1010","United States"
"yanhuangyuge","Taiwan"
"yanikinokobun","Japan"
"yaniko_jp3401","Germany"
"yanjun_cn","East Asia"
"yankeedraft","Africa"
"yanlei2019","Singapore"
"yanlin1593","North America"
"yanmayaaaa","Japan"
"yann_at","United States"
"yannchatrin","United States"
"yanpacote","Brazil"
"yantanzhang","Japan"
"yanxi067","United States"
"yanyanhou168","Hong Kong"
"yanyun99493543","China"
"yanyurensheng","Australia"
"yanzhimin1987","Hong Kong"
"yanzhou1","United Kingdom"
"yanzi_1688","Hong Kong"
"yanzichun7556","China"
"yanzinhodabahia","Brazil"
"yaoallen","United States"
"yaochuan888","Japan"
"yaohengzhi45572","United States"
"yaohui12138","United States"
"yaohuizhen","United States"
"yaoikeuu","Brazil"
"yaosiscom","United States"
"yaowenjiaozi_","Japan"
"yaoyao029","Netherlands"
"yaoyaogm","Hong Kong"
"yaozhenjia57111","Japan"
"yaozong521","Japan"
"yaozyiii","Hong Kong"
"yappa_a0","Canada"
"yaqy0u","East Asia"
"yaramaika","Japan"
"yarinaosi09","Japan"
"yaru_man2","Japan"
"yasfin24825","Italy"
"yashiine001","Hong Kong"
"yashithavenkat","Austria"
"yasin434434","Bangladesh"
"yasinemirolu","India"
"yasingbsa","Indonesia"
"yasu0x1","Netherlands"
"yasu6966_","Japan"
"yasubee0528","Japan"
"yasushimorita15","Japan"
"yasuyasu358","Japan"
"yasuyasumin07","Japan"
"yati_official1","India"
"yatihitokaoshi","Japan"
"yatuhanknpwni","Indonesia"
"yawaraka1968577","Japan"
"yawn_o9_13","Japan"
"yaya1250954","Southeast Asia"
"yaya6782","United States"
"yayahiromi","Japan"
"yayi718","Singapore"
"yayoi_no_yume","United States"
"yayoiken_com","Japan"
"yb23mq","Hong Kong"
"ybeauty007","Taiwan"
"ybfxiaofabu","Taiwan"
"ybm1554786","Japan"
"yboker","Singapore"
"ybudxeqggbh6nhi","Japan"
"yc36l85","Indonesia"
"yc9knwolz6pusak","China"
"ycarogois","Brazil"
"ycjs0607","Japan"
"ycn_113","Japan"
"ycreate","Japan"
"ycundang169","Jordan"
"yd133466","Japan"
"yd_0726","Korea"
"yd_2211","Japan"
"yd_veh","United States"
"ydshu172662","East Asia"
"ye2zomiljfkyfpo","Japan"
"ye_ali","United States"
"ye_and_yae","East Asia"
"ye_leide","Hong Kong"
"ye_ning_0312","Taiwan"
"yebin99991","Ireland"
"yedabinbinah","North America"
"yedemao2","Hong Kong"
"yeee19913","Hong Kong"
"yefbao","Japan"
"yegle","United States"
"yeh_shha","Southeast Asia"
"yehmyghtfoli","Africa"
"yejimong0lz","Korea"
"yekaimeta","United States"
"yekoikoi","United States"
"yel0_22g","Japan"
"yelleraulugsub","Japan"
"yellowglove1982","Japan"
"yellowpantherx","Malaysia"
"yellowrobe79305","United States"
"yelvamala","Kenya"
"yena_qwq","Hong Kong"
"yenkonkoaaa","Ghana"
"yennyyaa","Philippines"
"yeoba_7ek","Korea"
"yeoldaeurim","Korea"
"yeolmu_10","Korea"
"yeonah_wish","Korea"
"yeono1de","Korea"
"yeonunyanya","Korea"
"yeopcom","Korea"
"yeoug__a","Thailand"
"yeptheboys","Australia"
"yerim01s","Brazil"
"yerotutahatf1g","United States"
"yeruizhang","Singapore"
"yes__ticket","Korea"
"yesfm_yuru_pr","Japan"
"yesgho69177","Hong Kong"
"yeshuaformosa","Taiwan"
"yesitong13216","United States"
"yesneiripachec1","United Kingdom"
"yesterdaybigcat","Canada"
"yesterdayorange","Japan"
"yeswecan_jp","Japan"
"yetone","United States"
"yevloop","Ukraine"
"yeweiyangfou","North America"
"yewfrrlsem95210","Japan"
"yexuanweb3","Japan"
"yeyeezus79","Africa"
"yeyemadrid10","South America"
"yeyeye13794055","Hong Kong"
"yeyi0401","Germany"
"yeyu40193166559","Hong Kong"
"yeyuhaoyangmao","Hong Kong"
"yeyusam1","Canada"
"yezi9ovo","Taiwan"
"yezijovo","United States"
"yezisq","China"
"yf8ixb","Japan"
"yff5188","Hong Kong"
"yfuay_ff14","Japan"
"yfzhaomm","Singapore"
"ygjc_cc","Japan"
"ygkkkg","North America"
"ygn_vpn","Hong Kong"
"ygt861","Japan"
"yguilherme2","Brazil"
"ygwhite2000","Korea"
"yh19910711","United States"
"yh_0x","Southeast Asia"
"yh_huage","United States"
"yhfromsh","Japan"
"yhiyo2011","Japan"
"yhliu32","United States"
"yhmx201314","China"
"yhslgg","North America"
"yhss2cih","Korea"
"yhutin131477","Japan"
"yi8527","Japan"
"yi95495","Japan"
"yi_nong39023","China"
"yi_sun10350","Hong Kong"
"yi_zai23516","China"
"yibei2103","Hong Kong"
"yibie","Taiwan"
"yibingsg","Canada"
"yicasillas","Japan"
"yichen1806","United States"
"yicheng8899","China"
"yichunqiu1","United States"
"yick_yang","Singapore"
"yicymkaugyhn9l","United States"
"yietties","United States"
"yifaninvest","New Zealand"
"yifanxu_ephai","United States"
"yifeinie2","Japan"
"yifeizou1998","North America"
"yifeng1453009","China"
"yifengchen28","Japan"
"yigetangxindan","North America"
"yigitozdemubw4","Turkey"
"yigitsimseffp4","United States"
"yiguxia","Hong Kong"
"yihan52442785","Hong Kong"
"yijiangren","Japan"
"yijianzhiyuan","Japan"
"yijiezuimei","Hong Kong"
"yilai_eth","East Asia"
"yilongp3w7","Singapore"
"yimahk","Hong Kong"
"yimijiu1022","United States"
"yiming911","Taiwan"
"yinbang352001","Hong Kong"
"ying1roger","Hong Kong"
"ying2016a","Hong Kong"
"yingeai","East Asia"
"yingge001","Hong Kong"
"yinghai000216","Singapore"
"yingsuhua","North America"
"yingtaoxie","Hong Kong"
"yinmin1987","Hong Kong"
"yinsenw_","United States"
"yinyinxcb314","China"
"yiojyoenrtov5s1","Japan"
"yipoai","United States"
"yipppp227","United States"
"yiqifacai","Germany"
"yiqing87","United States"
"yiranruibao","China"
"yisabek","China"
"yishi98541098","China"
"yism3000","Japan"
"yistar04","United States"
"yitaochen","United States"
"yiuwai_yao","Japan"
"yiwa787232","Hong Kong"
"yixin0506","United States"
"yixiu961003","Japan"
"yiyala0108","Taiwan"
"yiye5566","United States"
"yiyiyi1990","China"
"yiyong19680604","East Asia"
"yiyuan1228","United States"
"yizehe2533","Singapore"
"yizhidashen1003","China"
"yizhier_btc","United States"
"yizhixiaojinli6","China"
"yizongluek","United States"
"yj5ca5cwcv2lteq","Japan"
"yj__202","Japan"
"yj_l2l5_mm","Japan"
"yjcdsg","East Asia"
"yje2015","Japan"
"yjhkytgtshpskg","Korea"
"yjsvaubfkqpgo8","United States"
"yjtk1111_7","Japan"
"yjunwo","Brazil"
"yjwds4567","United States"
"yk1248","Japan"
"yk_d","Japan"
"ykjzl","United States"
"ykq477879","United States"
"ykq5200","Hong Kong"
"ykvpwxrry1r2qcj","Japan"
"ykykyk97mymelo","India"
"yl5396464989566","United States"
"ylau9crar","Taiwan"
"ylburcu","Germany"
"yle43036","Hong Kong"
"ylguytrid","East Asia"
"ylj158852","Taiwan"
"yljgetmore","East Asia"
"ylly200409","United States"
"ylnfsh121327","China"
"ylsb1029","China"
"ylx44","Hong Kong"
"yly1248750","United States"
"ylz23_zz","East Asia"
"ym92618","Japan"
"ym_alphanotes","Singapore"
"ymas____","Japan"
"ymd_2010","United States"
"ymd_japan","Japan"
"yminact","Brazil"
"ymm4985","East Asia"
"ymowar661","United States"
"ympy123","Japan"
"ymsrsbaka_trhk","Japan"
"ymz26805","United States"
"yn_1wp","Japan"
"yngjishn791730","China"
"yngjishn86945","China"
"yngk346722","United States"
"yngxn131035","United States"
"yngxnlomeho1","China"
"yniehi","Japan"
"ynjnhyt","Japan"
"ynkms1","Japan"
"ynonestop","United States"
"ynovv1","Hong Kong"
"yntcdswift","Canada"
"ynzi307820441","Hong Kong"
"yo0hankim","Philippines"
"yo_cha__","Japan"
"yo_komama1101","Japan"
"yo_mr_crypto","Taiwan"
"yochio701","Japan"
"yococoroom1","Japan"
"yoda80972","Japan"
"yodakano_suisei","Japan"
"yodee101","Nigeria"
"yodo_gadget","Japan"
"yofu___","Japan"
"yofukashi_bu","Japan"
"yofukenomary","Japan"
"yog_10m","Japan"
"yogakeguy","Japan"
"yogirl_aleah","United States"
"yohakuoto","Japan"
"yohakuto_jp","Japan"
"yohirahirari","Japan"
"yohoyoung6810","Taiwan"
"yoiya_miyo","Japan"
"yokimanuna","East Asia"
"yokokawa_gyoda","Japan"
"yokosya_dtp","Japan"
"yokovvpa","Japan"
"yokubaribambids","Japan"
"yolinde6","Korea"
"yolugaoofficial","Japan"
"yoluka_no_tsuki","Japan"
"yomi_137yuki","Japan"
"yomijustliving","Nigeria"
"yomijyu123","Japan"
"yomiuri_online","Japan"
"yomnaal46212035","United States"
"yona_otonashi","Japan"
"yonaga_0922","Japan"
"yonagatsuki999","Japan"
"yonagi_breath_2","Japan"
"yonayonayone255","Japan"
"yondarbob","Congo"
"yone10kota26","Japan"
"yong_guo46030","Hong Kong"
"yongbaopaomoba","Hong Kong"
"yongg1230","Philippines"
"yonghao87","Japan"
"yongquan","United Kingdom"
"yongzengzh46724","United States"
"yoninagan","China"
"yonkxx","Japan"
"yonni_mim","Korea"
"yonoataru","Japan"
"yonyon__niisan","Japan"
"yoo11ng","East Asia"
"yoo4ii","Japan"
"yoochhhh","Hong Kong"
"yookdyedye0602","Korea"
"yoonformu","Korea"
"yoongi_min333","France"
"yoongiv199339","Japan"
"yoontearjk","Brazil"
"yoonvr","Brazil"
"yooojj8cm","Hong Kong"
"yooscooups","Philippines"
"yoridokoro_room","Japan"
"yorikuzu","Japan"
"yorimichi_x","Japan"
"york_0831","Japan"
"yoro_store46","Japan"
"yororing_candy","East Asia"
"yorozu_review","Japan"
"yorozuai","Japan"
"yoruko_120","Japan"
"yorunoseihuku","Japan"
"yorunosukeana","United States"
"yoruru_24","Japan"
"yorutokirino74","Japan"
"yoshi01_2nd","Japan"
"yoshi_mitsuta","Japan"
"yoshiakira24","East Asia"
"yoshidakazuto","Japan"
"yoshidakoichiro","Japan"
"yoshinoakihiro","Japan"
"yoshinori_oo0","Japan"
"yoshio02797507","Japan"
"yoshipiyo55","Japan"
"yoshito_1977_","Japan"
"yoshitomi_unity","Japan"
"yoshiyashokou","Japan"
"yoshiyuki724426","Japan"
"yosi123abc","Japan"
"yosicorgi","Japan"
"yositeruikeda","Japan"
"yossi_20230731","Japan"
"yossygonta","Japan"
"yostarmelody","Japan"
"yosuke2121","Japan"
"yotori_seikatsu","Japan"
"you11111_6","Korea"
"you1873118","Southeast Asia"
"you232813195681","Hong Kong"
"you325122","Japan"
"you_emceez","Japan"
"you_you_h","Japan"
"youandiarefree","Japan"
"youandmay78","Japan"
"youcovermem","Hong Kong"
"youdreamp","Japan"
"youguqi2023","Hong Kong"
"youhavemael_","United States"
"youka_0715","Korea"
"youkmini4wd","Japan"
"youkoso_pachi","Japan"
"youlandas","United States"
"youlily12","Japan"
"youmaniacseries","Thailand"
"youmengneko2","Japan"
"youmiqv","Hong Kong"
"young4901836081","United States"
"young_en1","Korea"
"young_nelius","Kenya"
"youngedwin53831","United States"
"youngk333666","Hong Kong"
"youngstockuser","Germany"
"younkj3","North America"
"younweb3","France"
"your_niaaaa","India"
"yourcalvinist","United States"
"yourmmaboi","Indonesia"
"yourmomboomm","Korea"
"youron712","Korea"
"youronlywooju","Korea"
"yourquantguy","France"
"yourtowhid","Australia"
"youshang888888","Hong Kong"
"yousufayad6","United States"
"youtemx","Japan"
"youtiange","Hong Kong"
"youtianqzl","Hong Kong"
"youtooljp","Japan"
"youtrastaramaki","Japan"
"youtrust_studio","Japan"
"youtrust_talent","Japan"
"youtrustinc","Japan"
"youtube","United States"
"youtuberpinori","Japan"
"youute8","Japan"
"youwilleatbugs","United States"
"youwu98944488","Hong Kong"
"youxirenji66705","Hong Kong"
"youxivei","East Asia"
"youyexingkong","Taiwan"
"youyoon_000","Korea"
"youzipg","United States"
"yoyo37695224","Japan"
"yoyo4632","Japan"
"yoyometaversela","United States"
"yoyoplayjoe","Southeast Asia"
"yoyoyiyi1234","Taiwan"
"yoyuuuuuki","United States"
"yozaemon_","Japan"
"yozomi_pkmnk","Japan"
"yp7inmiiop8t7pt","Japan"
"ypeoe39c4a2a4ac","Japan"
"ypho02lv4g6lwes","Hong Kong"
"ypkk1112","Japan"
"ypp856771","Hong Kong"
"yqgyx123","Thailand"
"yqitrrvymgwc3de","Korea"
"yqycybssbj25053","Japan"
"yqywficd","Japan"
"yreeeeds2727","Taiwan"
"yrkx_blue","Japan"
"yrr3j","East Asia"
"yrsm_simon","United States"
"ysdkwcom","Japan"
"ysh116","China"
"yshjsw","Malaysia"
"ysj20250303","China"
"ysk_camp","Japan"
"yskh3786","Japan"
"yskns2u","East Asia"
"ysmkw6","East Asia"
"ysoke145","Japan"
"ysp2025","Japan"
"yssm1668","United States"
"ysuckme","North America"
"ysw1166","China"
"ysyx2020","Taiwan"
"yt7znbjgmkcbnuc","Korea"
"ytd_amk","Europe"
"ytflzyyds","Hong Kong"
"ythao_oz","Japan"
"ytheprinz0x","United States"
"ytiihyslqlabpow","North America"
"ytnm_3121","Japan"
"ytrkk70xf","East Asia"
"ytsai_realtor","United States"
"ytv_nobishiro","Japan"
"ytvhoudou","Japan"
"ytwfcgigz93jyjv","Hong Kong"
"ytxxn909","China"
"yu01vi","Japan"
"yu2beer","Japan"
"yu____me____","Japan"
"yu_cs20706","Japan"
"yu_ki9322","Japan"
"yu_kindlife","Japan"
"yu_onlv","Japan"
"yu_peipeipei","Japan"
"yu_xianove","Hong Kong"
"yu_yu2guitar9","Japan"
"yua_fntmkrkw","Japan"
"yua_mikami","Japan"
"yuan3054","Japan"
"yuan8028","United States"
"yuanchive","Europe"
"yuanlh324184","China"
"yuanqixiaocai_6","Korea"
"yuans365","Japan"
"yuanshan0626","United States"
"yuanwx99","China"
"yuanxx1y","Japan"
"yuany7777","United States"
"yuany_i666666","Taiwan"
"yuanyang0x0","United States"
"yuanyang_ai","Taiwan"
"yuanyuan888999","United States"
"yubao_club","Australia"
"yuccaaaa","Japan"
"yuchan2153","Japan"
"yuchen","Hong Kong"
"yucheng","United States"
"yuchenj_uw","United States"
"yuchenmax","United States"
"yuchi_manshu","Japan"
"yudai_omura","Japan"
"yudao1024","Hong Kong"
"yudeewxy","Australia"
"yudongyudong","China"
"yudu11054kurida","Japan"
"yudu_flower","Japan"
"yudyzxq_77","Japan"
"yue_ob","Japan"
"yuean124","Japan"
"yueban07","Singapore"
"yuekua027","East Asia"
"yueluminary","United States"
"yuesh5","Australia"
"yuettemezzra","Brazil"
"yuexiaoyu","Japan"
"yueya_eth","Hong Kong"
"yueyueforluis","Taiwan"
"yufei624699398","China"
"yufei_ai1","Singapore"
"yufgvvvv","United States"
"yufun114514","Japan"
"yuganguo","United States"
"yugioh_mago2","East Asia"
"yugolden1907","China"
"yugoo_rn","Germany"
"yuguan1209","Hong Kong"
"yuguangpl99","Japan"
"yugyouyanagi","Japan"
"yuh3nn","Nigeria"
"yuhan119988","United States"
"yuhang988","North America"
"yuhkaponpon","Japan"
"yuhyeon1226","East Asia"
"yui_k_youtube","Japan"
"yui_underground","Japan"
"yuichi_web55","Japan"
"yuihi_sidefire","Japan"
"yuikimura10","Japan"
"yuiten__skr","Japan"
"yuiyuisan2001","Japan"
"yujeong10777","Korea"
"yuji53719","United States"
"yuji_shon","Japan"
"yujian241119","China"
"yujian82843","East Asia"
"yujimitani2","Japan"
"yujinchancute","East Asia"
"yujuhao","United States"
"yuka_kouchan918","Japan"
"yukapero_com","Japan"
"yukari_557fd8","Japan"
"yukasasaki15176","Japan"
"yukatayam","Japan"
"yuki1129ho","Japan"
"yuki18393","Japan"
"yuki29izme","East Asia"
"yuki35199831502","United Kingdom"
"yuki__aya","Japan"
"yuki_cueball","Japan"
"yuki_hina0816","Japan"
"yuki_maze0520_","Japan"
"yuki_neko7171","Japan"
"yuki_toniq","Japan"
"yukibayashirin","Japan"
"yukichama0602","Japan"
"yukiha_stsk","Japan"
"yukikamijo_rpg","Japan"
"yukikevil1123","Canada"
"yukiko64146303","Japan"
"yukime_zyun","Brazil"
"yukiminjii","Brazil"
"yukinakahara315","Japan"
"yukinalunaa","Korea"
"yukinehimeri","Japan"
"yukineko_tenka","Japan"
"yukinochannel","Japan"
"yukinostyle8","Japan"
"yukinyan39","Japan"
"yukirabi21","Japan"
"yukitickets","Africa"
"yukitubu_meru","Japan"
"yukiya_nekozaki","Japan"
"yukiyuki1314","Japan"
"yukki_niziu","Japan"
"yukkun_1234","Japan"
"yukkunttcom","Japan"
"yukopee","Japan"
"yul2zus2","Japan"
"yulan666","North America"
"yuli53329472","Hong Kong"
"yuli72216754","Singapore"
"yulin807","Europe"
"yulk45","Japan"
"yulmu_coffee","Korea"
"yuma_r_g","Japan"
"yumamiru_3","Japan"
"yume335","Japan"
"yume33550336","Japan"
"yume9672","United States"
"yumekawii_s2","Japan"
"yumen_7","Japan"
"yumenakinemuri","Japan"
"yumeneko9999","Japan"
"yumeno0423","Japan"
"yumeno_tochu44","Japan"
"yumenohyouka","Japan"
"yumesaki_philia","Japan"
"yumesakikanade1","Japan"
"yumetakaoswn","Japan"
"yuminai","United States"
"yun_725__","Japan"
"yuna_s5629","Japan"
"yunaegis","Southeast Asia"
"yunako_ko_kan","Japan"
"yunariowo","Japan"
"yunbiyun","Hong Kong"
"yundang0702","Korea"
"yunee2000","United Kingdom"
"yunekodiet","Japan"
"yunerfr","France"
"yunfan716","Hong Kong"
"yungreal69","Belgium"
"yuniha_yururun","Japan"
"yunjiu","Japan"
"yunknkn2","United States"
"yunlai30","Hong Kong"
"yunmao1988","China"
"yunmengyunmeng","East Asia"
"yunn260414","Singapore"
"yuno02_aiart","Japan"
"yunple80","Singapore"
"yuntian9999","United States"
"yunustep","Turkey"
"yunyunyun1117","Japan"
"yunzhao9707","China"
"yupaopao0","Japan"
"yupi996","United States"
"yupvue","United States"
"yuqiyong","China"
"yuqun2015","Southeast Asia"
"yurang_min","Korea"
"yuri_0607ran","Japan"
"yuri_fk_23","Japan"
"yuri_ftb_1122","Japan"
"yuri_pyosu","East Asia"
"yuri_truther_","United States"
"yuric_ori","East Asia"
"yurihealth","Japan"
"yurina_sakura2","Japan"
"yurine306","Japan"
"yurisaiko152","Japan"
"yuro_web3","South Asia"
"yuru_verse","Japan"
"yurufurari","Japan"
"yuruneko168","Japan"
"yuruneko47","Japan"
"yururitokenbutu","Japan"
"yurutabi0gooo0","Japan"
"yuruverse_en","Japan"
"yuse_misa","Japan"
"yushanshan1123","Japan"
"yusufalikuscuu","Turkey"
"yusuffazeez1","Nigeria"
"yusufkorkmpveh","United States"
"yusufkorkmyigs","Turkey"
"yusuftekintjxb","Turkey"
"yusuke02ba","Japan"
"yusun2493614424","Hong Kong"
"yusurayura9","Japan"
"yutakaseiko","Japan"
"yutakoba_fcepat","Japan"
"yutao56666761","United States"
"yutapon_edu","Japan"
"yutaro_ignition","Japan"
"yutaro_osawa","Japan"
"yutazack","Japan"
"yutianhorizon","China"
"yuto_aka1202","Japan"
"yutori_gorilla","Japan"
"yutospitube","Japan"
"yutoxtakahashi","Japan"
"yutws117_a","Japan"
"yuu19890525","Japan"
"yuu7lily","Japan"
"yuu_insight","Japan"
"yuu_pharm_con","Japan"
"yuu_san__hello","Japan"
"yuu_uous2","Korea"
"yuucharu151424","Japan"
"yuue_hkdk","Japan"
"yuugami0213","East Asia"
"yuugiri0901","United States"
"yuugure222","Japan"
"yuuiyay","Singapore"
"yuujuufudann","Japan"
"yuukadd","Japan"
"yuuko0630y","Japan"
"yuulang1117","Korea"
"yuumi_lvly","Japan"
"yuumom","Japan"
"yuusea0817","East Asia"
"yuushitessen83","Japan"
"yuuta_tanaka88","Japan"
"yuuta_yoa_s","East Asia"
"yuuth7662","Japan"
"yuuttyryusei","Japan"
"yuuu__g01","Japan"
"yuuupp0823","Japan"
"yuuya_00402","Japan"
"yuuyuu0322","Japan"
"yuweimao0721","Europe"
"yuwenmewo","Australia"
"yuxia14","United Kingdom"
"yuxiaobab","Japan"
"yuxiaoman6","Japan"
"yuxin326","Japan"
"yuxiyou","Singapore"
"yuxluk","Brazil"
"yuxu87","Hong Kong"
"yuxun001","Taiwan"
"yuyu27854512287","China"
"yuyu_22259","Japan"
"yuyu_mare_","Japan"
"yuyu_tv01","Germany"
"yuyuaneth","Hong Kong"
"yuyuba1720964","Hong Kong"
"yuyucos_0104","Japan"
"yuyuyuyumee","Japan"
"yuyuyuyuyuyu_ya","Japan"
"yuyy614893671","United States"
"yuzaqxsw","Japan"
"yuzhang53171173","Hong Kong"
"yuzi876039","Japan"
"yuzizai","Japan"
"yuzu_mitako","Singapore"
"yuzu_tobz","Japan"
"yuzuchhhcs_","Japan"
"yuzuki2940","Japan"
"yuzupico7216","Japan"
"yv_thorne","United Kingdom"
"yvchengshanren","East Asia"
"yvesynwa","Nigeria"
"yvetteabey5qa","Brazil"
"yvonneorji","United States"
"ywoenqqexabngra","Korea"
"ywol25","Korea"
"ywpnc1hfrqdp4w3","Japan"
"ywse0","Korea"
"ywweb3","Taiwan"
"ywxkst","Japan"
"yx53834975","United States"
"yx_labels","Japan"
"yxdegg","Hong Kong"
"yxgwjp1","East Asia"
"yxhi0515","Japan"
"yxl44","Taiwan"
"yxnh8023","Singapore"
"yxsebastian","Viet Nam"
"yxsvtsrwtgxe7t","United States"
"yxxxyyyxxxy","Japan"
"yxy4407","China"
"yxzrainy","Sweden"
"yy825200h","China"
"yy8888ii","United States"
"yyds123888","Hong Kong"
"yyds5208","Taiwan"
"yyds76013893","Singapore"
"yydsgzh888","Hong Kong"
"yyj199946","United States"
"yyjjjb","Hong Kong"
"yylx_io","Japan"
"yyoko5","Japan"
"yyonachon","East Asia"
"yys921314","United States"
"yyss8n","Japan"
"yytomato690","Japan"
"yyu102812","Japan"
"yyun595921","China"
"yyuntng177680","United States"
"yyuzu_027","Japan"
"yyv888","United States"
"yyyole","United States"
"yyyyyy844975","China"
"yyzkk60","Japan"
"yyzzy_diamond","Hong Kong"
"yzeguccxa0jbzs7","Japan"
"yzhlyui","Germany"
"yzhnzhn1154552","China"
"yzil128291","China"
"yzk_toritori","Japan"
"yztrr1","United States"
"yzujia46305","Hong Kong"
"yzyparry","United States"
"z0072024","United States"
"z0kpju7v7qwl5ka","Japan"
"z1031111","Japan"
"z188075","Taiwan"
"z23751391","Hong Kong"
"z2810358647","Taiwan"
"z304hchfespycc5","Taiwan"
"z32188964","United States"
"z32zx","Japan"
"z357z357","Hong Kong"
"z3n0h","United States"
"z3rof31","East Asia"
"z3uocm","Japan"
"z4riyuh","Philippines"
"z65696479","Austria"
"z77085650","Netherlands"
"z80kx","Germany"
"z998877_","United States"
"z9maiwwdfjas8rr","Japan"
"z__2929","Saudi Arabia"
"z_derain","United States"
"z_rex2017","Hong Kong"
"z_wtnb","Japan"
"za_n","Japan"
"zaa0106sa","Japan"
"zabens200080378","Japan"
"zachary_haha","United States"
"zacharyreyjg65","Turkey"
"zackmaiden","United States"
"zaemixx","East Asia"
"zafervarol55","United States"
"zafir_dave","Viet Nam"
"zahid92422","Saudi Arabia"
"zai_su3928","China"
"zaifuw19238","Japan"
"zainab_fatemabd","Bangladesh"
"zaitakuengineer","Japan"
"zaj777i","Saudi Arabia"
"zakacorn","Taiwan"
"zakininafx","Japan"
"zakinino10","Algeria"
"zakusm17","Japan"
"zanafegettd34h","Italy"
"zanditk","Indonesia"
"zandyor","North Africa"
"zane_os","East Asia"
"zanewade9","United States"
"zanezhz","United States"
"zangart90","Viet Nam"
"zanlogan198904","China"
"zara_malxmix","United States"
"zarame_desu","Japan"
"zaru_hoon","Pakistan"
"zasakt09","Japan"
"zatli1992","East Asia"
"zatrzpew","Hong Kong"
"zaxis_toroinkm","Japan"
"zaydenftrnu","United States"
"zaydentsui","Hong Kong"
"zayfundsdeals","United States"
"zaynbaozige","Southeast Asia"
"zaynhao","Japan"
"zazaa_73","Japan"
"zbalpha","Taiwan"
"zbc2008","Hong Kong"
"zbqcw","Japan"
"zbu_be","Japan"
"zcb845","Hong Kong"
"zccchh1","Taiwan"
"zcdcgw6e9jrk4zo","Japan"
"zcddll","Singapore"
"zchrhrhr","Singapore"
"zcjlj18082","Japan"
"zckblonger","Hong Kong"
"zcsq168","Hong Kong"
"zdbshs","United States"
"zdetong","United States"
"zdx1450190","Japan"
"ze3ui","Japan"
"ze_meneguello","Brazil"
"zeafox01","Japan"
"zebulgar","United States"
"zebwv384","United States"
"zec1127","Taiwan"
"zechen_ethan","Japan"
"zeeekjun","United States"
"zeekarkham","United States"
"zeekay911","Hong Kong"
"zeenjeek","United Kingdom"
"zeeze190","Nigeria"
"zefeng0618","Korea"
"zehaohuangbfbc","Taiwan"
"zehinioyobazu97","Japan"
"zeke2021open","Japan"
"zeknvu","United States"
"zeldaskski","Japan"
"zeliangcha48039","Hong Kong"
"zelmavidana","United States"
"zeluoce126","Hong Kong"
"zen_9898","United States"
"zen_with_ai","United States"
"zeng65292940","United States"
"zenghui1898","Hong Kong"
"zengjiang888","Taiwan"
"zengluojun1","United States"
"zengwuy","United States"
"zengxiaomang","Singapore"
"zenithteslon","Korea"
"zenkokutenkin","Japan"
"zennie_0612","Korea"
"zeno_oo_","Korea"
"zenoofturtle","Hong Kong"
"zephyr_z9","North America"
"zephyrtrading","East Asia"
"zepump","Hong Kong"
"zera02152887","Japan"
"zero85350111","Japan"
"zero85__","Brazil"
"zeroagent1994","United States"
"zeroandzeroooo","Canada"
"zerodmsion","Europe"
"zerokouga","Japan"
"zerolei12327","Malaysia"
"zeroo0oozero","Japan"
"zeroonearch","East Asia"
"zeroroad84","Korea"
"zeroz_jq","United States"
"zesee","France"
"zesenhuang","United States"
"zestag","France"
"zetsubouseisou","Japan"
"zettaisaizen1_","Japan"
"zettaisyo_jo","Japan"
"zeusky9","Japan"
"zeyanjie","Hong Kong"
"zeynepavcitkyy","Turkey"
"zeynepdemiq8ok","United States"
"zeynepkorkjaxb","United States"
"zezexara10","Pakistan"
"zf_lab","Hong Kong"
"zfb123456","Hong Kong"
"zfbjfvy","Japan"
"zfbtcyyds","Malaysia"
"zfcbtc","United States"
"zfcol23346183","Haiti"
"zff3141","China"
"zg18769780288","China"
"zgjncw2024","Japan"
"zgorvin","Japan"
"zgsd_xbs","United States"
"zh66778899","China"
"zh7__z","Japan"
"zh_crypto517","Hong Kong"
"zh_hong43746","United States"
"zh_srk","Pakistan"
"zha_nad20502","Spain"
"zhahahui101","Australia"
"zhaiwq","Hong Kong"
"zhang_baoqing","United States"
"zhang_jia93127","Hong Kong"
"zhang_memecoin","Hong Kong"
"zhang_weig73947","United States"
"zhangalfred","Singapore"
"zhangalicefr","United States"
"zhangbo122333","Singapore"
"zhangdajun","United States"
"zhangdaqucunhua","Taiwan"
"zhangdelong5569","Taiwan"
"zhangdyang","China"
"zhangguoren_123","Macao"
"zhanghedongya","North America"
"zhanghui39777","China"
"zhangjake11","East Asia"
"zhangji36220880","United States"
"zhangjiajing3","United States"
"zhangjinxu666","Singapore"
"zhangjun027","United States"
"zhangqingd","United States"
"zhangru83864846","Taiwan"
"zhangruoxi77","Hong Kong"
"zhangsanax","East Asia"
"zhangsanf888","Japan"
"zhangshan143","Australia"
"zhangshuai16888","Canada"
"zhangtingt5977","Hong Kong"
"zhangxi91353665","China"
"zhangxiaoqi1118","China"
"zhangxukun_top","East Asia"
"zhangxx1x","United States"
"zhangyian147","East Asia"
"zhangyjthink","India"
"zhangyunjin700","China"
"zhanquan125143","United States"
"zhanweic","Japan"
"zhao_p42510","Germany"
"zhaodatagrowth","East Asia"
"zhaoge168168","Brazil"
"zhaoke92","United States"
"zhaoliu187434","Hong Kong"
"zhaosanduo","Taiwan"
"zhaosj3150","United States"
"zhaoxiaohui515","China"
"zhaoyan1997","United States"
"zhaozheng527518","United States"
"zhc0503","Hong Kong"
"zhcnbnb","Hong Kong"
"zheng_yunh2429","Hong Kong"
"zhengchu5","Hong Kong"
"zhengdangshi","Hong Kong"
"zhengdao122521","Japan"
"zhengguancn","United States"
"zhenghang198918","Hong Kong"
"zhengran131419","Singapore"
"zhengshanh23149","United States"
"zhenguol89375","Taiwan"
"zhengvicto44378","Korea"
"zhengx415","United States"
"zhengxiaoy69124","France"
"zhengyi75","Japan"
"zhenmajiajia","Singapore"
"zhenxin0211","Japan"
"zhenyugeng83507","Germany"
"zhenzhen779","United States"
"zhenzhendaye","Hong Kong"
"zhenzhoup9fb","Japan"
"zhexiashufule","Hong Kong"
"zhezhi_qwq","East Asia"
"zhffrog003","Japan"
"zhhcsasp","United States"
"zhhhh93541821","China"
"zhi1923","China"
"zhi_qiang52013","United States"
"zhidawang219555","North America"
"zhifajib","Indonesia"
"zhigu","United States"
"zhihongdaoren1","Korea"
"zhihui999","United States"
"zhiliangzhi5258","Hong Kong"
"zhiliaomatters","United States"
"zhimazhusilema","Japan"
"zhinarencs8964","North America"
"zhishiai6","United States"
"zhixianio","Japan"
"zhiyebanzhuan","United States"
"zhizhuxia22","Hong Kong"
"zhjishyngxn2","Hong Kong"
"zhlcxxx","Hong Kong"
"zhmasud","Bangladesh"
"zhng116988","East Asia"
"zhng143308","Japan"
"zhngbyo450685","United States"
"zhngcng39446888","Germany"
"zhngjing372508","Singapore"
"zhngkn1987","China"
"zhngkn414984690","Japan"
"zhngll792826","China"
"zhngs23903","China"
"zhngxuyu","Japan"
"zhngyn875834725","China"
"zhngyoxin553603","China"
"zhngzhf68389939","China"
"zhngzhngtinle","Japan"
"zhngzhoy16","Hong Kong"
"zho66543481364","Singapore"
"zhodonx","Africa"
"zhoguwn2782184","Hong Kong"
"zhong30958","United States"
"zhong4185470766","Hong Kong"
"zhongbencong678","Hong Kong"
"zhongguolongyao","China"
"zhongguomei666","Singapore"
"zhongguoxiangs1","China"
"zhongjiezhex","North America"
"zhongrichard","Taiwan"
"zhongtiansee","United States"
"zhongweiwe","Taiwan"
"zhongxiangwang6","China"
"zhongyz21730","United States"
"zhou20131125","United States"
"zhou379825","United States"
"zhoujunhong2024","United States"
"zhoukkb","East Asia"
"zhouluobo","United States"
"zhoupanjjp","Saudi Arabia"
"zhourong0088","North America"
"zhousheng6688","United States"
"zhousq96","Hong Kong"
"zhousteven75612","Hong Kong"
"zhouyisummerbi","Hong Kong"
"zhouyuyang001","East Asia"
"zhouzhaofeng5","Singapore"
"zhouzhou28ep","Taiwan"
"zhoyun8822","China"
"zhozhnfi193916","East Asia"
"zhpdd39772361","Hong Kong"
"zhss1996","China"
"zhu0588","United States"
"zhu07222","Hong Kong"
"zhu48248","China"
"zhuahua1","Hong Kong"
"zhuanfgghjnb","Hong Kong"
"zhuanggev99","Japan"
"zhubingge","Japan"
"zhuchng175368","Viet Nam"
"zhuifei008","Hong Kong"
"zhuilong888","Hong Kong"
"zhulin968","United States"
"zhuliyeye","China"
"zhuoxingyu","United States"
"zhuque420510","United States"
"zhuweisha2","Singapore"
"zhuwushung5658","Japan"
"zhuxiuyuan","Japan"
"zhuyu68078","Japan"
"zhuzhu224","Japan"
"zhuzhu26407","East Asia"
"zhwilliam3","United States"
"zhyhmi","East Asia"
"zhyn1020","United States"
"zi_feng8616","China"
"zi_liu13664","China"
"zi_qing17233","China"
"zianovee","Spain"
"zibo202308","Taiwan"
"zicheng0101","Hong Kong"
"zifeiyu017","Hong Kong"
"ziffykat","United States"
"zihniyl67412331","Japan"
"ziiyuuaan","Singapore"
"zikokoteikan_","Japan"
"ziliao_shuju","Hong Kong"
"zilliqa","India"
"zilsezin","Taiwan"
"zilurihm","United States"
"zimo1412","Hong Kong"
"zindagibassapni","Europe"
"zinguziki_youdo","Japan"
"ziniueth","Hong Kong"
"zinton4","Singapore"
"zippy257","Viet Nam"
"zirongf888","Japan"
"zixuanli_","United States"
"ziyang39499","Japan"
"ziyang__8964","East Asia"
"ziye6c","Japan"
"zizon","Singapore"
"zj130331","United States"
"zj1_ee","Japan"
"zjb100888","Hong Kong"
"zjgerd","United States"
"zjinlei9051","East Asia"
"zjliang4","Japan"
"zjnnb3","Japan"
"zjuter123","China"
"zjvip666","United Kingdom"
"zk4dnw","Southeast Asia"
"zk7vqeysh2ij5yd","Japan"
"zkgoudan","Japan"
"zkjays","France"
"zkpass","East Asia"
"zkq172839","Japan"
"zkwmal_","Japan"
"zl0007","Singapore"
"zldr114514","East Asia"
"zlee2cd","United States"
"zleee","Japan"
"zling1212","China"
"zljfish66829","China"
"zlmy888888","United States"
"zls0910","Singapore"
"zlwwknpesoze5d","United States"
"zlz180152","Singapore"
"zm2123","Japan"
"zm6kb1","Romania"
"zmdsb259414","United States"
"zmrfkjincxqrlv","United States"
"zmswyandgyyfpm","United States"
"zmt7skqe6gf4d5l","Japan"
"zmuzmu_xijxij","Korea"
"zmwx981tbr1n9ct","Japan"
"zn666888","Japan"
"znascimentu","Brazil"
"zncook","United States"
"znext_official","Japan"
"znjygo","North America"
"znyxlol","Brazil"
"zoa32337188394","Japan"
"zoan37","United States"
"zobor123","Singapore"
"zoey50886425819","China"
"zoeye7w4","China"
"zojirushi_jpn","Japan"
"zombiexxxrawr","United States"
"zomi1023","Japan"
"zonathenha4y","United States"
"zondar_k","Taiwan"
"zong32078wuw3","North America"
"zonquicketh","Singapore"
"zoojoo_art","Taiwan"
"zoomdara_online","Thailand"
"zooolander11","West Asia"
"zorvialux","Pakistan"
"zosam233713","Germany"
"zoselicy","Japan"
"zouyinxyz","Japan"
"zoviki00","Philippines"
"zovo_12","Korea"
"zpboqvj0vqgamu9","Japan"
"zpeng16325","Hong Kong"
"zphantard","United States"
"zpiux44945619","Haiti"
"zplusai","Japan"
"zpmony","Korea"
"zpzhou163com1","Taiwan"
"zqgcnaxnh3rwyup","Japan"
"zqgydlepq8etuwz","Japan"
"zqtlovekris99","Japan"
"zqtq_cos","East Asia"
"zrainbo","United States"
"zryan446094876","China"
"zs_josh","United States"
"zsd1255982460","Hong Kong"
"zsf11221","Hong Kong"
"zsylxq","Hong Kong"
"zt0014sv__","Korea"
"ztb8888","United States"
"ztjo0loshb74522","Japan"
"ztt15226","China"
"ztx999btc","Hong Kong"
"ztz585266","North America"
"zu35514782","Japan"
"zu__cw7","Japan"
"zubapittan","Japan"
"zuckszzx","Brazil"
"zukarinkitaki","Mexico"
"zukky819","Japan"
"zukmaaa","Indonesia"
"zumi_kan","Japan"
"zunhan91764","Hong Kong"
"zuola","Taiwan"
"zuorinandang","United States"
"zupb8cvtk2ykjtg","Korea"
"zurizuriunited1","Japan"
"zuuvj55nax2653","Japan"
"zuxio782757","United States"
"zuzu0966","Viet Nam"
"zv_org","United States"
"zvawt5lksc2n1c7","Japan"
"zvt1238248","Singapore"
"zw2867759575009","Japan"
"zwbsj163com1","China"
"zwffymlz","China"
"zwh3388","Japan"
"zx24785960","Japan"
"zx875630","Taiwan"
"zx_hey","Japan"
"zxnq1023","Japan"
"zxyeth","Hong Kong"
"zy8899zy88991","Japan"
"zy9286183155131","North America"
"zyad38006382","Egypt"
"zyaga_02","Japan"
"zyc9431","Singapore"
"zycbat888","Singapore"
"zyh01123","Japan"
"zymz88","North America"
"zyrellix","Pakistan"
"zys888eth","Hong Kong"
"zysj2hh","Japan"
"zythbtc","Singapore"
"zytx666","Taiwan"
"zyy2425","Japan"
"zz19708060","Taiwan"
"zzetto__4","Korea"
"zzhfangirl_dnd","Canada"
"zzhou1688","United States"
"zzhouovo0424","Canada"
"zzhsjsn477","Poland"
"zziklog","Korea"
"zzjrjlxacriepe","United States"
"zzmaryy_","Brazil"
"zzmkzz18","Japan"
"zzoda0229","Korea"
"zzring21218","Korea"
"zzsz888","Japan"
"zzw15178073520","United States"
"zzwinwinwin","East Asia"
"zzxba5","Korea"
"zzxy789","United States"
"zzyxbt","Japan"
"zzz10977456","United States"
"zzz_otori","Japan"
"zzz_zephyr0326","Japan"
"zzzeee999111","Hong Kong"
"zzziamamizzz2","Japan"
"zzzmariahh","Brazil"
"zzzo66zz","Japan"
"zzzzzzizzzzzon","Korea"